{
    "data": [
        46.88660575487723,
        7.273324590111151,
        6.232372884674779,
        2.1976185898464897,
        0.9041299358014138,
        0.40743904534842956,
        0.19896611570296754,
        0.10322743361471351,
        0.06378020637082041,
        0.030642614834851856,
        0.015462007495255763,
        0.008012493512148075,
        0.004345733667630123,
        0.002282712410508949,
        0.0030198423286948916
    ],
    "SM": [
        46.6384177627363,
        7.36751656452855,
        6.253226917780813,
        2.2422684993115873,
        0.9203466855058059,
        0.4090608838488947,
        0.19888226515431023,
        0.10491646516404689,
        0.06563602518633181,
        0.03108287299032102,
        0.016139894791585317,
        0.008328116660264505,
        0.0045723480661745254,
        0.0025369031905349195,
        0.0033979989188504087
    ],
    "bin-edges": [
        500,
        700,
        800,
        1000,
        1200,
        1400,
        1600,
        1800,
        2000,
        2250,
        2500,
        2750,
        3000,
        3250,
        3500,
        1000000000
    ]
}