{
    "data": [
        46.4881055246447,
        7.279341934987752,
        6.265343770796753,
        2.227830154443541,
        0.9006472605655732,
        0.41303298813750183,
        0.1966269179102684,
        0.10022127871237935,
        0.06214440889549929,
        0.03029667285518112,
        0.015187586133008135,
        0.00794173376681162,
        0.004187360966349966,
        0.002355679532837786,
        0.0029026182106139274
    ],
    "SM": [
        46.6384177627363,
        7.36751656452855,
        6.253226917780813,
        2.2422684993115873,
        0.9203466855058059,
        0.4090608838488947,
        0.19888226515431023,
        0.10491646516404689,
        0.06563602518633181,
        0.03108287299032102,
        0.016139894791585317,
        0.008328116660264505,
        0.0045723480661745254,
        0.0025369031905349195,
        0.0033979989188504087
    ],
    "bin-edges": [
        500,
        700,
        800,
        1000,
        1200,
        1400,
        1600,
        1800,
        2000,
        2250,
        2500,
        2750,
        3000,
        3250,
        3500,
        1000000000
    ]
}