{
    "data": [
        46.36500931572128,
        7.326818063475123,
        6.19863828831282,
        2.208814775825474,
        0.9135720385742967,
        0.40631691472840575,
        0.1950747793217057,
        0.0979020061610129,
        0.06372780838474594,
        0.02975059191303106,
        0.015027467370531797,
        0.007649346949407768,
        0.00399800332358663,
        0.002158096336220282,
        0.02579132278592506
    ],
    "SM": [
        46.6384177627363,
        7.36751656452855,
        6.253226917780813,
        2.2422684993115873,
        0.9203466855058059,
        0.4090608838488947,
        0.19888226515431023,
        0.10491646516404689,
        0.06563602518633181,
        0.03108287299032102,
        0.016139894791585317,
        0.008328116660264505,
        0.0045723480661745254,
        0.0025369031905349195,
        0.0033979989188504087
    ],
    "bin-edges": [
        500,
        700,
        800,
        1000,
        1200,
        1400,
        1600,
        1800,
        2000,
        2250,
        2500,
        2750,
        3000,
        3250,
        3500,
        1000000000
    ]
}