{
    "data": [
        46.731938305682824,
        7.103303234633993,
        6.23621266041801,
        2.209513075185146,
        0.8956974746602737,
        0.4001075433553501,
        0.19341697746763467,
        0.09901342254672081,
        0.06123863873896713,
        0.029676975208910022,
        0.014609249820699156,
        0.007660627610730766,
        0.003976272945100776,
        0.0021506179692566316,
        0.0029441297749970763
    ],
    "SM": [
        46.6384177627363,
        7.36751656452855,
        6.253226917780813,
        2.2422684993115873,
        0.9203466855058059,
        0.4090608838488947,
        0.19888226515431023,
        0.10491646516404689,
        0.06563602518633181,
        0.03108287299032102,
        0.016139894791585317,
        0.008328116660264505,
        0.0045723480661745254,
        0.0025369031905349195,
        0.0033979989188504087
    ],
    "bin-edges": [
        500,
        700,
        800,
        1000,
        1200,
        1400,
        1600,
        1800,
        2000,
        2250,
        2500,
        2750,
        3000,
        3250,
        3500,
        1000000000
    ]
}