{
    "data": [
        53.92733476759755,
        10.653925327175056,
        3.069696145609961,
        1.0593268757074807,
        0.4218507094880298,
        0.18277953989798942,
        0.08557367937251743,
        0.041743123711250045,
        0.021602021905749863,
        0.01112425087024991,
        0.006156278046700331,
        0.0035322792931751527,
        0.004458608054973674
    ],
    "SM": [
        53.652560000020394,
        10.747602000002486,
        3.0560320000016246,
        1.064060799999981,
        0.4234996142651021,
        0.1818024857349894,
        0.08627901177553082,
        0.041608058224499686,
        0.021606181808105855,
        0.011537217191901924,
        0.006264808570800991,
        0.003459900428400377,
        0.0047046035808007425
    ],
    "bin-edges": [
        500,
        750,
        1000,
        1250,
        1500,
        1750,
        2000,
        2250,
        2500,
        2750,
        3000,
        3250,
        3500,
        1000000000
    ]
}