{
    "data": [
        60.938877173906974,
        2.2246379581129294,
        0.9145175358111689,
        0.41234617055521666,
        0.19951195859175053,
        0.10349873240682145,
        0.06537109838401266,
        0.03157388714589687,
        0.015936104766558472,
        0.008377785844625415,
        0.0044868280329588275,
        0.0024810213155676097,
        0.003285022446596411
    ],
    "SM": [
        60.25916124504478,
        2.2422684993115873,
        0.9203466855058059,
        0.4090608838488947,
        0.19888226515431023,
        0.10491646516404689,
        0.06563602518633181,
        0.03108287299032102,
        0.016139894791585317,
        0.008328116660264505,
        0.0045723480661745254,
        0.0025369031905349195,
        0.0033979989188504087
    ],
    "bin-edges": [
        500,
        1000,
        1200,
        1400,
        1600,
        1800,
        2000,
        2250,
        2500,
        2750,
        3000,
        3250,
        3500,
        1000000000
    ]
}