{
    "data": [
        46.75832843866015,
        7.110164361666123,
        6.244644476739027,
        2.2140693796759656,
        0.898319802861571,
        0.40169681193483425,
        0.19440620072624665,
        0.09964921121210946,
        0.06175564263345983,
        0.029996240095931857,
        0.014807084990859688,
        0.007790036539723344,
        0.004058777617525663,
        0.0022053626348426257,
        0.002991979729975561
    ],
    "SM": [
        46.6384177627363,
        7.36751656452855,
        6.253226917780813,
        2.2422684993115873,
        0.9203466855058059,
        0.4090608838488947,
        0.19888226515431023,
        0.10491646516404689,
        0.06563602518633181,
        0.03108287299032102,
        0.016139894791585317,
        0.008328116660264505,
        0.0045723480661745254,
        0.0025369031905349195,
        0.0033979989188504087
    ],
    "bin-edges": [
        500,
        700,
        800,
        1000,
        1200,
        1400,
        1600,
        1800,
        2000,
        2250,
        2500,
        2750,
        3000,
        3250,
        3500,
        1000000000
    ]
}