{
    "data": [
        60.79141521553961,
        2.227644171999293,
        0.9078958705472395,
        0.4078533245669507,
        0.20198700715569198,
        0.10086424036511846,
        0.06316245726033626,
        0.030462989655972005,
        0.015334986749551463,
        0.008035726184297952,
        0.00426287475800999,
        0.0022702647474172034,
        0.003890999568072622
    ],
    "SM": [
        60.25916124504478,
        2.2422684993115873,
        0.9203466855058059,
        0.4090608838488947,
        0.19888226515431023,
        0.10491646516404689,
        0.06563602518633181,
        0.03108287299032102,
        0.016139894791585317,
        0.008328116660264505,
        0.0045723480661745254,
        0.0025369031905349195,
        0.0033979989188504087
    ],
    "bin-edges": [
        500,
        1000,
        1200,
        1400,
        1600,
        1800,
        2000,
        2250,
        2500,
        2750,
        3000,
        3250,
        3500,
        1000000000
    ]
}