{
    "data": [
        46.966269971072435,
        7.392104419064456,
        6.144994394502928,
        2.228167913461333,
        0.9180666524782944,
        0.40921097490403413,
        0.1997389617397889,
        0.10629965522432093,
        0.06598635758335178,
        0.03170917887415603,
        0.01623425496013042,
        0.008415402057491533,
        0.004543699127332448,
        0.002519279254172694,
        0.0033998284485004526
    ],
    "SM": [
        46.6384177627363,
        7.36751656452855,
        6.253226917780813,
        2.2422684993115873,
        0.9203466855058059,
        0.4090608838488947,
        0.19888226515431023,
        0.10491646516404689,
        0.06563602518633181,
        0.03108287299032102,
        0.016139894791585317,
        0.008328116660264505,
        0.0045723480661745254,
        0.0025369031905349195,
        0.0033979989188504087
    ],
    "bin-edges": [
        500,
        700,
        800,
        1000,
        1200,
        1400,
        1600,
        1800,
        2000,
        2250,
        2500,
        2750,
        3000,
        3250,
        3500,
        1000000000
    ]
}