{
    "data": [
        46.84715419133971,
        7.451824232071649,
        6.178773354260266,
        2.227327458823926,
        0.9087983574405192,
        0.4190515055907033,
        0.19900564058367481,
        0.10508871680481195,
        0.06659751769895006,
        0.031521881901705524,
        0.016384665911503594,
        0.008530120457253005,
        0.00461436152850135,
        0.002545455960876885,
        0.0033585440140856005
    ],
    "SM": [
        46.6384177627363,
        7.36751656452855,
        6.253226917780813,
        2.2422684993115873,
        0.9203466855058059,
        0.4090608838488947,
        0.19888226515431023,
        0.10491646516404689,
        0.06563602518633181,
        0.03108287299032102,
        0.016139894791585317,
        0.008328116660264505,
        0.0045723480661745254,
        0.0025369031905349195,
        0.0033979989188504087
    ],
    "bin-edges": [
        500,
        700,
        800,
        1000,
        1200,
        1400,
        1600,
        1800,
        2000,
        2250,
        2500,
        2750,
        3000,
        3250,
        3500,
        1000000000
    ]
}