{
    "data": [
        46.95938167445935,
        7.390280694890106,
        6.142834233584481,
        2.2269992141706054,
        0.9173680057966257,
        0.40879139112176993,
        0.19947397085167026,
        0.10612220736613193,
        0.06584470481919266,
        0.03162179044445308,
        0.016178433872267604,
        0.008378946020736466,
        0.00451966500151094,
        0.00250318883486349,
        0.003377681987917763
    ],
    "SM": [
        46.6384177627363,
        7.36751656452855,
        6.253226917780813,
        2.2422684993115873,
        0.9203466855058059,
        0.4090608838488947,
        0.19888226515431023,
        0.10491646516404689,
        0.06563602518633181,
        0.03108287299032102,
        0.016139894791585317,
        0.008328116660264505,
        0.0045723480661745254,
        0.0025369031905349195,
        0.0033979989188504087
    ],
    "bin-edges": [
        500,
        700,
        800,
        1000,
        1200,
        1400,
        1600,
        1800,
        2000,
        2250,
        2500,
        2750,
        3000,
        3250,
        3500,
        1000000000
    ]
}