{
    "data": [
        60.99361837202409,
        2.230559314026354,
        0.9179208233638569,
        0.4144075060038915,
        0.20083332787390326,
        0.10433991513816306,
        0.06604926875775997,
        0.03198353888718186,
        0.016195548432723975,
        0.008541618727423405,
        0.004591659914010971,
        0.002550388187494596,
        0.0034219912270903844
    ],
    "SM": [
        60.25916124504478,
        2.2422684993115873,
        0.9203466855058059,
        0.4090608838488947,
        0.19888226515431023,
        0.10491646516404689,
        0.06563602518633181,
        0.03108287299032102,
        0.016139894791585317,
        0.008328116660264505,
        0.0045723480661745254,
        0.0025369031905349195,
        0.0033979989188504087
    ],
    "bin-edges": [
        500,
        1000,
        1200,
        1400,
        1600,
        1800,
        2000,
        2250,
        2500,
        2750,
        3000,
        3250,
        3500,
        1000000000
    ]
}