{
    "data": [
        47.381627982683085,
        7.458600990321689,
        6.223575573157256,
        2.237172508574596,
        0.9126764675204907,
        0.4173566858866327,
        0.20251198898515185,
        0.10283059789070896,
        0.06573255757082849,
        0.03168253431043089,
        0.016221748283426908,
        0.008328016389752016,
        0.004703186422163942,
        0.0025222368524525475,
        0.0034299293453709584
    ],
    "SM": [
        46.6384177627363,
        7.36751656452855,
        6.253226917780813,
        2.2422684993115873,
        0.9203466855058059,
        0.4090608838488947,
        0.19888226515431023,
        0.10491646516404689,
        0.06563602518633181,
        0.03108287299032102,
        0.016139894791585317,
        0.008328116660264505,
        0.0045723480661745254,
        0.0025369031905349195,
        0.0033979989188504087
    ],
    "bin-edges": [
        500,
        700,
        800,
        1000,
        1200,
        1400,
        1600,
        1800,
        2000,
        2250,
        2500,
        2750,
        3000,
        3250,
        3500,
        1000000000
    ]
}