{
    "data": [
        46.971190670811986,
        7.393407302489295,
        6.14653775242069,
        2.2290030079519516,
        0.9185659532069276,
        0.4095108867851562,
        0.19992841668543654,
        0.10642655337852373,
        0.06608769050893606,
        0.03177171743369848,
        0.016274223473382466,
        0.008441533665268664,
        0.004560930009827008,
        0.0025308242398964444,
        0.0034157433753700516
    ],
    "SM": [
        46.6384177627363,
        7.36751656452855,
        6.253226917780813,
        2.2422684993115873,
        0.9203466855058059,
        0.4090608838488947,
        0.19888226515431023,
        0.10491646516404689,
        0.06563602518633181,
        0.03108287299032102,
        0.016139894791585317,
        0.008328116660264505,
        0.0045723480661745254,
        0.0025369031905349195,
        0.0033979989188504087
    ],
    "bin-edges": [
        500,
        700,
        800,
        1000,
        1200,
        1400,
        1600,
        1800,
        2000,
        2250,
        2500,
        2750,
        3000,
        3250,
        3500,
        1000000000
    ]
}