{
    "data": [
        46.84135956065157,
        7.139144587842292,
        6.123531195995726,
        2.2061320652602987,
        0.887357496595872,
        0.39906075073711367,
        0.1912247175518124,
        0.09681620935530175,
        0.05960117481183323,
        0.02831373203614181,
        0.013781790334348124,
        0.006943853993493169,
        0.003502320465119349,
        0.0017974316553564797,
        0.014396078927748145
    ],
    "SM": [
        46.6384177627363,
        7.36751656452855,
        6.253226917780813,
        2.2422684993115873,
        0.9203466855058059,
        0.4090608838488947,
        0.19888226515431023,
        0.10491646516404689,
        0.06563602518633181,
        0.03108287299032102,
        0.016139894791585317,
        0.008328116660264505,
        0.0045723480661745254,
        0.0025369031905349195,
        0.0033979989188504087
    ],
    "bin-edges": [
        500,
        700,
        800,
        1000,
        1200,
        1400,
        1600,
        1800,
        2000,
        2250,
        2500,
        2750,
        3000,
        3250,
        3500,
        1000000000
    ]
}