{
    "data": [
        60.57155058703502,
        2.2491704131445234,
        0.9046670275657009,
        0.4052098375884683,
        0.19825574394065348,
        0.10173743294221173,
        0.06354706430538638,
        0.030559004266646317,
        0.01545612841536362,
        0.007999256557437981,
        0.0042739998744173195,
        0.0023310685256213316,
        0.002986594465351464
    ],
    "SM": [
        60.25916124504478,
        2.2422684993115873,
        0.9203466855058059,
        0.4090608838488947,
        0.19888226515431023,
        0.10491646516404689,
        0.06563602518633181,
        0.03108287299032102,
        0.016139894791585317,
        0.008328116660264505,
        0.0045723480661745254,
        0.0025369031905349195,
        0.0033979989188504087
    ],
    "bin-edges": [
        500,
        1000,
        1200,
        1400,
        1600,
        1800,
        2000,
        2250,
        2500,
        2750,
        3000,
        3250,
        3500,
        1000000000
    ]
}