{
    "data": [
        53.16031791979929,
        10.341913379224996,
        2.9172327388599415,
        0.9793475415924895,
        0.3776280448417472,
        0.1574913360144912,
        0.07050055424375097,
        0.032470578790749355,
        0.015810582482225517,
        0.007635230577275045,
        0.0038682543282301325,
        0.0020387622115675434,
        0.002639258173016926
    ],
    "SM": [
        53.652560000020394,
        10.747602000002486,
        3.0560320000016246,
        1.064060799999981,
        0.4234996142651021,
        0.1818024857349894,
        0.08627901177553082,
        0.041608058224499686,
        0.021606181808105855,
        0.011537217191901924,
        0.006264808570800991,
        0.003459900428400377,
        0.0047046035808007425
    ],
    "bin-edges": [
        500,
        750,
        1000,
        1250,
        1500,
        1750,
        2000,
        2250,
        2500,
        2750,
        3000,
        3250,
        3500,
        1000000000
    ]
}