{
    "data": [
        47.08754609675561,
        7.203518063647073,
        6.203344820344602,
        2.2496674324772146,
        0.912575335485436,
        0.4143450855413596,
        0.20127009041134777,
        0.10347036757813803,
        0.06501999569896191,
        0.031643350037310725,
        0.01592475157060296,
        0.008379998672332719,
        0.0044641516349023325,
        0.002475205307796179,
        0.004736377226483285
    ],
    "SM": [
        46.6384177627363,
        7.36751656452855,
        6.253226917780813,
        2.2422684993115873,
        0.9203466855058059,
        0.4090608838488947,
        0.19888226515431023,
        0.10491646516404689,
        0.06563602518633181,
        0.03108287299032102,
        0.016139894791585317,
        0.008328116660264505,
        0.0045723480661745254,
        0.0025369031905349195,
        0.0033979989188504087
    ],
    "bin-edges": [
        500,
        700,
        800,
        1000,
        1200,
        1400,
        1600,
        1800,
        2000,
        2250,
        2500,
        2750,
        3000,
        3250,
        3500,
        1000000000
    ]
}