{
    "data": [
        60.72344540386048,
        2.2035982474825793,
        0.9067774358413503,
        0.4057024768086519,
        0.19374187139703636,
        0.100999671229684,
        0.062455705042014066,
        0.02964842464198416,
        0.014657546427981935,
        0.007648599921986053,
        0.003965059189503986,
        0.002099129780348192,
        0.00994484490537724
    ],
    "SM": [
        60.25916124504478,
        2.2422684993115873,
        0.9203466855058059,
        0.4090608838488947,
        0.19888226515431023,
        0.10491646516404689,
        0.06563602518633181,
        0.03108287299032102,
        0.016139894791585317,
        0.008328116660264505,
        0.0045723480661745254,
        0.0025369031905349195,
        0.0033979989188504087
    ],
    "bin-edges": [
        500,
        1000,
        1200,
        1400,
        1600,
        1800,
        2000,
        2250,
        2500,
        2750,
        3000,
        3250,
        3500,
        1000000000
    ]
}