{
    "data": [
        46.84047858190453,
        7.449979624407148,
        6.176692567110366,
        2.22618222826912,
        0.9081237925758271,
        0.4186329811243333,
        0.19874871014223017,
        0.10491661621986784,
        0.0664606700652675,
        0.03143956045160954,
        0.016332231667365818,
        0.008495779911773116,
        0.004592151667419016,
        0.0025306598767651203,
        0.0033302138733824517
    ],
    "SM": [
        46.6384177627363,
        7.36751656452855,
        6.253226917780813,
        2.2422684993115873,
        0.9203466855058059,
        0.4090608838488947,
        0.19888226515431023,
        0.10491646516404689,
        0.06563602518633181,
        0.03108287299032102,
        0.016139894791585317,
        0.008328116660264505,
        0.0045723480661745254,
        0.0025369031905349195,
        0.0033979989188504087
    ],
    "bin-edges": [
        500,
        700,
        800,
        1000,
        1200,
        1400,
        1600,
        1800,
        2000,
        2250,
        2500,
        2750,
        3000,
        3250,
        3500,
        1000000000
    ]
}