{
    "data": [
        46.70084838850768,
        7.591262205093898,
        6.197483090634555,
        2.257722202192043,
        0.911252173281355,
        0.4174944500603752,
        0.20080134229567836,
        0.10504775179428782,
        0.06639770314645224,
        0.03155966386187704,
        0.016372245487862758,
        0.00850453176516093,
        0.0046901735851765285,
        0.0025802210571585216,
        0.003439478563991903
    ],
    "SM": [
        46.6384177627363,
        7.36751656452855,
        6.253226917780813,
        2.2422684993115873,
        0.9203466855058059,
        0.4090608838488947,
        0.19888226515431023,
        0.10491646516404689,
        0.06563602518633181,
        0.03108287299032102,
        0.016139894791585317,
        0.008328116660264505,
        0.0045723480661745254,
        0.0025369031905349195,
        0.0033979989188504087
    ],
    "bin-edges": [
        500,
        700,
        800,
        1000,
        1200,
        1400,
        1600,
        1800,
        2000,
        2250,
        2500,
        2750,
        3000,
        3250,
        3500,
        1000000000
    ]
}