{
    "data": [
        60.75106272709337,
        2.2689722364879388,
        0.9158160145546203,
        0.41203171638738834,
        0.2025955260164289,
        0.10454509776247782,
        0.06574710098414001,
        0.03192847404626506,
        0.01630645220708316,
        0.00854137785996315,
        0.004628300641146011,
        0.002559605271740866,
        0.003435158310303399
    ],
    "SM": [
        60.25916124504478,
        2.2422684993115873,
        0.9203466855058059,
        0.4090608838488947,
        0.19888226515431023,
        0.10491646516404689,
        0.06563602518633181,
        0.03108287299032102,
        0.016139894791585317,
        0.008328116660264505,
        0.0045723480661745254,
        0.0025369031905349195,
        0.0033979989188504087
    ],
    "bin-edges": [
        500,
        1000,
        1200,
        1400,
        1600,
        1800,
        2000,
        2250,
        2500,
        2750,
        3000,
        3250,
        3500,
        1000000000
    ]
}