{
    "data": [
        60.47449715518863,
        2.228477570568178,
        0.9054853997111533,
        0.40429757299059355,
        0.19864621632554766,
        0.10161222362351705,
        0.06356553791792652,
        0.030645168036019882,
        0.015547984391586315,
        0.008042243402240528,
        0.004282419553757953,
        0.0023604417648927507,
        0.0029957102720340398
    ],
    "SM": [
        60.25916124504478,
        2.2422684993115873,
        0.9203466855058059,
        0.4090608838488947,
        0.19888226515431023,
        0.10491646516404689,
        0.06563602518633181,
        0.03108287299032102,
        0.016139894791585317,
        0.008328116660264505,
        0.0045723480661745254,
        0.0025369031905349195,
        0.0033979989188504087
    ],
    "bin-edges": [
        500,
        1000,
        1200,
        1400,
        1600,
        1800,
        2000,
        2250,
        2500,
        2750,
        3000,
        3250,
        3500,
        1000000000
    ]
}