{
    "data": [
        60.951797418968525,
        2.22603483758732,
        0.9153201145214156,
        0.4128320881197777,
        0.19982330118361347,
        0.10369682882525652,
        0.06553070076382217,
        0.03167021234933037,
        0.015997050009268796,
        0.008416228343312992,
        0.004511396178795047,
        0.002497255224043809,
        0.003316885042409812
    ],
    "SM": [
        60.25916124504478,
        2.2422684993115873,
        0.9203466855058059,
        0.4090608838488947,
        0.19888226515431023,
        0.10491646516404689,
        0.06563602518633181,
        0.03108287299032102,
        0.016139894791585317,
        0.008328116660264505,
        0.0045723480661745254,
        0.0025369031905349195,
        0.0033979989188504087
    ],
    "bin-edges": [
        500,
        1000,
        1200,
        1400,
        1600,
        1800,
        2000,
        2250,
        2500,
        2750,
        3000,
        3250,
        3500,
        1000000000
    ]
}