{
    "data": [
        46.68618460653039,
        7.098665128304765,
        6.073473705408145,
        2.1789548008116557,
        0.8717096124057012,
        0.38964586639497534,
        0.18509083162914539,
        0.09279908979872668,
        0.0563781638030601,
        0.02637619219704028,
        0.012570671426355168,
        0.006163500818075789,
        0.003010574870752186,
        0.001485298430063434,
        0.02033264187034885
    ],
    "SM": [
        46.6384177627363,
        7.36751656452855,
        6.253226917780813,
        2.2422684993115873,
        0.9203466855058059,
        0.4090608838488947,
        0.19888226515431023,
        0.10491646516404689,
        0.06563602518633181,
        0.03108287299032102,
        0.016139894791585317,
        0.008328116660264505,
        0.0045723480661745254,
        0.0025369031905349195,
        0.0033979989188504087
    ],
    "bin-edges": [
        500,
        700,
        800,
        1000,
        1200,
        1400,
        1600,
        1800,
        2000,
        2250,
        2500,
        2750,
        3000,
        3250,
        3500,
        1000000000
    ]
}