{
    "data": [
        60.827513768910656,
        2.231610933478987,
        0.9101796338571815,
        0.40925948324107847,
        0.20290320181073584,
        0.10145011214420722,
        0.06363074448902019,
        0.030753095892183946,
        0.01552274185996038,
        0.008159824189116097,
        0.004344641590686044,
        0.0023250858286119965,
        0.00378518643462209
    ],
    "SM": [
        60.25916124504478,
        2.2422684993115873,
        0.9203466855058059,
        0.4090608838488947,
        0.19888226515431023,
        0.10491646516404689,
        0.06563602518633181,
        0.03108287299032102,
        0.016139894791585317,
        0.008328116660264505,
        0.0045723480661745254,
        0.0025369031905349195,
        0.0033979989188504087
    ],
    "bin-edges": [
        500,
        1000,
        1200,
        1400,
        1600,
        1800,
        2000,
        2250,
        2500,
        2750,
        3000,
        3250,
        3500,
        1000000000
    ]
}