{
    "data": [
        60.94444311434246,
        2.244484519410455,
        0.9176010011744608,
        0.4138362153449271,
        0.20589077118072055,
        0.1033648348344895,
        0.06516574312469399,
        0.031707792974447487,
        0.016143501063009047,
        0.008572526795390431,
        0.004618477920557888,
        0.002510476628652837,
        0.003475110208775876
    ],
    "SM": [
        60.25916124504478,
        2.2422684993115873,
        0.9203466855058059,
        0.4090608838488947,
        0.19888226515431023,
        0.10491646516404689,
        0.06563602518633181,
        0.03108287299032102,
        0.016139894791585317,
        0.008328116660264505,
        0.0045723480661745254,
        0.0025369031905349195,
        0.0033979989188504087
    ],
    "bin-edges": [
        500,
        1000,
        1200,
        1400,
        1600,
        1800,
        2000,
        2250,
        2500,
        2750,
        3000,
        3250,
        3500,
        1000000000
    ]
}