{
    "data": [
        45.799911122740525,
        7.175306250129671,
        6.013065178398003,
        2.10848212191887,
        0.8535527490846592,
        0.36911981463458626,
        0.17198823511535474,
        0.08257240227895724,
        0.050938316935422556,
        0.022087256557683992,
        0.009735960028756171,
        0.0045830509536749445,
        0.002554431188163619,
        0.002580072140868816,
        0.13022575745862494
    ],
    "SM": [
        46.6384177627363,
        7.36751656452855,
        6.253226917780813,
        2.2422684993115873,
        0.9203466855058059,
        0.4090608838488947,
        0.19888226515431023,
        0.10491646516404689,
        0.06563602518633181,
        0.03108287299032102,
        0.016139894791585317,
        0.008328116660264505,
        0.0045723480661745254,
        0.0025369031905349195,
        0.0033979989188504087
    ],
    "bin-edges": [
        500,
        700,
        800,
        1000,
        1200,
        1400,
        1600,
        1800,
        2000,
        2250,
        2500,
        2750,
        3000,
        3250,
        3500,
        1000000000
    ]
}