{
    "data": [
        46.97414328313746,
        7.394189142343955,
        6.1474639279863394,
        2.2295041743860287,
        0.9188656294440614,
        0.40969092223722464,
        0.20004216182800694,
        0.10650275327097511,
        0.0661485521116835,
        0.03180928895598691,
        0.016298240159980024,
        0.00845724908102897,
        0.004571294063290504,
        0.002537771993068018,
        0.00342547005425709
    ],
    "SM": [
        46.6384177627363,
        7.36751656452855,
        6.253226917780813,
        2.2422684993115873,
        0.9203466855058059,
        0.4090608838488947,
        0.19888226515431023,
        0.10491646516404689,
        0.06563602518633181,
        0.03108287299032102,
        0.016139894791585317,
        0.008328116660264505,
        0.0045723480661745254,
        0.0025369031905349195,
        0.0033979989188504087
    ],
    "bin-edges": [
        500,
        700,
        800,
        1000,
        1200,
        1400,
        1600,
        1800,
        2000,
        2250,
        2500,
        2750,
        3000,
        3250,
        3500,
        1000000000
    ]
}