{
    "data": [
        60.99970375337637,
        2.23121805094612,
        0.9182996154477162,
        0.414637071324698,
        0.20098058390750606,
        0.10443372921739255,
        0.06612497439807809,
        0.03202932622204283,
        0.016224588009854917,
        0.00855998601177359,
        0.004603433168134336,
        0.002558194060750594,
        0.0034375419009933733
    ],
    "SM": [
        60.25916124504478,
        2.2422684993115873,
        0.9203466855058059,
        0.4090608838488947,
        0.19888226515431023,
        0.10491646516404689,
        0.06563602518633181,
        0.03108287299032102,
        0.016139894791585317,
        0.008328116660264505,
        0.0045723480661745254,
        0.0025369031905349195,
        0.0033979989188504087
    ],
    "bin-edges": [
        500,
        1000,
        1200,
        1400,
        1600,
        1800,
        2000,
        2250,
        2500,
        2750,
        3000,
        3250,
        3500,
        1000000000
    ]
}