{
    "data": [
        60.970375856913414,
        2.2306451973001593,
        0.9227327137475517,
        0.41559265077908425,
        0.1999975984556771,
        0.10522818384795761,
        0.06590744748024252,
        0.031832953364960434,
        0.016054974205266408,
        0.008607521029366847,
        0.004620488517013587,
        0.0025480580663436946,
        0.0035009361841995853
    ],
    "SM": [
        60.25916124504478,
        2.2422684993115873,
        0.9203466855058059,
        0.4090608838488947,
        0.19888226515431023,
        0.10491646516404689,
        0.06563602518633181,
        0.03108287299032102,
        0.016139894791585317,
        0.008328116660264505,
        0.0045723480661745254,
        0.0025369031905349195,
        0.0033979989188504087
    ],
    "bin-edges": [
        500,
        1000,
        1200,
        1400,
        1600,
        1800,
        2000,
        2250,
        2500,
        2750,
        3000,
        3250,
        3500,
        1000000000
    ]
}