{
    "data": [
        60.981449303864494,
        2.229242311211511,
        0.9171636198339291,
        0.413948687055051,
        0.20053907501011542,
        0.1041524943564151,
        0.0658980676586926,
        0.031892125409029824,
        0.016137596113445805,
        0.00850498189326959,
        0.004568188259964434,
        0.002534835296953795,
        0.0033911009313875124
    ],
    "SM": [
        60.25916124504478,
        2.2422684993115873,
        0.9203466855058059,
        0.4090608838488947,
        0.19888226515431023,
        0.10491646516404689,
        0.06563602518633181,
        0.03108287299032102,
        0.016139894791585317,
        0.008328116660264505,
        0.0045723480661745254,
        0.0025369031905349195,
        0.0033979989188504087
    ],
    "bin-edges": [
        500,
        1000,
        1200,
        1400,
        1600,
        1800,
        2000,
        2250,
        2500,
        2750,
        3000,
        3250,
        3500,
        1000000000
    ]
}