{
    "data": [
        46.280918837748786,
        7.304204330509867,
        6.170845176707544,
        2.1937008319266345,
        0.9044640642785748,
        0.4006135959850561,
        0.19149367070684156,
        0.09548438466115555,
        0.0616528126958919,
        0.028442036443304064,
        0.014093239760837182,
        0.007018748444924398,
        0.0035773116183419164,
        0.0019131375348398652,
        0.04226281254779514
    ],
    "SM": [
        46.6384177627363,
        7.36751656452855,
        6.253226917780813,
        2.2422684993115873,
        0.9203466855058059,
        0.4090608838488947,
        0.19888226515431023,
        0.10491646516404689,
        0.06563602518633181,
        0.03108287299032102,
        0.016139894791585317,
        0.008328116660264505,
        0.0045723480661745254,
        0.0025369031905349195,
        0.0033979989188504087
    ],
    "bin-edges": [
        500,
        700,
        800,
        1000,
        1200,
        1400,
        1600,
        1800,
        2000,
        2250,
        2500,
        2750,
        3000,
        3250,
        3500,
        1000000000
    ]
}