{
    "data": [
        60.98829412203315,
        2.2299830457869447,
        0.917589478995711,
        0.4142067194150428,
        0.2007045495914248,
        0.10425788434581189,
        0.06598308352826714,
        0.031943518920638694,
        0.016170173456795358,
        0.008525574043972806,
        0.004581378733780184,
        0.0025435741105246023,
        0.003408445270673763
    ],
    "SM": [
        60.25916124504478,
        2.2422684993115873,
        0.9203466855058059,
        0.4090608838488947,
        0.19888226515431023,
        0.10491646516404689,
        0.06563602518633181,
        0.03108287299032102,
        0.016139894791585317,
        0.008328116660264505,
        0.0045723480661745254,
        0.0025369031905349195,
        0.0033979989188504087
    ],
    "bin-edges": [
        500,
        1000,
        1200,
        1400,
        1600,
        1800,
        2000,
        2250,
        2500,
        2750,
        3000,
        3250,
        3500,
        1000000000
    ]
}