{
    "data": [
        47.04900729211993,
        7.193428516022588,
        6.190818606967323,
        2.2428187629206247,
        0.9085960641380142,
        0.4119245366854646,
        0.1996723815498014,
        0.1024062160239879,
        0.06414738929953845,
        0.03110188052630004,
        0.015571543143586683,
        0.008139741950692506,
        0.004298286173923675,
        0.0023554411929900395,
        0.006304105554268618
    ],
    "SM": [
        46.6384177627363,
        7.36751656452855,
        6.253226917780813,
        2.2422684993115873,
        0.9203466855058059,
        0.4090608838488947,
        0.19888226515431023,
        0.10491646516404689,
        0.06563602518633181,
        0.03108287299032102,
        0.016139894791585317,
        0.008328116660264505,
        0.0045723480661745254,
        0.0025369031905349195,
        0.0033979989188504087
    ],
    "bin-edges": [
        500,
        700,
        800,
        1000,
        1200,
        1400,
        1600,
        1800,
        2000,
        2250,
        2500,
        2750,
        3000,
        3250,
        3500,
        1000000000
    ]
}