{
    "data": [
        46.9950961523033,
        7.1793221513258,
        6.173316012633354,
        2.2332590709621103,
        0.9030491673177791,
        0.4085558213251017,
        0.19745305256433063,
        0.10093154223259075,
        0.06294166032644695,
        0.03035689990610775,
        0.015088549933429517,
        0.007812947752227172,
        0.004076181561830087,
        0.0021956821564461555,
        0.008451561855493282
    ],
    "SM": [
        46.6384177627363,
        7.36751656452855,
        6.253226917780813,
        2.2422684993115873,
        0.9203466855058059,
        0.4090608838488947,
        0.19888226515431023,
        0.10491646516404689,
        0.06563602518633181,
        0.03108287299032102,
        0.016139894791585317,
        0.008328116660264505,
        0.0045723480661745254,
        0.0025369031905349195,
        0.0033979989188504087
    ],
    "bin-edges": [
        500,
        700,
        800,
        1000,
        1200,
        1400,
        1600,
        1800,
        2000,
        2250,
        2500,
        2750,
        3000,
        3250,
        3500,
        1000000000
    ]
}