{
    "data": [
        53.490295896499546,
        10.713454013249963,
        3.0055597071050233,
        1.0402534401524897,
        0.40561849642626446,
        0.17401016394048766,
        0.07973352254751027,
        0.0384883747712527,
        0.0192617032194997,
        0.009545848193249917,
        0.005236470087825804,
        0.002770901063925259,
        0.003859018055433844
    ],
    "SM": [
        53.652560000020394,
        10.747602000002486,
        3.0560320000016246,
        1.064060799999981,
        0.4234996142651021,
        0.1818024857349894,
        0.08627901177553082,
        0.041608058224499686,
        0.021606181808105855,
        0.011537217191901924,
        0.006264808570800991,
        0.003459900428400377,
        0.0047046035808007425
    ],
    "bin-edges": [
        500,
        750,
        1000,
        1250,
        1500,
        1750,
        2000,
        2250,
        2500,
        2750,
        3000,
        3250,
        3500,
        1000000000
    ]
}