{
    "data": [
        47.3845928938986,
        7.4593865511396515,
        6.224504761634618,
        2.237679570406934,
        0.9129706135150019,
        0.4175370351555379,
        0.20262473039521067,
        0.10290390503670799,
        0.06579068297181312,
        0.031718231809914704,
        0.01624465069269303,
        0.008342545774255888,
        0.004712778834960649,
        0.0025284332567084887,
        0.0034424427815234566
    ],
    "SM": [
        46.6384177627363,
        7.36751656452855,
        6.253226917780813,
        2.2422684993115873,
        0.9203466855058059,
        0.4090608838488947,
        0.19888226515431023,
        0.10491646516404689,
        0.06563602518633181,
        0.03108287299032102,
        0.016139894791585317,
        0.008328116660264505,
        0.0045723480661745254,
        0.0025369031905349195,
        0.0033979989188504087
    ],
    "bin-edges": [
        500,
        700,
        800,
        1000,
        1200,
        1400,
        1600,
        1800,
        2000,
        2250,
        2500,
        2750,
        3000,
        3250,
        3500,
        1000000000
    ]
}