{
    "data": [
        60.62344659618225,
        2.2160584401306704,
        0.921983579501796,
        0.4115381982996612,
        0.19942487068997405,
        0.10225749407733067,
        0.06443041226446054,
        0.03163159612120828,
        0.015432961307181806,
        0.008228507384190844,
        0.004363613746304779,
        0.0023748863647443377,
        0.013446053103865607
    ],
    "SM": [
        60.25916124504478,
        2.2422684993115873,
        0.9203466855058059,
        0.4090608838488947,
        0.19888226515431023,
        0.10491646516404689,
        0.06563602518633181,
        0.03108287299032102,
        0.016139894791585317,
        0.008328116660264505,
        0.0045723480661745254,
        0.0025369031905349195,
        0.0033979989188504087
    ],
    "bin-edges": [
        500,
        1000,
        1200,
        1400,
        1600,
        1800,
        2000,
        2250,
        2500,
        2750,
        3000,
        3250,
        3500,
        1000000000
    ]
}