{
    "data": [
        46.782779022343455,
        7.116523066338204,
        6.252461418371041,
        2.218295807203141,
        0.900753966119435,
        0.4031732871276092,
        0.19532612301776583,
        0.10024113213176576,
        0.06223770702749609,
        0.03029453863603328,
        0.014992388026752757,
        0.00791159594259606,
        0.00413656456690998,
        0.002257200189596305,
        0.003041598692482571
    ],
    "SM": [
        46.6384177627363,
        7.36751656452855,
        6.253226917780813,
        2.2422684993115873,
        0.9203466855058059,
        0.4090608838488947,
        0.19888226515431023,
        0.10491646516404689,
        0.06563602518633181,
        0.03108287299032102,
        0.016139894791585317,
        0.008328116660264505,
        0.0045723480661745254,
        0.0025369031905349195,
        0.0033979989188504087
    ],
    "bin-edges": [
        500,
        700,
        800,
        1000,
        1200,
        1400,
        1600,
        1800,
        2000,
        2250,
        2500,
        2750,
        3000,
        3250,
        3500,
        1000000000
    ]
}