{
    "data": [
        60.534236316291,
        2.2140915306066016,
        0.9094190863181475,
        0.41438426810669143,
        0.20017817019991874,
        0.10377344454805643,
        0.06571123012669788,
        0.03146241940386184,
        0.016311589370396232,
        0.008491518487925048,
        0.004581920967311032,
        0.002515998400824562,
        0.0033766096751263685
    ],
    "SM": [
        60.25916124504478,
        2.2422684993115873,
        0.9203466855058059,
        0.4090608838488947,
        0.19888226515431023,
        0.10491646516404689,
        0.06563602518633181,
        0.03108287299032102,
        0.016139894791585317,
        0.008328116660264505,
        0.0045723480661745254,
        0.0025369031905349195,
        0.0033979989188504087
    ],
    "bin-edges": [
        500,
        1000,
        1200,
        1400,
        1600,
        1800,
        2000,
        2250,
        2500,
        2750,
        3000,
        3250,
        3500,
        1000000000
    ]
}