{
    "data": [
        60.5264145423818,
        2.2342016979886523,
        0.9087519055819184,
        0.40627342519964377,
        0.19991186206648637,
        0.10242241891313736,
        0.06420990274981593,
        0.031039196268094395,
        0.0157993162915667,
        0.008201424185803762,
        0.004386410832827598,
        0.002428635983724394,
        0.0031177359138658722
    ],
    "SM": [
        60.25916124504478,
        2.2422684993115873,
        0.9203466855058059,
        0.4090608838488947,
        0.19888226515431023,
        0.10491646516404689,
        0.06563602518633181,
        0.03108287299032102,
        0.016139894791585317,
        0.008328116660264505,
        0.0045723480661745254,
        0.0025369031905349195,
        0.0033979989188504087
    ],
    "bin-edges": [
        500,
        1000,
        1200,
        1400,
        1600,
        1800,
        2000,
        2250,
        2500,
        2750,
        3000,
        3250,
        3500,
        1000000000
    ]
}