{
    "data": [
        60.57973588958485,
        2.211181839658538,
        0.9190377785680723,
        0.4096945733398039,
        0.19822459969318176,
        0.10143840047457038,
        0.06374382029277985,
        0.03118274728822373,
        0.015132219061267826,
        0.00800738765910681,
        0.004207815637964001,
        0.0022685379052439446,
        0.019151308948305197
    ],
    "SM": [
        60.25916124504478,
        2.2422684993115873,
        0.9203466855058059,
        0.4090608838488947,
        0.19888226515431023,
        0.10491646516404689,
        0.06563602518633181,
        0.03108287299032102,
        0.016139894791585317,
        0.008328116660264505,
        0.0045723480661745254,
        0.0025369031905349195,
        0.0033979989188504087
    ],
    "bin-edges": [
        500,
        1000,
        1200,
        1400,
        1600,
        1800,
        2000,
        2250,
        2500,
        2750,
        3000,
        3250,
        3500,
        1000000000
    ]
}