{
    "data": [
        60.74638058818047,
        2.268454654893449,
        0.9155241795591855,
        0.41185284408262807,
        0.20248151038943085,
        0.10447116561415619,
        0.06568900717249812,
        0.03189217763994123,
        0.016283819074094256,
        0.008526877097806002,
        0.004618770461284937,
        0.002553419677098347,
        0.003422656844781155
    ],
    "SM": [
        60.25916124504478,
        2.2422684993115873,
        0.9203466855058059,
        0.4090608838488947,
        0.19888226515431023,
        0.10491646516404689,
        0.06563602518633181,
        0.03108287299032102,
        0.016139894791585317,
        0.008328116660264505,
        0.0045723480661745254,
        0.0025369031905349195,
        0.0033979989188504087
    ],
    "bin-edges": [
        500,
        1000,
        1200,
        1400,
        1600,
        1800,
        2000,
        2250,
        2500,
        2750,
        3000,
        3250,
        3500,
        1000000000
    ]
}