{
    "data": [
        60.775839657674936,
        2.209323112866706,
        0.9101487035939084,
        0.40778780048488644,
        0.19505741287139175,
        0.10188614073454226,
        0.06317606664154751,
        0.030101617059457693,
        0.014945124728519787,
        0.007843986071584114,
        0.004096729858273937,
        0.002187468103895989,
        0.008555050070028162
    ],
    "SM": [
        60.25916124504478,
        2.2422684993115873,
        0.9203466855058059,
        0.4090608838488947,
        0.19888226515431023,
        0.10491646516404689,
        0.06563602518633181,
        0.03108287299032102,
        0.016139894791585317,
        0.008328116660264505,
        0.0045723480661745254,
        0.0025369031905349195,
        0.0033979989188504087
    ],
    "bin-edges": [
        500,
        1000,
        1200,
        1400,
        1600,
        1800,
        2000,
        2250,
        2500,
        2750,
        3000,
        3250,
        3500,
        1000000000
    ]
}