{
    "data": [
        60.433771216090946,
        2.203083504695374,
        0.9030586370000186,
        0.41046726088550317,
        0.19770267327073937,
        0.10217989663148166,
        0.0644114170533345,
        0.03066925863256438,
        0.015796314922160343,
        0.008162295549727413,
        0.004365147071953211,
        0.0023729492033518033,
        0.0031918749043567617
    ],
    "SM": [
        60.25916124504478,
        2.2422684993115873,
        0.9203466855058059,
        0.4090608838488947,
        0.19888226515431023,
        0.10491646516404689,
        0.06563602518633181,
        0.03108287299032102,
        0.016139894791585317,
        0.008328116660264505,
        0.0045723480661745254,
        0.0025369031905349195,
        0.0033979989188504087
    ],
    "bin-edges": [
        500,
        1000,
        1200,
        1400,
        1600,
        1800,
        2000,
        2250,
        2500,
        2750,
        3000,
        3250,
        3500,
        1000000000
    ]
}