{
    "data": [
        60.73139993396574,
        2.2667990333334123,
        0.9145908258751849,
        0.4112808748035067,
        0.20211700920506134,
        0.10423486894995532,
        0.06550338900555357,
        0.03177625266642931,
        0.01621156644105725,
        0.008480610716177221,
        0.004588381846211787,
        0.002533709847066539,
        0.0033828926539213404
    ],
    "SM": [
        60.25916124504478,
        2.2422684993115873,
        0.9203466855058059,
        0.4090608838488947,
        0.19888226515431023,
        0.10491646516404689,
        0.06563602518633181,
        0.03108287299032102,
        0.016139894791585317,
        0.008328116660264505,
        0.0045723480661745254,
        0.0025369031905349195,
        0.0033979989188504087
    ],
    "bin-edges": [
        500,
        1000,
        1200,
        1400,
        1600,
        1800,
        2000,
        2250,
        2500,
        2750,
        3000,
        3250,
        3500,
        1000000000
    ]
}