{
    "data": [
        53.29899918864955,
        10.518937211724978,
        2.9396998252475997,
        1.014760960660008,
        0.3877313650682207,
        0.1613322945372574,
        0.07236448601749257,
        0.034284041301500874,
        0.016080161646249716,
        0.007895700423999957,
        0.003917166701274933,
        0.0018862740375000017,
        0.03223898615667762
    ],
    "SM": [
        53.652560000020394,
        10.747602000002486,
        3.0560320000016246,
        1.064060799999981,
        0.4234996142651021,
        0.1818024857349894,
        0.08627901177553082,
        0.041608058224499686,
        0.021606181808105855,
        0.011537217191901924,
        0.006264808570800991,
        0.003459900428400377,
        0.0047046035808007425
    ],
    "bin-edges": [
        500,
        750,
        1000,
        1250,
        1500,
        1750,
        2000,
        2250,
        2500,
        2750,
        3000,
        3250,
        3500,
        1000000000
    ]
}