{
    "data": [
        60.11529935486926,
        2.159719137431813,
        0.8880945914841017,
        0.39045136364860444,
        0.185802987773463,
        0.09303443849293373,
        0.05686364571131199,
        0.026776804130876415,
        0.012282406451800097,
        0.006046458924770186,
        0.003007128296596472,
        0.0018671828200922632,
        0.07894216980094355
    ],
    "SM": [
        60.25916124504478,
        2.2422684993115873,
        0.9203466855058059,
        0.4090608838488947,
        0.19888226515431023,
        0.10491646516404689,
        0.06563602518633181,
        0.03108287299032102,
        0.016139894791585317,
        0.008328116660264505,
        0.0045723480661745254,
        0.0025369031905349195,
        0.0033979989188504087
    ],
    "bin-edges": [
        500,
        1000,
        1200,
        1400,
        1600,
        1800,
        2000,
        2250,
        2500,
        2750,
        3000,
        3250,
        3500,
        1000000000
    ]
}