{
    "data": [
        46.685510853188816,
        7.587158737998301,
        6.19268405753469,
        2.255098694075821,
        0.9097446509801518,
        0.4165648940469546,
        0.20022401541342302,
        0.10466956933722342,
        0.06609509389446362,
        0.03137638983171525,
        0.01625686140591264,
        0.00843120844287752,
        0.0046413530984765645,
        0.0025483431999490393,
        0.0033778250289893488
    ],
    "SM": [
        46.6384177627363,
        7.36751656452855,
        6.253226917780813,
        2.2422684993115873,
        0.9203466855058059,
        0.4090608838488947,
        0.19888226515431023,
        0.10491646516404689,
        0.06563602518633181,
        0.03108287299032102,
        0.016139894791585317,
        0.008328116660264505,
        0.0045723480661745254,
        0.0025369031905349195,
        0.0033979989188504087
    ],
    "bin-edges": [
        500,
        700,
        800,
        1000,
        1200,
        1400,
        1600,
        1800,
        2000,
        2250,
        2500,
        2750,
        3000,
        3250,
        3500,
        1000000000
    ]
}