{
    "data": [
        46.8758124445661,
        7.140733809847902,
        6.282246867986953,
        2.2344208462590673,
        0.9100558078839237,
        0.4088262934440648,
        0.19885615095154288,
        0.10251838141310506,
        0.0640986863900266,
        0.03145139546185011,
        0.015715017637862677,
        0.008388676249970993,
        0.004444311413280722,
        0.0024641750499691333,
        0.0032768006741696067
    ],
    "SM": [
        46.6384177627363,
        7.36751656452855,
        6.253226917780813,
        2.2422684993115873,
        0.9203466855058059,
        0.4090608838488947,
        0.19888226515431023,
        0.10491646516404689,
        0.06563602518633181,
        0.03108287299032102,
        0.016139894791585317,
        0.008328116660264505,
        0.0045723480661745254,
        0.0025369031905349195,
        0.0033979989188504087
    ],
    "bin-edges": [
        500,
        700,
        800,
        1000,
        1200,
        1400,
        1600,
        1800,
        2000,
        2250,
        2500,
        2750,
        3000,
        3250,
        3500,
        1000000000
    ]
}