{
    "data": [
        47.12129257826318,
        7.297538539359417,
        6.203851574461555,
        2.229475726247089,
        0.9013592275232967,
        0.40279028010730755,
        0.19470429951979523,
        0.10147178460608325,
        0.06233830139540531,
        0.03001363648006894,
        0.01525238964731785,
        0.007587368192493988,
        0.004121503771487178,
        0.0022014002379272236,
        0.0027863467992011765
    ],
    "SM": [
        46.6384177627363,
        7.36751656452855,
        6.253226917780813,
        2.2422684993115873,
        0.9203466855058059,
        0.4090608838488947,
        0.19888226515431023,
        0.10491646516404689,
        0.06563602518633181,
        0.03108287299032102,
        0.016139894791585317,
        0.008328116660264505,
        0.0045723480661745254,
        0.0025369031905349195,
        0.0033979989188504087
    ],
    "bin-edges": [
        500,
        700,
        800,
        1000,
        1200,
        1400,
        1600,
        1800,
        2000,
        2250,
        2500,
        2750,
        3000,
        3250,
        3500,
        1000000000
    ]
}