{
    "data": [
        60.33656157117816,
        2.1924583582013537,
        0.8969296699881492,
        0.4067004341466878,
        0.19532773027444877,
        0.10065523300270081,
        0.06317229928584674,
        0.029916669797801245,
        0.015310120133723732,
        0.007853753207184115,
        0.004163606851177124,
        0.002241203608997121,
        0.0030425147939285176
    ],
    "SM": [
        60.25916124504478,
        2.2422684993115873,
        0.9203466855058059,
        0.4090608838488947,
        0.19888226515431023,
        0.10491646516404689,
        0.06563602518633181,
        0.03108287299032102,
        0.016139894791585317,
        0.008328116660264505,
        0.0045723480661745254,
        0.0025369031905349195,
        0.0033979989188504087
    ],
    "bin-edges": [
        500,
        1000,
        1200,
        1400,
        1600,
        1800,
        2000,
        2250,
        2500,
        2750,
        3000,
        3250,
        3500,
        1000000000
    ]
}