{
    "data": [
        60.545065063854565,
        2.2152796770765413,
        0.910106238344098,
        0.4148079174385761,
        0.20044626567540944,
        0.10394628359328403,
        0.06585249208843466,
        0.03154883832990501,
        0.016367904219580603,
        0.008527629677544526,
        0.004605799739993852,
        0.002531834355774872,
        0.003398255364919276
    ],
    "SM": [
        60.25916124504478,
        2.2422684993115873,
        0.9203466855058059,
        0.4090608838488947,
        0.19888226515431023,
        0.10491646516404689,
        0.06563602518633181,
        0.03108287299032102,
        0.016139894791585317,
        0.008328116660264505,
        0.0045723480661745254,
        0.0025369031905349195,
        0.0033979989188504087
    ],
    "bin-edges": [
        500,
        1000,
        1200,
        1400,
        1600,
        1800,
        2000,
        2250,
        2500,
        2750,
        3000,
        3250,
        3500,
        1000000000
    ]
}