{
    "data": [
        51.84591165269999,
        9.920058054400013,
        2.658770488387593,
        0.8671259676274944,
        0.30900629311825056,
        0.11773810074799812,
        0.047573334007731026,
        0.020367214783926262,
        0.00885243144357958,
        0.004611762880784912,
        0.0030815367872000063,
        0.003186568765899999,
        0.1132876229820492
    ],
    "SM": [
        53.652560000020394,
        10.747602000002486,
        3.0560320000016246,
        1.064060799999981,
        0.4234996142651021,
        0.1818024857349894,
        0.08627901177553082,
        0.041608058224499686,
        0.021606181808105855,
        0.011537217191901924,
        0.006264808570800991,
        0.003459900428400377,
        0.0047046035808007425
    ],
    "bin-edges": [
        500,
        750,
        1000,
        1250,
        1500,
        1750,
        2000,
        2250,
        2500,
        2750,
        3000,
        3250,
        3500,
        1000000000
    ]
}