{
    "data": [
        47.11068126776434,
        7.209577064953203,
        6.210870482895619,
        2.253784572624905,
        0.9149696355697873,
        0.4158030718803043,
        0.20223376904798623,
        0.10411315143781454,
        0.06554789695332162,
        0.031972017435284016,
        0.0161400127293805,
        0.008526659686348326,
        0.004566580552061609,
        0.002548958573510021,
        0.0037735481185064675
    ],
    "SM": [
        46.6384177627363,
        7.36751656452855,
        6.253226917780813,
        2.2422684993115873,
        0.9203466855058059,
        0.4090608838488947,
        0.19888226515431023,
        0.10491646516404689,
        0.06563602518633181,
        0.03108287299032102,
        0.016139894791585317,
        0.008328116660264505,
        0.0045723480661745254,
        0.0025369031905349195,
        0.0033979989188504087
    ],
    "bin-edges": [
        500,
        700,
        800,
        1000,
        1200,
        1400,
        1600,
        1800,
        2000,
        2250,
        2500,
        2750,
        3000,
        3250,
        3500,
        1000000000
    ]
}