{
    "data": [
        46.36373322356021,
        7.3633276089612085,
        6.290754907068255,
        2.2309963203937677,
        0.8876127246709913,
        0.4029638531560134,
        0.1952297216961415,
        0.10117231262802139,
        0.062085954264565486,
        0.028836824608987923,
        0.01458189806767366,
        0.007447393513107752,
        0.003987575223746599,
        0.002079927073217166,
        0.004438333780976485
    ],
    "SM": [
        46.6384177627363,
        7.36751656452855,
        6.253226917780813,
        2.2422684993115873,
        0.9203466855058059,
        0.4090608838488947,
        0.19888226515431023,
        0.10491646516404689,
        0.06563602518633181,
        0.03108287299032102,
        0.016139894791585317,
        0.008328116660264505,
        0.0045723480661745254,
        0.0025369031905349195,
        0.0033979989188504087
    ],
    "bin-edges": [
        500,
        700,
        800,
        1000,
        1200,
        1400,
        1600,
        1800,
        2000,
        2250,
        2500,
        2750,
        3000,
        3250,
        3500,
        1000000000
    ]
}