{
    "data": [
        46.44696730495467,
        7.385594375985198,
        6.318292447163698,
        2.245799149531164,
        0.8960201767893206,
        0.40803567156088516,
        0.1985622987415448,
        0.10341491785790609,
        0.06380248337398486,
        0.029877628122696905,
        0.015250033197185951,
        0.007890274479565014,
        0.004281310563256991,
        0.002274659041544555,
        0.003915333545278194
    ],
    "SM": [
        46.6384177627363,
        7.36751656452855,
        6.253226917780813,
        2.2422684993115873,
        0.9203466855058059,
        0.4090608838488947,
        0.19888226515431023,
        0.10491646516404689,
        0.06563602518633181,
        0.03108287299032102,
        0.016139894791585317,
        0.008328116660264505,
        0.0045723480661745254,
        0.0025369031905349195,
        0.0033979989188504087
    ],
    "bin-edges": [
        500,
        700,
        800,
        1000,
        1200,
        1400,
        1600,
        1800,
        2000,
        2250,
        2500,
        2750,
        3000,
        3250,
        3500,
        1000000000
    ]
}