{
    "data": [
        60.641596385774754,
        2.25688678725044,
        0.9090076257107922,
        0.4078629198645756,
        0.19994140054638712,
        0.1028264003729984,
        0.06439883822879477,
        0.031087949098496624,
        0.01578365453326075,
        0.008207401898210185,
        0.004409531420778215,
        0.0024181322357814078,
        0.0031539406590740046
    ],
    "SM": [
        60.25916124504478,
        2.2422684993115873,
        0.9203466855058059,
        0.4090608838488947,
        0.19888226515431023,
        0.10491646516404689,
        0.06563602518633181,
        0.03108287299032102,
        0.016139894791585317,
        0.008328116660264505,
        0.0045723480661745254,
        0.0025369031905349195,
        0.0033979989188504087
    ],
    "bin-edges": [
        500,
        1000,
        1200,
        1400,
        1600,
        1800,
        2000,
        2250,
        2500,
        2750,
        3000,
        3250,
        3500,
        1000000000
    ]
}