{
    "data": [
        60.28145948825347,
        2.155610959454979,
        0.8786455914464804,
        0.3883988284923224,
        0.18289988641808114,
        0.09375540387588967,
        0.056638879622650164,
        0.026047690815916586,
        0.012423580895331696,
        0.0061779782528828394,
        0.00301612293994679,
        0.0015034868801111416,
        0.022049951401998346
    ],
    "SM": [
        60.25916124504478,
        2.2422684993115873,
        0.9203466855058059,
        0.4090608838488947,
        0.19888226515431023,
        0.10491646516404689,
        0.06563602518633181,
        0.03108287299032102,
        0.016139894791585317,
        0.008328116660264505,
        0.0045723480661745254,
        0.0025369031905349195,
        0.0033979989188504087
    ],
    "bin-edges": [
        500,
        1000,
        1200,
        1400,
        1600,
        1800,
        2000,
        2250,
        2500,
        2750,
        3000,
        3250,
        3500,
        1000000000
    ]
}