{
    "data": [
        60.48654190416351,
        2.1942863872021263,
        0.888748331653763,
        0.3961061978739088,
        0.19436602191265426,
        0.09601583607759176,
        0.05931410585977375,
        0.028100804399540213,
        0.01382367219592695,
        0.007051068487380421,
        0.003625627302812378,
        0.0018529131156504682,
        0.004975503884372377
    ],
    "SM": [
        60.25916124504478,
        2.2422684993115873,
        0.9203466855058059,
        0.4090608838488947,
        0.19888226515431023,
        0.10491646516404689,
        0.06563602518633181,
        0.03108287299032102,
        0.016139894791585317,
        0.008328116660264505,
        0.0045723480661745254,
        0.0025369031905349195,
        0.0033979989188504087
    ],
    "bin-edges": [
        500,
        1000,
        1200,
        1400,
        1600,
        1800,
        2000,
        2250,
        2500,
        2750,
        3000,
        3250,
        3500,
        1000000000
    ]
}