{
    "data": [
        60.68177144880316,
        2.2225742433751203,
        0.9259227866475812,
        0.41400644020345184,
        0.20103518489818042,
        0.10335786265779844,
        0.06535800140230727,
        0.03224098858787515,
        0.015842384418469045,
        0.008533684143358934,
        0.004582839828508561,
        0.0025331757474904345,
        0.005834041363232646
    ],
    "SM": [
        60.25916124504478,
        2.2422684993115873,
        0.9203466855058059,
        0.4090608838488947,
        0.19888226515431023,
        0.10491646516404689,
        0.06563602518633181,
        0.03108287299032102,
        0.016139894791585317,
        0.008328116660264505,
        0.0045723480661745254,
        0.0025369031905349195,
        0.0033979989188504087
    ],
    "bin-edges": [
        500,
        1000,
        1200,
        1400,
        1600,
        1800,
        2000,
        2250,
        2500,
        2750,
        3000,
        3250,
        3500,
        1000000000
    ]
}