{
    "data": [
        60.963200204993456,
        2.2272680195119667,
        0.9160287872657658,
        0.41326125005340714,
        0.20009835030129833,
        0.10387188662898246,
        0.06567179567233054,
        0.03175541056726894,
        0.01605098611801057,
        0.008450271906470387,
        0.004533168547474039,
        0.0025116535409977995,
        0.0033452460970081832
    ],
    "SM": [
        60.25916124504478,
        2.2422684993115873,
        0.9203466855058059,
        0.4090608838488947,
        0.19888226515431023,
        0.10491646516404689,
        0.06563602518633181,
        0.03108287299032102,
        0.016139894791585317,
        0.008328116660264505,
        0.0045723480661745254,
        0.0025369031905349195,
        0.0033979989188504087
    ],
    "bin-edges": [
        500,
        1000,
        1200,
        1400,
        1600,
        1800,
        2000,
        2250,
        2500,
        2750,
        3000,
        3250,
        3500,
        1000000000
    ]
}