{
    "data": [
        46.295144706169765,
        7.344994976582835,
        6.268105340433271,
        2.2188418929243467,
        0.8807243823072279,
        0.3988191205163142,
        0.19251470453535774,
        0.09935215068768535,
        0.06069979171560675,
        0.028002113367225443,
        0.014050472672783441,
        0.007098828275656494,
        0.003759444618080976,
        0.0019319595309963676,
        0.0049691082194422385
    ],
    "SM": [
        46.6384177627363,
        7.36751656452855,
        6.253226917780813,
        2.2422684993115873,
        0.9203466855058059,
        0.4090608838488947,
        0.19888226515431023,
        0.10491646516404689,
        0.06563602518633181,
        0.03108287299032102,
        0.016139894791585317,
        0.008328116660264505,
        0.0045723480661745254,
        0.0025369031905349195,
        0.0033979989188504087
    ],
    "bin-edges": [
        500,
        700,
        800,
        1000,
        1200,
        1400,
        1600,
        1800,
        2000,
        2250,
        2500,
        2750,
        3000,
        3250,
        3500,
        1000000000
    ]
}