{
    "data": [
        60.945641273094765,
        2.227928442443508,
        0.9211269401715265,
        0.41459493271709746,
        0.1993645400352723,
        0.10479868944643046,
        0.06555522373013252,
        0.031608473597218315,
        0.01591015540369095,
        0.008507249320602267,
        0.0045509863123411555,
        0.002499421138469108,
        0.004132073157418757
    ],
    "SM": [
        60.25916124504478,
        2.2422684993115873,
        0.9203466855058059,
        0.4090608838488947,
        0.19888226515431023,
        0.10491646516404689,
        0.06563602518633181,
        0.03108287299032102,
        0.016139894791585317,
        0.008328116660264505,
        0.0045723480661745254,
        0.0025369031905349195,
        0.0033979989188504087
    ],
    "bin-edges": [
        500,
        1000,
        1200,
        1400,
        1600,
        1800,
        2000,
        2250,
        2500,
        2750,
        3000,
        3250,
        3500,
        1000000000
    ]
}