{
    "data": [
        46.93623638061538,
        7.286093026621419,
        6.248083525748982,
        2.2061073433002254,
        0.9089977284664881,
        0.41039292142182465,
        0.20083666062969285,
        0.10447750819794578,
        0.06473964637021884,
        0.031211470258377113,
        0.01582900995984584,
        0.008240318495129642,
        0.004496580121883574,
        0.002375167056525973,
        0.0032038455395920363
    ],
    "SM": [
        46.6384177627363,
        7.36751656452855,
        6.253226917780813,
        2.2422684993115873,
        0.9203466855058059,
        0.4090608838488947,
        0.19888226515431023,
        0.10491646516404689,
        0.06563602518633181,
        0.03108287299032102,
        0.016139894791585317,
        0.008328116660264505,
        0.0045723480661745254,
        0.0025369031905349195,
        0.0033979989188504087
    ],
    "bin-edges": [
        500,
        700,
        800,
        1000,
        1200,
        1400,
        1600,
        1800,
        2000,
        2250,
        2500,
        2750,
        3000,
        3250,
        3500,
        1000000000
    ]
}