{
    "data": [
        46.67928127417849,
        7.585492296627506,
        6.190735410479153,
        2.2540336254245616,
        0.9091328175939584,
        0.41618774987910256,
        0.19998986843679598,
        0.1045162540602775,
        0.0659724822766229,
        0.03130218276895816,
        0.016210179822862606,
        0.008401570354574707,
        0.004621638680324048,
        0.002535485057742038,
        0.003353074882837236
    ],
    "SM": [
        46.6384177627363,
        7.36751656452855,
        6.253226917780813,
        2.2422684993115873,
        0.9203466855058059,
        0.4090608838488947,
        0.19888226515431023,
        0.10491646516404689,
        0.06563602518633181,
        0.03108287299032102,
        0.016139894791585317,
        0.008328116660264505,
        0.0045723480661745254,
        0.0025369031905349195,
        0.0033979989188504087
    ],
    "bin-edges": [
        500,
        700,
        800,
        1000,
        1200,
        1400,
        1600,
        1800,
        2000,
        2250,
        2500,
        2750,
        3000,
        3250,
        3500,
        1000000000
    ]
}