{
    "data": [
        60.308406028687486,
        2.181038165244748,
        0.900880528361181,
        0.3983743592830887,
        0.1908938139209011,
        0.0964616562432026,
        0.05963253015817615,
        0.028529064303777087,
        0.013389348553227811,
        0.0067763363387793926,
        0.0034057476717727873,
        0.0018700178887350015,
        0.05428101644412504
    ],
    "SM": [
        60.25916124504478,
        2.2422684993115873,
        0.9203466855058059,
        0.4090608838488947,
        0.19888226515431023,
        0.10491646516404689,
        0.06563602518633181,
        0.03108287299032102,
        0.016139894791585317,
        0.008328116660264505,
        0.0045723480661745254,
        0.0025369031905349195,
        0.0033979989188504087
    ],
    "bin-edges": [
        500,
        1000,
        1200,
        1400,
        1600,
        1800,
        2000,
        2250,
        2500,
        2750,
        3000,
        3250,
        3500,
        1000000000
    ]
}