{
    "data": [
        60.004534517097696,
        2.147541100691637,
        0.8808124669988838,
        0.3859575554533888,
        0.18293108531076793,
        0.09111246029761749,
        0.05533449681046741,
        0.0258235004562898,
        0.011697849204704376,
        0.005682969903244301,
        0.0028429432968866356,
        0.0019708691668268176,
        0.09295333843048585
    ],
    "SM": [
        60.25916124504478,
        2.2422684993115873,
        0.9203466855058059,
        0.4090608838488947,
        0.19888226515431023,
        0.10491646516404689,
        0.06563602518633181,
        0.03108287299032102,
        0.016139894791585317,
        0.008328116660264505,
        0.0045723480661745254,
        0.0025369031905349195,
        0.0033979989188504087
    ],
    "bin-edges": [
        500,
        1000,
        1200,
        1400,
        1600,
        1800,
        2000,
        2250,
        2500,
        2750,
        3000,
        3250,
        3500,
        1000000000
    ]
}