{
    "data": [
        60.73982613144502,
        2.2677301997205332,
        0.9151157430413133,
        0.41160253009683667,
        0.20232197555134407,
        0.10436773209989306,
        0.06560774631886124,
        0.031841418479784424,
        0.016252175994939357,
        0.008506610012565563,
        0.004605455146355799,
        0.0025447809054306766,
        0.003405207459481705
    ],
    "SM": [
        60.25916124504478,
        2.2422684993115873,
        0.9203466855058059,
        0.4090608838488947,
        0.19888226515431023,
        0.10491646516404689,
        0.06563602518633181,
        0.03108287299032102,
        0.016139894791585317,
        0.008328116660264505,
        0.0045723480661745254,
        0.0025369031905349195,
        0.0033979989188504087
    ],
    "bin-edges": [
        500,
        1000,
        1200,
        1400,
        1600,
        1800,
        2000,
        2250,
        2500,
        2750,
        3000,
        3250,
        3500,
        1000000000
    ]
}