{
    "data": [
        47.22909754655662,
        7.3261209468915185,
        6.238675563547091,
        2.24831427320533,
        0.9120259387198213,
        0.40921193768789726,
        0.198764691621949,
        0.10419204774155467,
        0.06444527074347413,
        0.031342020830287295,
        0.016074856364837714,
        0.008088003972401442,
        0.004459337225271985,
        0.002420253298223012,
        0.003164039254411764
    ],
    "SM": [
        46.6384177627363,
        7.36751656452855,
        6.253226917780813,
        2.2422684993115873,
        0.9203466855058059,
        0.4090608838488947,
        0.19888226515431023,
        0.10491646516404689,
        0.06563602518633181,
        0.03108287299032102,
        0.016139894791585317,
        0.008328116660264505,
        0.0045723480661745254,
        0.0025369031905349195,
        0.0033979989188504087
    ],
    "bin-edges": [
        500,
        700,
        800,
        1000,
        1200,
        1400,
        1600,
        1800,
        2000,
        2250,
        2500,
        2750,
        3000,
        3250,
        3500,
        1000000000
    ]
}