{
    "data": [
        46.56170176987376,
        7.298777377025409,
        6.288925961481118,
        2.2405725325603463,
        0.907984502355473,
        0.41747241345029495,
        0.1994194505733513,
        0.1020296416809741,
        0.06354087965123496,
        0.03117002032779435,
        0.015729193454499073,
        0.008290321116160751,
        0.004410541204083643,
        0.002504076680147267,
        0.0031774770927517656
    ],
    "SM": [
        46.6384177627363,
        7.36751656452855,
        6.253226917780813,
        2.2422684993115873,
        0.9203466855058059,
        0.4090608838488947,
        0.19888226515431023,
        0.10491646516404689,
        0.06563602518633181,
        0.03108287299032102,
        0.016139894791585317,
        0.008328116660264505,
        0.0045723480661745254,
        0.0025369031905349195,
        0.0033979989188504087
    ],
    "bin-edges": [
        500,
        700,
        800,
        1000,
        1200,
        1400,
        1600,
        1800,
        2000,
        2250,
        2500,
        2750,
        3000,
        3250,
        3500,
        1000000000
    ]
}