{
    "data": [
        60.5016292583762,
        2.2314680913895164,
        0.9071916058973417,
        0.40532936643414214,
        0.19930694548103445,
        0.10203504395298482,
        0.06390167203326844,
        0.03085059573739564,
        0.01567893030396749,
        0.00812511209863482,
        0.004336507668848609,
        0.002395873774825409,
        0.0030586500360283964
    ],
    "SM": [
        60.25916124504478,
        2.2422684993115873,
        0.9203466855058059,
        0.4090608838488947,
        0.19888226515431023,
        0.10491646516404689,
        0.06563602518633181,
        0.03108287299032102,
        0.016139894791585317,
        0.008328116660264505,
        0.0045723480661745254,
        0.0025369031905349195,
        0.0033979989188504087
    ],
    "bin-edges": [
        500,
        1000,
        1200,
        1400,
        1600,
        1800,
        2000,
        2250,
        2500,
        2750,
        3000,
        3250,
        3500,
        1000000000
    ]
}