{
    "data": [
        47.181896045964756,
        7.313602055712677,
        6.2234170942793865,
        2.240054549442777,
        0.90734535594441,
        0.4063913908418396,
        0.19697927434044607,
        0.10299433215317878,
        0.06351602440693653,
        0.030754861215741964,
        0.015710388228104957,
        0.00786546401698097,
        0.004308647058253379,
        0.0023222273952424803,
        0.0029898029322444155
    ],
    "SM": [
        46.6384177627363,
        7.36751656452855,
        6.253226917780813,
        2.2422684993115873,
        0.9203466855058059,
        0.4090608838488947,
        0.19888226515431023,
        0.10491646516404689,
        0.06563602518633181,
        0.03108287299032102,
        0.016139894791585317,
        0.008328116660264505,
        0.0045723480661745254,
        0.0025369031905349195,
        0.0033979989188504087
    ],
    "bin-edges": [
        500,
        700,
        800,
        1000,
        1200,
        1400,
        1600,
        1800,
        2000,
        2250,
        2500,
        2750,
        3000,
        3250,
        3500,
        1000000000
    ]
}