{
    "data": [
        47.07020052037146,
        7.198976405372606,
        6.197705525580249,
        2.246583457915324,
        0.910782904262651,
        0.4132543662568243,
        0.2005498319679439,
        0.10299038603341056,
        0.06462616976494924,
        0.0313987285332165,
        0.015764946175840917,
        0.008271209672747108,
        0.004388742833936689,
        0.00242078610981741,
        0.005446406378282569
    ],
    "SM": [
        46.6384177627363,
        7.36751656452855,
        6.253226917780813,
        2.2422684993115873,
        0.9203466855058059,
        0.4090608838488947,
        0.19888226515431023,
        0.10491646516404689,
        0.06563602518633181,
        0.03108287299032102,
        0.016139894791585317,
        0.008328116660264505,
        0.0045723480661745254,
        0.0025369031905349195,
        0.0033979989188504087
    ],
    "bin-edges": [
        500,
        700,
        800,
        1000,
        1200,
        1400,
        1600,
        1800,
        2000,
        2250,
        2500,
        2750,
        3000,
        3250,
        3500,
        1000000000
    ]
}