{
    "data": [
        46.54372853106708,
        7.407330060072109,
        6.185950807422627,
        2.2252619890124357,
        0.9174410812099508,
        0.4172135041061039,
        0.19723592122518296,
        0.1065129896291201,
        0.06449775189965329,
        0.03155378047375045,
        0.016210574364788222,
        0.008480807707277315,
        0.004620208861609035,
        0.002544263519326777,
        0.0034661518602215743
    ],
    "SM": [
        46.6384177627363,
        7.36751656452855,
        6.253226917780813,
        2.2422684993115873,
        0.9203466855058059,
        0.4090608838488947,
        0.19888226515431023,
        0.10491646516404689,
        0.06563602518633181,
        0.03108287299032102,
        0.016139894791585317,
        0.008328116660264505,
        0.0045723480661745254,
        0.0025369031905349195,
        0.0033979989188504087
    ],
    "bin-edges": [
        500,
        700,
        800,
        1000,
        1200,
        1400,
        1600,
        1800,
        2000,
        2250,
        2500,
        2750,
        3000,
        3250,
        3500,
        1000000000
    ]
}