{
    "data": [
        52.88916947947581,
        10.459213192424947,
        2.88404221170496,
        0.9739676999849944,
        0.37043119067626146,
        0.15242015573451206,
        0.0670875525307426,
        0.03054683248107499,
        0.014526751469300547,
        0.006717651691849989,
        0.0033507521845798217,
        0.0016459866690073934,
        0.01223437603562234
    ],
    "SM": [
        53.652560000020394,
        10.747602000002486,
        3.0560320000016246,
        1.064060799999981,
        0.4234996142651021,
        0.1818024857349894,
        0.08627901177553082,
        0.041608058224499686,
        0.021606181808105855,
        0.011537217191901924,
        0.006264808570800991,
        0.003459900428400377,
        0.0047046035808007425
    ],
    "bin-edges": [
        500,
        750,
        1000,
        1250,
        1500,
        1750,
        2000,
        2250,
        2500,
        2750,
        3000,
        3250,
        3500,
        1000000000
    ]
}