{
    "data": [
        46.39410365847035,
        7.371449813932839,
        6.300796248692739,
        2.236390848189457,
        0.8906743209357209,
        0.40480912440174444,
        0.19644092184672307,
        0.101986314525188,
        0.06270791890699702,
        0.029213060416112078,
        0.014822750562906283,
        0.007606475083608182,
        0.004092616753174521,
        0.0021490514077604737,
        0.004231655373033298
    ],
    "SM": [
        46.6384177627363,
        7.36751656452855,
        6.253226917780813,
        2.2422684993115873,
        0.9203466855058059,
        0.4090608838488947,
        0.19888226515431023,
        0.10491646516404689,
        0.06563602518633181,
        0.03108287299032102,
        0.016139894791585317,
        0.008328116660264505,
        0.0045723480661745254,
        0.0025369031905349195,
        0.0033979989188504087
    ],
    "bin-edges": [
        500,
        700,
        800,
        1000,
        1200,
        1400,
        1600,
        1800,
        2000,
        2250,
        2500,
        2750,
        3000,
        3250,
        3500,
        1000000000
    ]
}