{
    "data": [
        60.9730844353099,
        2.228337240092234,
        0.9166433437527864,
        0.41363349037311126,
        0.2003369782553122,
        0.104023804192223,
        0.06579427995630886,
        0.03182940362340781,
        0.01609785231122397,
        0.008479869884914991,
        0.0045521095480560055,
        0.0025241883111519884,
        0.0033700118025072174
    ],
    "SM": [
        60.25916124504478,
        2.2422684993115873,
        0.9203466855058059,
        0.4090608838488947,
        0.19888226515431023,
        0.10491646516404689,
        0.06563602518633181,
        0.03108287299032102,
        0.016139894791585317,
        0.008328116660264505,
        0.0045723480661745254,
        0.0025369031905349195,
        0.0033979989188504087
    ],
    "bin-edges": [
        500,
        1000,
        1200,
        1400,
        1600,
        1800,
        2000,
        2250,
        2500,
        2750,
        3000,
        3250,
        3500,
        1000000000
    ]
}