{
    "data": [
        46.74168215006052,
        7.113133837792125,
        6.091353963861984,
        2.188650944597709,
        0.8772838944418649,
        0.3929933969512381,
        0.187266816875415,
        0.0942199009210362,
        0.05751357412733545,
        0.027054569886201498,
        0.012991212155998579,
        0.006431228287859134,
        0.003176242340574876,
        0.0015864791504572062,
        0.018199792113460834
    ],
    "SM": [
        46.6384177627363,
        7.36751656452855,
        6.253226917780813,
        2.2422684993115873,
        0.9203466855058059,
        0.4090608838488947,
        0.19888226515431023,
        0.10491646516404689,
        0.06563602518633181,
        0.03108287299032102,
        0.016139894791585317,
        0.008328116660264505,
        0.0045723480661745254,
        0.0025369031905349195,
        0.0033979989188504087
    ],
    "bin-edges": [
        500,
        700,
        800,
        1000,
        1200,
        1400,
        1600,
        1800,
        2000,
        2250,
        2500,
        2750,
        3000,
        3250,
        3500,
        1000000000
    ]
}