{
    "data": [
        59.7548585670287,
        2.1202260778760706,
        0.8645378151098175,
        0.37596512736192256,
        0.1765878107369674,
        0.0868993912808415,
        0.05204619053906995,
        0.02381494438543595,
        0.010515215372505599,
        0.00501303766987564,
        0.0026449237914228665,
        0.002485211799905142,
        0.12416085032712904
    ],
    "SM": [
        60.25916124504478,
        2.2422684993115873,
        0.9203466855058059,
        0.4090608838488947,
        0.19888226515431023,
        0.10491646516404689,
        0.06563602518633181,
        0.03108287299032102,
        0.016139894791585317,
        0.008328116660264505,
        0.0045723480661745254,
        0.0025369031905349195,
        0.0033979989188504087
    ],
    "bin-edges": [
        500,
        1000,
        1200,
        1400,
        1600,
        1800,
        2000,
        2250,
        2500,
        2750,
        3000,
        3250,
        3500,
        1000000000
    ]
}