{
    "data": [
        46.25694116480388,
        7.33479012009821,
        6.255506391284624,
        2.2120891615121514,
        0.8769032760135236,
        0.396524175030432,
        0.19101474787016928,
        0.09834929996851272,
        0.05993884746081793,
        0.027546210866287644,
        0.013762037929208753,
        0.006911148297191371,
        0.003637874564714958,
        0.0018544355931059326,
        0.005301699306857984
    ],
    "SM": [
        46.6384177627363,
        7.36751656452855,
        6.253226917780813,
        2.2422684993115873,
        0.9203466855058059,
        0.4090608838488947,
        0.19888226515431023,
        0.10491646516404689,
        0.06563602518633181,
        0.03108287299032102,
        0.016139894791585317,
        0.008328116660264505,
        0.0045723480661745254,
        0.0025369031905349195,
        0.0033979989188504087
    ],
    "bin-edges": [
        500,
        700,
        800,
        1000,
        1200,
        1400,
        1600,
        1800,
        2000,
        2250,
        2500,
        2750,
        3000,
        3250,
        3500,
        1000000000
    ]
}