{
    "data": [
        60.44502275236685,
        2.225231155488993,
        0.9036340738111328,
        0.4031786671146151,
        0.19793018478361382,
        0.10115436563537337,
        0.06320190701176687,
        0.030423229384355974,
        0.015406729898383596,
        0.007953014672495663,
        0.004224303330336711,
        0.0023224643176044655,
        0.0029294085834431693
    ],
    "SM": [
        60.25916124504478,
        2.2422684993115873,
        0.9203466855058059,
        0.4090608838488947,
        0.19888226515431023,
        0.10491646516404689,
        0.06563602518633181,
        0.03108287299032102,
        0.016139894791585317,
        0.008328116660264505,
        0.0045723480661745254,
        0.0025369031905349195,
        0.0033979989188504087
    ],
    "bin-edges": [
        500,
        1000,
        1200,
        1400,
        1600,
        1800,
        2000,
        2250,
        2500,
        2750,
        3000,
        3250,
        3500,
        1000000000
    ]
}