{
    "data": [
        46.703613445317465,
        7.095941403919315,
        6.227168723981681,
        2.2046289703010116,
        0.8928885984739993,
        0.3984067724914126,
        0.1923594849793946,
        0.09833459794277823,
        0.0606875558552099,
        0.029337426509545322,
        0.01439942099364799,
        0.007523807905683039,
        0.003889402371100295,
        0.0020932567822222435,
        0.002899336153994808
    ],
    "SM": [
        46.6384177627363,
        7.36751656452855,
        6.253226917780813,
        2.2422684993115873,
        0.9203466855058059,
        0.4090608838488947,
        0.19888226515431023,
        0.10491646516404689,
        0.06563602518633181,
        0.03108287299032102,
        0.016139894791585317,
        0.008328116660264505,
        0.0045723480661745254,
        0.0025369031905349195,
        0.0033979989188504087
    ],
    "bin-edges": [
        500,
        700,
        800,
        1000,
        1200,
        1400,
        1600,
        1800,
        2000,
        2250,
        2500,
        2750,
        3000,
        3250,
        3500,
        1000000000
    ]
}