{
    "data": [
        60.696360534463516,
        2.2242055879004403,
        0.9269091571987175,
        0.4146254139254521,
        0.2014392569109731,
        0.10363469982321459,
        0.06559284713188734,
        0.032395733395614155,
        0.015946077126080236,
        0.008611399008929934,
        0.004639792583089572,
        0.002576806067469226,
        0.0039329651314362925
    ],
    "SM": [
        60.25916124504478,
        2.2422684993115873,
        0.9203466855058059,
        0.4090608838488947,
        0.19888226515431023,
        0.10491646516404689,
        0.06563602518633181,
        0.03108287299032102,
        0.016139894791585317,
        0.008328116660264505,
        0.0045723480661745254,
        0.0025369031905349195,
        0.0033979989188504087
    ],
    "bin-edges": [
        500,
        1000,
        1200,
        1400,
        1600,
        1800,
        2000,
        2250,
        2500,
        2750,
        3000,
        3250,
        3500,
        1000000000
    ]
}