{
    "data": [
        60.92444076224959,
        2.2230776785163506,
        0.9136212545076985,
        0.4118036720526309,
        0.19916447037254584,
        0.10327771376913998,
        0.06519310476580495,
        0.03146652354715057,
        0.015868219971956064,
        0.008334997772667817,
        0.004459504869936218,
        0.0024629837467362026,
        0.0032497648192014563
    ],
    "SM": [
        60.25916124504478,
        2.2422684993115873,
        0.9203466855058059,
        0.4090608838488947,
        0.19888226515431023,
        0.10491646516404689,
        0.06563602518633181,
        0.03108287299032102,
        0.016139894791585317,
        0.008328116660264505,
        0.0045723480661745254,
        0.0025369031905349195,
        0.0033979989188504087
    ],
    "bin-edges": [
        500,
        1000,
        1200,
        1400,
        1600,
        1800,
        2000,
        2250,
        2500,
        2750,
        3000,
        3250,
        3500,
        1000000000
    ]
}