{
    "data": [
        47.24184298153652,
        7.329502464962713,
        6.24279865031073,
        2.250547622022102,
        0.9132925182536624,
        0.409975906364415,
        0.1992488166752401,
        0.10451723144929598,
        0.06469797548013835,
        0.03150203924097195,
        0.01617442898199635,
        0.008148983010326162,
        0.0045007634618455215,
        0.0024473084389779825,
        0.0032134801984018634
    ],
    "SM": [
        46.6384177627363,
        7.36751656452855,
        6.253226917780813,
        2.2422684993115873,
        0.9203466855058059,
        0.4090608838488947,
        0.19888226515431023,
        0.10491646516404689,
        0.06563602518633181,
        0.03108287299032102,
        0.016139894791585317,
        0.008328116660264505,
        0.0045723480661745254,
        0.0025369031905349195,
        0.0033979989188504087
    ],
    "bin-edges": [
        500,
        700,
        800,
        1000,
        1200,
        1400,
        1600,
        1800,
        2000,
        2250,
        2500,
        2750,
        3000,
        3250,
        3500,
        1000000000
    ]
}