{
    "data": [
        46.96346880552185,
        7.293102062503508,
        6.2567118966441155,
        2.21077326596823,
        0.9116760239287692,
        0.4120200929619204,
        0.20186848845233027,
        0.10516813572167097,
        0.06527079975316354,
        0.03152718533534487,
        0.016033304931323666,
        0.008367562870661469,
        0.004581152955878562,
        0.0024272251908125206,
        0.0033097490703865064
    ],
    "SM": [
        46.6384177627363,
        7.36751656452855,
        6.253226917780813,
        2.2422684993115873,
        0.9203466855058059,
        0.4090608838488947,
        0.19888226515431023,
        0.10491646516404689,
        0.06563602518633181,
        0.03108287299032102,
        0.016139894791585317,
        0.008328116660264505,
        0.0045723480661745254,
        0.0025369031905349195,
        0.0033979989188504087
    ],
    "bin-edges": [
        500,
        700,
        800,
        1000,
        1200,
        1400,
        1600,
        1800,
        2000,
        2250,
        2500,
        2750,
        3000,
        3250,
        3500,
        1000000000
    ]
}