{
    "data": [
        46.22992412989023,
        7.290502257785761,
        6.154020982676435,
        2.1845659788155816,
        0.8989735785640804,
        0.39718287765216176,
        0.18934618745488246,
        0.09404135218839173,
        0.060423130334400624,
        0.027678073950099892,
        0.0135483922569637,
        0.006664343567584388,
        0.003359266931686774,
        0.0018109634014738677,
        0.05192893949235212
    ],
    "SM": [
        46.6384177627363,
        7.36751656452855,
        6.253226917780813,
        2.2422684993115873,
        0.9203466855058059,
        0.4090608838488947,
        0.19888226515431023,
        0.10491646516404689,
        0.06563602518633181,
        0.03108287299032102,
        0.016139894791585317,
        0.008328116660264505,
        0.0045723480661745254,
        0.0025369031905349195,
        0.0033979989188504087
    ],
    "bin-edges": [
        500,
        700,
        800,
        1000,
        1200,
        1400,
        1600,
        1800,
        2000,
        2250,
        2500,
        2750,
        3000,
        3250,
        3500,
        1000000000
    ]
}