{
    "data": [
        60.56892986015598,
        2.2388946652846067,
        0.9114320956826591,
        0.40789615678279,
        0.20095246916138274,
        0.10308939922414642,
        0.0647412210396841,
        0.031364799269238464,
        0.016007518987301742,
        0.008333681394552574,
        0.004473106051442371,
        0.0024857096844536387,
        0.003222592262873533
    ],
    "SM": [
        60.25916124504478,
        2.2422684993115873,
        0.9203466855058059,
        0.4090608838488947,
        0.19888226515431023,
        0.10491646516404689,
        0.06563602518633181,
        0.03108287299032102,
        0.016139894791585317,
        0.008328116660264505,
        0.0045723480661745254,
        0.0025369031905349195,
        0.0033979989188504087
    ],
    "bin-edges": [
        500,
        1000,
        1200,
        1400,
        1600,
        1800,
        2000,
        2250,
        2500,
        2750,
        3000,
        3250,
        3500,
        1000000000
    ]
}