{
    "data": [
        46.46125821298382,
        7.352730514570547,
        6.230524139033581,
        2.226188804344704,
        0.9240900330531179,
        0.4129169516417364,
        0.199235725123836,
        0.10072790224404751,
        0.06617051011368454,
        0.031325456918742466,
        0.016151117340747305,
        0.00843830712420813,
        0.00456960627812955,
        0.0025319029417444584,
        0.005939529833377991
    ],
    "SM": [
        46.6384177627363,
        7.36751656452855,
        6.253226917780813,
        2.2422684993115873,
        0.9203466855058059,
        0.4090608838488947,
        0.19888226515431023,
        0.10491646516404689,
        0.06563602518633181,
        0.03108287299032102,
        0.016139894791585317,
        0.008328116660264505,
        0.0045723480661745254,
        0.0025369031905349195,
        0.0033979989188504087
    ],
    "bin-edges": [
        500,
        700,
        800,
        1000,
        1200,
        1400,
        1600,
        1800,
        2000,
        2250,
        2500,
        2750,
        3000,
        3250,
        3500,
        1000000000
    ]
}