{
    "data": [
        47.36562007567534,
        7.454360193557145,
        6.218560017847277,
        2.2344360018926235,
        0.9110894342185727,
        0.41638389667322884,
        0.20190407387923268,
        0.10243546625701473,
        0.06541940983644273,
        0.03149033722117071,
        0.016098527014447514,
        0.008249907772045954,
        0.004651666196760952,
        0.0024889908782730398,
        0.0033633334045197203
    ],
    "SM": [
        46.6384177627363,
        7.36751656452855,
        6.253226917780813,
        2.2422684993115873,
        0.9203466855058059,
        0.4090608838488947,
        0.19888226515431023,
        0.10491646516404689,
        0.06563602518633181,
        0.03108287299032102,
        0.016139894791585317,
        0.008328116660264505,
        0.0045723480661745254,
        0.0025369031905349195,
        0.0033979989188504087
    ],
    "bin-edges": [
        500,
        700,
        800,
        1000,
        1200,
        1400,
        1600,
        1800,
        2000,
        2250,
        2500,
        2750,
        3000,
        3250,
        3500,
        1000000000
    ]
}