{
    "data": [
        47.38637192548525,
        7.4598579273809875,
        6.225062337608998,
        2.2379838487270467,
        0.913147141469057,
        0.4176452764712389,
        0.20269239922556456,
        0.10294790925818072,
        0.06582557789156918,
        0.03173966584795996,
        0.01625840475378766,
        0.008351273191815013,
        0.004718542118503906,
        0.0025321571011209633,
        0.0034499606315356542
    ],
    "SM": [
        46.6384177627363,
        7.36751656452855,
        6.253226917780813,
        2.2422684993115873,
        0.9203466855058059,
        0.4090608838488947,
        0.19888226515431023,
        0.10491646516404689,
        0.06563602518633181,
        0.03108287299032102,
        0.016139894791585317,
        0.008328116660264505,
        0.0045723480661745254,
        0.0025369031905349195,
        0.0033979989188504087
    ],
    "bin-edges": [
        500,
        700,
        800,
        1000,
        1200,
        1400,
        1600,
        1800,
        2000,
        2250,
        2500,
        2750,
        3000,
        3250,
        3500,
        1000000000
    ]
}