{
    "data": [
        60.625664629924195,
        2.245164848527866,
        0.9150159922440982,
        0.4100681889023276,
        0.20234693119023703,
        0.10398435381999972,
        0.06545533159965268,
        0.03180339807458012,
        0.016288687384512075,
        0.008512832131933898,
        0.004590941115591338,
        0.0025635860535452868,
        0.003369282817489171
    ],
    "SM": [
        60.25916124504478,
        2.2422684993115873,
        0.9203466855058059,
        0.4090608838488947,
        0.19888226515431023,
        0.10491646516404689,
        0.06563602518633181,
        0.03108287299032102,
        0.016139894791585317,
        0.008328116660264505,
        0.0045723480661745254,
        0.0025369031905349195,
        0.0033979989188504087
    ],
    "bin-edges": [
        500,
        1000,
        1200,
        1400,
        1600,
        1800,
        2000,
        2250,
        2500,
        2750,
        3000,
        3250,
        3500,
        1000000000
    ]
}