{
    "data": [
        46.858281948948445,
        7.454899346616567,
        6.182242643139806,
        2.229237255604238,
        0.9099235119829435,
        0.4197497898581778,
        0.1994344562306497,
        0.10537605809990086,
        0.06682611032875234,
        0.03165947789238496,
        0.016472368821481002,
        0.008587600911638182,
        0.004651576156917128,
        0.002570289742493485,
        0.003406604766882738
    ],
    "SM": [
        46.6384177627363,
        7.36751656452855,
        6.253226917780813,
        2.2422684993115873,
        0.9203466855058059,
        0.4090608838488947,
        0.19888226515431023,
        0.10491646516404689,
        0.06563602518633181,
        0.03108287299032102,
        0.016139894791585317,
        0.008328116660264505,
        0.0045723480661745254,
        0.0025369031905349195,
        0.0033979989188504087
    ],
    "bin-edges": [
        500,
        700,
        800,
        1000,
        1200,
        1400,
        1600,
        1800,
        2000,
        2250,
        2500,
        2750,
        3000,
        3250,
        3500,
        1000000000
    ]
}