{
    "data": [
        60.85938271741737,
        2.235115894362008,
        0.9121987128302269,
        0.41050354860517174,
        0.2037144569939623,
        0.10196939372369374,
        0.06404636364607696,
        0.031011029587488206,
        0.01569003019654343,
        0.008270688668520619,
        0.004417925545768834,
        0.0023744306601756093,
        0.003695804670106572
    ],
    "SM": [
        60.25916124504478,
        2.2422684993115873,
        0.9203466855058059,
        0.4090608838488947,
        0.19888226515431023,
        0.10491646516404689,
        0.06563602518633181,
        0.03108287299032102,
        0.016139894791585317,
        0.008328116660264505,
        0.0045723480661745254,
        0.0025369031905349195,
        0.0033979989188504087
    ],
    "bin-edges": [
        500,
        1000,
        1200,
        1400,
        1600,
        1800,
        2000,
        2250,
        2500,
        2750,
        3000,
        3250,
        3500,
        1000000000
    ]
}