{
    "data": [
        60.86222940482716,
        2.218779083644966,
        0.9157240774439489,
        0.4112417723635415,
        0.1972404307588229,
        0.10336039275601626,
        0.06437799207831002,
        0.030860920401893623,
        0.015429766636378506,
        0.008175712175682184,
        0.0043225953699136625,
        0.0023413418404039797,
        0.006287475542959894
    ],
    "SM": [
        60.25916124504478,
        2.2422684993115873,
        0.9203466855058059,
        0.4090608838488947,
        0.19888226515431023,
        0.10491646516404689,
        0.06563602518633181,
        0.03108287299032102,
        0.016139894791585317,
        0.008328116660264505,
        0.0045723480661745254,
        0.0025369031905349195,
        0.0033979989188504087
    ],
    "bin-edges": [
        500,
        1000,
        1200,
        1400,
        1600,
        1800,
        2000,
        2250,
        2500,
        2750,
        3000,
        3250,
        3500,
        1000000000
    ]
}