{
    "data": [
        46.17298518526392,
        7.275213236638265,
        6.135262747180527,
        2.1743940836147844,
        0.8928699372430638,
        0.3933774251381169,
        0.18697017708423375,
        0.09245064698517226,
        0.05907634111153611,
        0.026850817943693612,
        0.012961277697964714,
        0.006294790028274632,
        0.0031472585301658205,
        0.001742726877198872,
        0.06251876450113084
    ],
    "SM": [
        46.6384177627363,
        7.36751656452855,
        6.253226917780813,
        2.2422684993115873,
        0.9203466855058059,
        0.4090608838488947,
        0.19888226515431023,
        0.10491646516404689,
        0.06563602518633181,
        0.03108287299032102,
        0.016139894791585317,
        0.008328116660264505,
        0.0045723480661745254,
        0.0025369031905349195,
        0.0033979989188504087
    ],
    "bin-edges": [
        500,
        700,
        800,
        1000,
        1200,
        1400,
        1600,
        1800,
        2000,
        2250,
        2500,
        2750,
        3000,
        3250,
        3500,
        1000000000
    ]
}