{
    "data": [
        60.706562240548706,
        2.218334074810878,
        0.9025414406011623,
        0.40456066283032976,
        0.19984487481863775,
        0.099496872379721,
        0.0620721742839467,
        0.02978971241064209,
        0.014900948711703084,
        0.00775024607550924,
        0.0040759080445051865,
        0.0021458946683109983,
        0.004158752495934102
    ],
    "SM": [
        60.25916124504478,
        2.2422684993115873,
        0.9203466855058059,
        0.4090608838488947,
        0.19888226515431023,
        0.10491646516404689,
        0.06563602518633181,
        0.03108287299032102,
        0.016139894791585317,
        0.008328116660264505,
        0.0045723480661745254,
        0.0025369031905349195,
        0.0033979989188504087
    ],
    "bin-edges": [
        500,
        1000,
        1200,
        1400,
        1600,
        1800,
        2000,
        2250,
        2500,
        2750,
        3000,
        3250,
        3500,
        1000000000
    ]
}