{
    "data": [
        47.14297822508846,
        7.30328524041699,
        6.210849399035784,
        2.2332577491163983,
        0.9034982070741321,
        0.40407623429131984,
        0.19551609818298527,
        0.1020146207000481,
        0.06275773293383824,
        0.030277228349947425,
        0.015414984280813749,
        0.0076858897366670065,
        0.004187648138752047,
        0.002243983472159317,
        0.0028565511509622468
    ],
    "SM": [
        46.6384177627363,
        7.36751656452855,
        6.253226917780813,
        2.2422684993115873,
        0.9203466855058059,
        0.4090608838488947,
        0.19888226515431023,
        0.10491646516404689,
        0.06563602518633181,
        0.03108287299032102,
        0.016139894791585317,
        0.008328116660264505,
        0.0045723480661745254,
        0.0025369031905349195,
        0.0033979989188504087
    ],
    "bin-edges": [
        500,
        700,
        800,
        1000,
        1200,
        1400,
        1600,
        1800,
        2000,
        2250,
        2500,
        2750,
        3000,
        3250,
        3500,
        1000000000
    ]
}