{
    "data": [
        60.5478027868919,
        2.2009684971843737,
        0.892575563663367,
        0.39844805984235965,
        0.19588048531910895,
        0.09697566234485687,
        0.060071982520866214,
        0.028562763205475475,
        0.014116591211538805,
        0.007239752706378535,
        0.0037459647066847906,
        0.0019301903089314991,
        0.004730457036615247
    ],
    "SM": [
        60.25916124504478,
        2.2422684993115873,
        0.9203466855058059,
        0.4090608838488947,
        0.19888226515431023,
        0.10491646516404689,
        0.06563602518633181,
        0.03108287299032102,
        0.016139894791585317,
        0.008328116660264505,
        0.0045723480661745254,
        0.0025369031905349195,
        0.0033979989188504087
    ],
    "bin-edges": [
        500,
        1000,
        1200,
        1400,
        1600,
        1800,
        2000,
        2250,
        2500,
        2750,
        3000,
        3250,
        3500,
        1000000000
    ]
}