{
    "data": [
        60.92400599279109,
        2.2255534832488437,
        0.9197236993410342,
        0.41372350431063515,
        0.19881204684417147,
        0.1044241979517656,
        0.06524830295154481,
        0.0314131870548602,
        0.0157843529346844,
        0.008420193526504466,
        0.004490804337138855,
        0.0024575504826750056,
        0.00468661992074152
    ],
    "SM": [
        60.25916124504478,
        2.2422684993115873,
        0.9203466855058059,
        0.4090608838488947,
        0.19888226515431023,
        0.10491646516404689,
        0.06563602518633181,
        0.03108287299032102,
        0.016139894791585317,
        0.008328116660264505,
        0.0045723480661745254,
        0.0025369031905349195,
        0.0033979989188504087
    ],
    "bin-edges": [
        500,
        1000,
        1200,
        1400,
        1600,
        1800,
        2000,
        2250,
        2500,
        2750,
        3000,
        3250,
        3500,
        1000000000
    ]
}