{
    "data": [
        46.80528590321154,
        7.122377854890703,
        6.259661059243129,
        2.2221904849525593,
        0.9029984966701685,
        0.4045357890566225,
        0.196175800784427,
        0.10078842345999241,
        0.06268404292451236,
        0.03057124104647829,
        0.015164662870493747,
        0.00802490136816303,
        0.004209309149384626,
        0.0023058623517993393,
        0.0030917752547244266
    ],
    "SM": [
        46.6384177627363,
        7.36751656452855,
        6.253226917780813,
        2.2422684993115873,
        0.9203466855058059,
        0.4090608838488947,
        0.19888226515431023,
        0.10491646516404689,
        0.06563602518633181,
        0.03108287299032102,
        0.016139894791585317,
        0.008328116660264505,
        0.0045723480661745254,
        0.0025369031905349195,
        0.0033979989188504087
    ],
    "bin-edges": [
        500,
        700,
        800,
        1000,
        1200,
        1400,
        1600,
        1800,
        2000,
        2250,
        2500,
        2750,
        3000,
        3250,
        3500,
        1000000000
    ]
}