{
    "data": [
        46.70228649221935,
        7.591646993512655,
        6.197933146628247,
        2.2579682821064107,
        0.9113936061582725,
        0.4175816816851096,
        0.20085553613538504,
        0.10508326357652514,
        0.06642613101598858,
        0.031576890323019934,
        0.016383097215853057,
        0.008511432532526859,
        0.004694771825951545,
        0.002583226140306987,
        0.003445310564711271
    ],
    "SM": [
        46.6384177627363,
        7.36751656452855,
        6.253226917780813,
        2.2422684993115873,
        0.9203466855058059,
        0.4090608838488947,
        0.19888226515431023,
        0.10491646516404689,
        0.06563602518633181,
        0.03108287299032102,
        0.016139894791585317,
        0.008328116660264505,
        0.0045723480661745254,
        0.0025369031905349195,
        0.0033979989188504087
    ],
    "bin-edges": [
        500,
        700,
        800,
        1000,
        1200,
        1400,
        1600,
        1800,
        2000,
        2250,
        2500,
        2750,
        3000,
        3250,
        3500,
        1000000000
    ]
}