{
    "data": [
        60.463313890347486,
        2.198220779136811,
        0.9112195968534136,
        0.4048107169651941,
        0.19505388819985311,
        0.09928008963262352,
        0.061948116366369335,
        0.03001667251400264,
        0.014357886372019476,
        0.007449605008618968,
        0.0038289532260105718,
        0.0020412049826197846,
        0.03429105835172562
    ],
    "SM": [
        60.25916124504478,
        2.2422684993115873,
        0.9203466855058059,
        0.4090608838488947,
        0.19888226515431023,
        0.10491646516404689,
        0.06563602518633181,
        0.03108287299032102,
        0.016139894791585317,
        0.008328116660264505,
        0.0045723480661745254,
        0.0025369031905349195,
        0.0033979989188504087
    ],
    "bin-edges": [
        500,
        1000,
        1200,
        1400,
        1600,
        1800,
        2000,
        2250,
        2500,
        2750,
        3000,
        3250,
        3500,
        1000000000
    ]
}