{
    "data": [
        60.92954968861851,
        2.242842713328229,
        0.916653719719067,
        0.413251409632644,
        0.20550855899723885,
        0.10311950737498858,
        0.06496869498218216,
        0.03158492216674617,
        0.01606337970575111,
        0.008519063541537962,
        0.0045828483322024735,
        0.0024862006927060297,
        0.0035120541876652632
    ],
    "SM": [
        60.25916124504478,
        2.2422684993115873,
        0.9203466855058059,
        0.4090608838488947,
        0.19888226515431023,
        0.10491646516404689,
        0.06563602518633181,
        0.03108287299032102,
        0.016139894791585317,
        0.008328116660264505,
        0.0045723480661745254,
        0.0025369031905349195,
        0.0033979989188504087
    ],
    "bin-edges": [
        500,
        1000,
        1200,
        1400,
        1600,
        1800,
        2000,
        2250,
        2500,
        2750,
        3000,
        3250,
        3500,
        1000000000
    ]
}