{
    "data": [
        60.48321067770536,
        2.2084971974045775,
        0.9061853334649901,
        0.41239180269030035,
        0.19891821927905418,
        0.10296183455162279,
        0.0650486312698825,
        0.031057634453617804,
        0.01604826225032451,
        0.008322996982812395,
        0.00447074832019979,
        0.0024424708987691914,
        0.0032789728355304554
    ],
    "SM": [
        60.25916124504478,
        2.2422684993115873,
        0.9203466855058059,
        0.4090608838488947,
        0.19888226515431023,
        0.10491646516404689,
        0.06563602518633181,
        0.03108287299032102,
        0.016139894791585317,
        0.008328116660264505,
        0.0045723480661745254,
        0.0025369031905349195,
        0.0033979989188504087
    ],
    "bin-edges": [
        500,
        1000,
        1200,
        1400,
        1600,
        1800,
        2000,
        2250,
        2500,
        2750,
        3000,
        3250,
        3500,
        1000000000
    ]
}