{
    "data": [
        46.398077728076295,
        7.335717377914036,
        6.209584795151449,
        2.2147751059055794,
        0.917174029612871,
        0.4085756002743484,
        0.19649680755966928,
        0.0988658840753001,
        0.06455904348607393,
        0.030282391471472266,
        0.015406484200103569,
        0.007912606185223787,
        0.004185080048913592,
        0.0022764904648534703,
        0.019093832993393803
    ],
    "SM": [
        46.6384177627363,
        7.36751656452855,
        6.253226917780813,
        2.2422684993115873,
        0.9203466855058059,
        0.4090608838488947,
        0.19888226515431023,
        0.10491646516404689,
        0.06563602518633181,
        0.03108287299032102,
        0.016139894791585317,
        0.008328116660264505,
        0.0045723480661745254,
        0.0025369031905349195,
        0.0033979989188504087
    ],
    "bin-edges": [
        500,
        700,
        800,
        1000,
        1200,
        1400,
        1600,
        1800,
        2000,
        2250,
        2500,
        2750,
        3000,
        3250,
        3500,
        1000000000
    ]
}