{
    "data": [
        46.7934119291313,
        7.1266288504981805,
        6.108042976207975,
        2.197712576439811,
        0.8825019249884273,
        0.39613339743153303,
        0.18931291460968724,
        0.09556020690310774,
        0.058589253104779145,
        0.027701533585246928,
        0.013395873294079444,
        0.006692202645784018,
        0.003340925031912184,
        0.0016912795160483715,
        0.01622437699431791
    ],
    "SM": [
        46.6384177627363,
        7.36751656452855,
        6.253226917780813,
        2.2422684993115873,
        0.9203466855058059,
        0.4090608838488947,
        0.19888226515431023,
        0.10491646516404689,
        0.06563602518633181,
        0.03108287299032102,
        0.016139894791585317,
        0.008328116660264505,
        0.0045723480661745254,
        0.0025369031905349195,
        0.0033979989188504087
    ],
    "bin-edges": [
        500,
        700,
        800,
        1000,
        1200,
        1400,
        1600,
        1800,
        2000,
        2250,
        2500,
        2750,
        3000,
        3250,
        3500,
        1000000000
    ]
}