{
    "data": [
        46.549326889296424,
        7.295508242476418,
        6.284957860584028,
        2.2384269673750565,
        0.906748072476756,
        0.4167235811026148,
        0.1989479025187341,
        0.10172388438793721,
        0.06330437518659554,
        0.031021800141568873,
        0.01563704533872987,
        0.008230845500156504,
        0.0043723359979960285,
        0.002478579074059369,
        0.00312932086833783
    ],
    "SM": [
        46.6384177627363,
        7.36751656452855,
        6.253226917780813,
        2.2422684993115873,
        0.9203466855058059,
        0.4090608838488947,
        0.19888226515431023,
        0.10491646516404689,
        0.06563602518633181,
        0.03108287299032102,
        0.016139894791585317,
        0.008328116660264505,
        0.0045723480661745254,
        0.0025369031905349195,
        0.0033979989188504087
    ],
    "bin-edges": [
        500,
        700,
        800,
        1000,
        1200,
        1400,
        1600,
        1800,
        2000,
        2250,
        2500,
        2750,
        3000,
        3250,
        3500,
        1000000000
    ]
}