{
    "data": [
        47.16318045840808,
        7.308640106913268,
        6.21737182627194,
        2.2367844527935974,
        0.9054939019318431,
        0.40527685631675014,
        0.19627462511876362,
        0.1025223053217936,
        0.06315047109720796,
        0.030524433998870587,
        0.015567751358896967,
        0.0077786643582426,
        0.004250091477736812,
        0.0022843082022575064,
        0.002924554895354904
    ],
    "SM": [
        46.6384177627363,
        7.36751656452855,
        6.253226917780813,
        2.2422684993115873,
        0.9203466855058059,
        0.4090608838488947,
        0.19888226515431023,
        0.10491646516404689,
        0.06563602518633181,
        0.03108287299032102,
        0.016139894791585317,
        0.008328116660264505,
        0.0045723480661745254,
        0.0025369031905349195,
        0.0033979989188504087
    ],
    "bin-edges": [
        500,
        700,
        800,
        1000,
        1200,
        1400,
        1600,
        1800,
        2000,
        2250,
        2500,
        2750,
        3000,
        3250,
        3500,
        1000000000
    ]
}