{
    "data": [
        46.47028953382553,
        7.355163432071237,
        6.233519391556632,
        2.227822949119372,
        0.9250822550431493,
        0.41354024113135585,
        0.1996288994192938,
        0.10099615477661197,
        0.06640388203910824,
        0.0314772386665565,
        0.016260442099121447,
        0.008514705590705805,
        0.004626555665868912,
        0.0025735135925567415,
        0.004007639668763798
    ],
    "SM": [
        46.6384177627363,
        7.36751656452855,
        6.253226917780813,
        2.2422684993115873,
        0.9203466855058059,
        0.4090608838488947,
        0.19888226515431023,
        0.10491646516404689,
        0.06563602518633181,
        0.03108287299032102,
        0.016139894791585317,
        0.008328116660264505,
        0.0045723480661745254,
        0.0025369031905349195,
        0.0033979989188504087
    ],
    "bin-edges": [
        500,
        700,
        800,
        1000,
        1200,
        1400,
        1600,
        1800,
        2000,
        2250,
        2500,
        2750,
        3000,
        3250,
        3500,
        1000000000
    ]
}