{
    "data": [
        46.44620925429953,
        7.348677042985643,
        6.225533878534142,
        2.2234670347448877,
        0.9224385974585023,
        0.4118797777343809,
        0.19858079063779013,
        0.10028213795831327,
        0.06578362894372318,
        0.031074139711209155,
        0.015970987367583248,
        0.008311303130397856,
        0.004475764367998658,
        0.0024668558179906175,
        0.009114740066138367
    ],
    "SM": [
        46.6384177627363,
        7.36751656452855,
        6.253226917780813,
        2.2422684993115873,
        0.9203466855058059,
        0.4090608838488947,
        0.19888226515431023,
        0.10491646516404689,
        0.06563602518633181,
        0.03108287299032102,
        0.016139894791585317,
        0.008328116660264505,
        0.0045723480661745254,
        0.0025369031905349195,
        0.0033979989188504087
    ],
    "bin-edges": [
        500,
        700,
        800,
        1000,
        1200,
        1400,
        1600,
        1800,
        2000,
        2250,
        2500,
        2750,
        3000,
        3250,
        3500,
        1000000000
    ]
}