{
    "data": [
        46.88551232158223,
        7.150676022641199,
        6.137809976245659,
        2.2139024536360163,
        0.8918449345539817,
        0.40177075565217,
        0.1929981704354996,
        0.09798440651255441,
        0.060545626730341036,
        0.028888070625721175,
        0.0141463195746753,
        0.007183811883761263,
        0.003658330105364832,
        0.0019028256187355918,
        0.012707391824382137
    ],
    "SM": [
        46.6384177627363,
        7.36751656452855,
        6.253226917780813,
        2.2422684993115873,
        0.9203466855058059,
        0.4090608838488947,
        0.19888226515431023,
        0.10491646516404689,
        0.06563602518633181,
        0.03108287299032102,
        0.016139894791585317,
        0.008328116660264505,
        0.0045723480661745254,
        0.0025369031905349195,
        0.0033979989188504087
    ],
    "bin-edges": [
        500,
        700,
        800,
        1000,
        1200,
        1400,
        1600,
        1800,
        2000,
        2250,
        2500,
        2750,
        3000,
        3250,
        3500,
        1000000000
    ]
}