{
    "data": [
        60.526350414730885,
        2.205233500418518,
        0.9154476884731804,
        0.4074501886936297,
        0.1967659703096727,
        0.1004444438459276,
        0.06291447077412086,
        0.030642851265980722,
        0.014772288616552979,
        0.007746040439339585,
        0.004027589750852625,
        0.0021539028980446097,
        0.02610540928509296
    ],
    "SM": [
        60.25916124504478,
        2.2422684993115873,
        0.9203466855058059,
        0.4090608838488947,
        0.19888226515431023,
        0.10491646516404689,
        0.06563602518633181,
        0.03108287299032102,
        0.016139894791585317,
        0.008328116660264505,
        0.0045723480661745254,
        0.0025369031905349195,
        0.0033979989188504087
    ],
    "bin-edges": [
        500,
        1000,
        1200,
        1400,
        1600,
        1800,
        2000,
        2250,
        2500,
        2750,
        3000,
        3250,
        3500,
        1000000000
    ]
}