{
    "data": [
        60.59675427438229,
        2.251945371845181,
        0.9062274079070191,
        0.40616315607127795,
        0.1988611276085813,
        0.10212828688394288,
        0.0638525574075479,
        0.030748524397126564,
        0.015573345390116618,
        0.008073648582474493,
        0.0043223639918409445,
        0.002362082567984051,
        0.0030456720832195312
    ],
    "SM": [
        60.25916124504478,
        2.2422684993115873,
        0.9203466855058059,
        0.4090608838488947,
        0.19888226515431023,
        0.10491646516404689,
        0.06563602518633181,
        0.03108287299032102,
        0.016139894791585317,
        0.008328116660264505,
        0.0045723480661745254,
        0.0025369031905349195,
        0.0033979989188504087
    ],
    "bin-edges": [
        500,
        1000,
        1200,
        1400,
        1600,
        1800,
        2000,
        2250,
        2500,
        2750,
        3000,
        3250,
        3500,
        1000000000
    ]
}