{
    "data": [
        60.21184468260803,
        2.1788646484206016,
        0.8891032309494458,
        0.40190147298146,
        0.1923103114067455,
        0.09872417933984796,
        0.061609486068820954,
        0.02897273272013694,
        0.0147043102797529,
        0.007472432395199598,
        0.003916948947385317,
        0.0020818578858235555,
        0.0028933124535914434
    ],
    "SM": [
        60.25916124504478,
        2.2422684993115873,
        0.9203466855058059,
        0.4090608838488947,
        0.19888226515431023,
        0.10491646516404689,
        0.06563602518633181,
        0.03108287299032102,
        0.016139894791585317,
        0.008328116660264505,
        0.0045723480661745254,
        0.0025369031905349195,
        0.0033979989188504087
    ],
    "bin-edges": [
        500,
        1000,
        1200,
        1400,
        1600,
        1800,
        2000,
        2250,
        2500,
        2750,
        3000,
        3250,
        3500,
        1000000000
    ]
}