{
    "data": [
        60.615022949947154,
        2.243988094242519,
        0.9143431229506246,
        0.40966020998931385,
        0.20208486760680996,
        0.10381606250988605,
        0.06532094481526436,
        0.03172077440521618,
        0.01623565949444825,
        0.008478997783443418,
        0.00456865265453694,
        0.0025488299996013187,
        0.003341189400818196
    ],
    "SM": [
        60.25916124504478,
        2.2422684993115873,
        0.9203466855058059,
        0.4090608838488947,
        0.19888226515431023,
        0.10491646516404689,
        0.06563602518633181,
        0.03108287299032102,
        0.016139894791585317,
        0.008328116660264505,
        0.0045723480661745254,
        0.0025369031905349195,
        0.0033979989188504087
    ],
    "bin-edges": [
        500,
        1000,
        1200,
        1400,
        1600,
        1800,
        2000,
        2250,
        2500,
        2750,
        3000,
        3250,
        3500,
        1000000000
    ]
}