{
    "data": [
        60.66493885498483,
        2.1972145532326284,
        0.9030219305166862,
        0.40338236117419557,
        0.19228040058687285,
        0.10001666563772407,
        0.06165897945886565,
        0.029148906557777972,
        0.014342095626093941,
        0.007435647991987955,
        0.003822794730705979,
        0.0020049223277727895,
        0.011508857245917258
    ],
    "SM": [
        60.25916124504478,
        2.2422684993115873,
        0.9203466855058059,
        0.4090608838488947,
        0.19888226515431023,
        0.10491646516404689,
        0.06563602518633181,
        0.03108287299032102,
        0.016139894791585317,
        0.008328116660264505,
        0.0045723480661745254,
        0.0025369031905349195,
        0.0033979989188504087
    ],
    "bin-edges": [
        500,
        1000,
        1200,
        1400,
        1600,
        1800,
        2000,
        2250,
        2500,
        2750,
        3000,
        3250,
        3500,
        1000000000
    ]
}