{
    "data": [
        46.48929754034285,
        7.396926774080212,
        6.3323187915588965,
        2.25334960784918,
        0.9003161339263179,
        0.41063268435262334,
        0.20027296600804095,
        0.10456955279646392,
        0.064689878701443,
        0.030418610870904153,
        0.01559949398652284,
        0.008123812495614174,
        0.004437732669365314,
        0.002380096905514989,
        0.003703327594550153
    ],
    "SM": [
        46.6384177627363,
        7.36751656452855,
        6.253226917780813,
        2.2422684993115873,
        0.9203466855058059,
        0.4090608838488947,
        0.19888226515431023,
        0.10491646516404689,
        0.06563602518633181,
        0.03108287299032102,
        0.016139894791585317,
        0.008328116660264505,
        0.0045723480661745254,
        0.0025369031905349195,
        0.0033979989188504087
    ],
    "bin-edges": [
        500,
        700,
        800,
        1000,
        1200,
        1400,
        1600,
        1800,
        2000,
        2250,
        2500,
        2750,
        3000,
        3250,
        3500,
        1000000000
    ]
}