{
    "data": [
        53.73003938032573,
        10.573285438675061,
        3.0300345589673916,
        1.0383437026624718,
        0.410125941054755,
        0.17598765460649038,
        0.08146238431324056,
        0.039165965003247004,
        0.019955217401499296,
        0.010106955619250128,
        0.005466167993324643,
        0.0030636675195997937,
        0.00367477134171222
    ],
    "SM": [
        53.652560000020394,
        10.747602000002486,
        3.0560320000016246,
        1.064060799999981,
        0.4234996142651021,
        0.1818024857349894,
        0.08627901177553082,
        0.041608058224499686,
        0.021606181808105855,
        0.011537217191901924,
        0.006264808570800991,
        0.003459900428400377,
        0.0047046035808007425
    ],
    "bin-edges": [
        500,
        750,
        1000,
        1250,
        1500,
        1750,
        2000,
        2250,
        2500,
        2750,
        3000,
        3250,
        3500,
        1000000000
    ]
}