{
    "data": [
        46.5343948006284,
        7.404820557092263,
        6.183006397095562,
        2.223653575535919,
        0.9164902502795765,
        0.4166215520321045,
        0.1968760169610813,
        0.10626252163395139,
        0.06430264960291607,
        0.031430766836207505,
        0.016130575294111656,
        0.008427011810935059,
        0.00458433815570607,
        0.002519201558648031,
        0.003503577954932533
    ],
    "SM": [
        46.6384177627363,
        7.36751656452855,
        6.253226917780813,
        2.2422684993115873,
        0.9203466855058059,
        0.4090608838488947,
        0.19888226515431023,
        0.10491646516404689,
        0.06563602518633181,
        0.03108287299032102,
        0.016139894791585317,
        0.008328116660264505,
        0.0045723480661745254,
        0.0025369031905349195,
        0.0033979989188504087
    ],
    "bin-edges": [
        500,
        700,
        800,
        1000,
        1200,
        1400,
        1600,
        1800,
        2000,
        2250,
        2500,
        2750,
        3000,
        3250,
        3500,
        1000000000
    ]
}