{
    "data": [
        60.896199447227616,
        2.2225029451644605,
        0.9179220996727239,
        0.412605229644864,
        0.19810355516921052,
        0.10394437035681232,
        0.06485544607793728,
        0.03116362989053065,
        0.015623912351830237,
        0.008309394344222475,
        0.004414399977090019,
        0.00240462176656442,
        0.005404726243212229
    ],
    "SM": [
        60.25916124504478,
        2.2422684993115873,
        0.9203466855058059,
        0.4090608838488947,
        0.19888226515431023,
        0.10491646516404689,
        0.06563602518633181,
        0.03108287299032102,
        0.016139894791585317,
        0.008328116660264505,
        0.0045723480661745254,
        0.0025369031905349195,
        0.0033979989188504087
    ],
    "bin-edges": [
        500,
        1000,
        1200,
        1400,
        1600,
        1800,
        2000,
        2250,
        2500,
        2750,
        3000,
        3250,
        3500,
        1000000000
    ]
}