{
    "data": [
        46.690782633561895,
        7.58856908445543,
        6.194333333994428,
        2.256000235956146,
        0.9102626376316018,
        0.4168842409708113,
        0.2004223172177673,
        0.10479944312160512,
        0.06619898828709422,
        0.031439292453294326,
        0.016296448681052858,
        0.008456354466085088,
        0.004658088246326526,
        0.002559264829910487,
        0.0033989008990993274
    ],
    "SM": [
        46.6384177627363,
        7.36751656452855,
        6.253226917780813,
        2.2422684993115873,
        0.9203466855058059,
        0.4090608838488947,
        0.19888226515431023,
        0.10491646516404689,
        0.06563602518633181,
        0.03108287299032102,
        0.016139894791585317,
        0.008328116660264505,
        0.0045723480661745254,
        0.0025369031905349195,
        0.0033979989188504087
    ],
    "bin-edges": [
        500,
        700,
        800,
        1000,
        1200,
        1400,
        1600,
        1800,
        2000,
        2250,
        2500,
        2750,
        3000,
        3250,
        3500,
        1000000000
    ]
}