{
    "data": [
        46.91331981073282,
        7.280196390003306,
        6.240826902519629,
        2.2021853461756717,
        0.9067479230591298,
        0.40902712487961973,
        0.19997135114254827,
        0.10389891509794187,
        0.06429525222556509,
        0.030947754908336646,
        0.01565869308649899,
        0.008134466232835591,
        0.00442639918895754,
        0.0023320873854935135,
        0.0031174450875920013
    ],
    "SM": [
        46.6384177627363,
        7.36751656452855,
        6.253226917780813,
        2.2422684993115873,
        0.9203466855058059,
        0.4090608838488947,
        0.19888226515431023,
        0.10491646516404689,
        0.06563602518633181,
        0.03108287299032102,
        0.016139894791585317,
        0.008328116660264505,
        0.0045723480661745254,
        0.0025369031905349195,
        0.0033979989188504087
    ],
    "bin-edges": [
        500,
        700,
        800,
        1000,
        1200,
        1400,
        1600,
        1800,
        2000,
        2250,
        2500,
        2750,
        3000,
        3250,
        3500,
        1000000000
    ]
}