{
    "data": [
        52.386708001574675,
        10.251221876474995,
        2.785947083779876,
        0.9227459862124915,
        0.34311992606448427,
        0.1372031224744929,
        0.058321864344576126,
        0.025538095240349286,
        0.011648319264300462,
        0.005234546468674971,
        0.0026252415488475325,
        0.001386509444964796,
        0.01930364349201961
    ],
    "SM": [
        53.652560000020394,
        10.747602000002486,
        3.0560320000016246,
        1.064060799999981,
        0.4234996142651021,
        0.1818024857349894,
        0.08627901177553082,
        0.041608058224499686,
        0.021606181808105855,
        0.011537217191901924,
        0.006264808570800991,
        0.003459900428400377,
        0.0047046035808007425
    ],
    "bin-edges": [
        500,
        750,
        1000,
        1250,
        1500,
        1750,
        2000,
        2250,
        2500,
        2750,
        3000,
        3250,
        3500,
        1000000000
    ]
}