{
    "data": [
        46.469451039336306,
        7.391612924814828,
        6.325740740187672,
        2.249807723500371,
        0.8983002880556583,
        0.40941359285903295,
        0.1994695949526716,
        0.10402702337503615,
        0.0642726139226004,
        0.030163995767553416,
        0.015434841949035303,
        0.008013623807920018,
        0.004363806926886818,
        0.002330122795079993,
        0.0037980532537550044
    ],
    "SM": [
        46.6384177627363,
        7.36751656452855,
        6.253226917780813,
        2.2422684993115873,
        0.9203466855058059,
        0.4090608838488947,
        0.19888226515431023,
        0.10491646516404689,
        0.06563602518633181,
        0.03108287299032102,
        0.016139894791585317,
        0.008328116660264505,
        0.0045723480661745254,
        0.0025369031905349195,
        0.0033979989188504087
    ],
    "bin-edges": [
        500,
        700,
        800,
        1000,
        1200,
        1400,
        1600,
        1800,
        2000,
        2250,
        2500,
        2750,
        3000,
        3250,
        3500,
        1000000000
    ]
}