{
    "data": [
        46.825845510177444,
        7.127727397295624,
        6.266241212725821,
        2.2257517364807438,
        0.905052074818186,
        0.405783251947763,
        0.19695437643440586,
        0.101290390313888,
        0.06309392926379656,
        0.030825774330599506,
        0.015323455427853757,
        0.008129582493729208,
        0.0042767137101749845,
        0.002351103190215987,
        0.00314137734487731
    ],
    "SM": [
        46.6384177627363,
        7.36751656452855,
        6.253226917780813,
        2.2422684993115873,
        0.9203466855058059,
        0.4090608838488947,
        0.19888226515431023,
        0.10491646516404689,
        0.06563602518633181,
        0.03108287299032102,
        0.016139894791585317,
        0.008328116660264505,
        0.0045723480661745254,
        0.0025369031905349195,
        0.0033979989188504087
    ],
    "bin-edges": [
        500,
        700,
        800,
        1000,
        1200,
        1400,
        1600,
        1800,
        2000,
        2250,
        2500,
        2750,
        3000,
        3250,
        3500,
        1000000000
    ]
}