{
    "data": [
        60.64340455900618,
        2.24712720471267,
        0.9161383189638731,
        0.4107488774652796,
        0.20278431604494765,
        0.10426533340431744,
        0.06567981150788195,
        0.031941499288727464,
        0.016377383577598433,
        0.008569472300644353,
        0.00462828819313888,
        0.002588338654664951,
        0.003416702246913774
    ],
    "SM": [
        60.25916124504478,
        2.2422684993115873,
        0.9203466855058059,
        0.4090608838488947,
        0.19888226515431023,
        0.10491646516404689,
        0.06563602518633181,
        0.03108287299032102,
        0.016139894791585317,
        0.008328116660264505,
        0.0045723480661745254,
        0.0025369031905349195,
        0.0033979989188504087
    ],
    "bin-edges": [
        500,
        1000,
        1200,
        1400,
        1600,
        1800,
        2000,
        2250,
        2500,
        2750,
        3000,
        3250,
        3500,
        1000000000
    ]
}