{
    "data": [
        46.4218500499186,
        7.3788727554914875,
        6.309976593329517,
        2.2413260426207486,
        0.8934775372763872,
        0.40650031627286937,
        0.19755228711791045,
        0.10273428755521966,
        0.063280528010623,
        0.02956033865668979,
        0.015045746978217466,
        0.00775434202590048,
        0.004190731182296467,
        0.0022141402932210233,
        0.004058628673268289
    ],
    "SM": [
        46.6384177627363,
        7.36751656452855,
        6.253226917780813,
        2.2422684993115873,
        0.9203466855058059,
        0.4090608838488947,
        0.19888226515431023,
        0.10491646516404689,
        0.06563602518633181,
        0.03108287299032102,
        0.016139894791585317,
        0.008328116660264505,
        0.0045723480661745254,
        0.0025369031905349195,
        0.0033979989188504087
    ],
    "bin-edges": [
        500,
        700,
        800,
        1000,
        1200,
        1400,
        1600,
        1800,
        2000,
        2250,
        2500,
        2750,
        3000,
        3250,
        3500,
        1000000000
    ]
}