{
    "data": [
        47.357914270466466,
        7.4523190227103395,
        6.216146287999075,
        2.233119414142562,
        0.9103261067060583,
        0.41591617408174975,
        0.20161191279704727,
        0.10224565785218992,
        0.06526907478534698,
        0.031398141335831076,
        0.016039471196323662,
        0.008212511420382203,
        0.00462702883768653,
        0.002473113233571497,
        0.0033318785699347504
    ],
    "SM": [
        46.6384177627363,
        7.36751656452855,
        6.253226917780813,
        2.2422684993115873,
        0.9203466855058059,
        0.4090608838488947,
        0.19888226515431023,
        0.10491646516404689,
        0.06563602518633181,
        0.03108287299032102,
        0.016139894791585317,
        0.008328116660264505,
        0.0045723480661745254,
        0.0025369031905349195,
        0.0033979989188504087
    ],
    "bin-edges": [
        500,
        700,
        800,
        1000,
        1200,
        1400,
        1600,
        1800,
        2000,
        2250,
        2500,
        2750,
        3000,
        3250,
        3500,
        1000000000
    ]
}