{
    "data": [
        60.29803517058583,
        2.188254537589678,
        0.8945075616301922,
        0.40521392003566314,
        0.19439205784712937,
        0.1000556948321537,
        0.06268628818681343,
        0.029622475612504286,
        0.015120816414482572,
        0.007734209691216305,
        0.004085977738294888,
        0.0021908143228860965,
        0.0029913356345823167
    ],
    "SM": [
        60.25916124504478,
        2.2422684993115873,
        0.9203466855058059,
        0.4090608838488947,
        0.19888226515431023,
        0.10491646516404689,
        0.06563602518633181,
        0.03108287299032102,
        0.016139894791585317,
        0.008328116660264505,
        0.0045723480661745254,
        0.0025369031905349195,
        0.0033979989188504087
    ],
    "bin-edges": [
        500,
        1000,
        1200,
        1400,
        1600,
        1800,
        2000,
        2250,
        2500,
        2750,
        3000,
        3250,
        3500,
        1000000000
    ]
}