{
    "data": [
        60.961468157718315,
        2.2463620357032843,
        0.9186845507824624,
        0.4145054018805668,
        0.2063283057048399,
        0.10364579262317311,
        0.06539154410506293,
        0.03184870086635152,
        0.016235484839759586,
        0.00863398829453045,
        0.004659520181744232,
        0.002538463949248506,
        0.003433145489479642
    ],
    "SM": [
        60.25916124504478,
        2.2422684993115873,
        0.9203466855058059,
        0.4090608838488947,
        0.19888226515431023,
        0.10491646516404689,
        0.06563602518633181,
        0.03108287299032102,
        0.016139894791585317,
        0.008328116660264505,
        0.0045723480661745254,
        0.0025369031905349195,
        0.0033979989188504087
    ],
    "bin-edges": [
        500,
        1000,
        1200,
        1400,
        1600,
        1800,
        2000,
        2250,
        2500,
        2750,
        3000,
        3250,
        3500,
        1000000000
    ]
}