{
    "data": [
        60.52031623154799,
        2.2125646649533395,
        0.9085362247346761,
        0.4138400933066181,
        0.1998339040871891,
        0.10355157170191612,
        0.06552997249961345,
        0.031351595160221325,
        0.01623942016197626,
        0.008445276863678772,
        0.004551372774363229,
        0.002495760675136835,
        0.0033492326936416924
    ],
    "SM": [
        60.25916124504478,
        2.2422684993115873,
        0.9203466855058059,
        0.4090608838488947,
        0.19888226515431023,
        0.10491646516404689,
        0.06563602518633181,
        0.03108287299032102,
        0.016139894791585317,
        0.008328116660264505,
        0.0045723480661745254,
        0.0025369031905349195,
        0.0033979989188504087
    ],
    "bin-edges": [
        500,
        1000,
        1200,
        1400,
        1600,
        1800,
        2000,
        2250,
        2500,
        2750,
        3000,
        3250,
        3500,
        1000000000
    ]
}