{
    "data": [
        47.02397074504186,
        7.1868763656618295,
        6.182687458305431,
        2.2383761829164963,
        0.9060172159532016,
        0.4103575787394047,
        0.19863944867423156,
        0.10171934783006778,
        0.06358525200316438,
        0.030754090836201113,
        0.015345644729143598,
        0.007986586681681115,
        0.00419373294401612,
        0.0022800403327571644,
        0.007306828700301707
    ],
    "SM": [
        46.6384177627363,
        7.36751656452855,
        6.253226917780813,
        2.2422684993115873,
        0.9203466855058059,
        0.4090608838488947,
        0.19888226515431023,
        0.10491646516404689,
        0.06563602518633181,
        0.03108287299032102,
        0.016139894791585317,
        0.008328116660264505,
        0.0045723480661745254,
        0.0025369031905349195,
        0.0033979989188504087
    ],
    "bin-edges": [
        500,
        700,
        800,
        1000,
        1200,
        1400,
        1600,
        1800,
        2000,
        2250,
        2500,
        2750,
        3000,
        3250,
        3500,
        1000000000
    ]
}