{
    "data": [
        47.19912226538421,
        7.318170064110031,
        6.228983698348128,
        2.2430668835299765,
        0.9090516952667465,
        0.40741915424712444,
        0.19762949389687404,
        0.1034302385305918,
        0.06385394294492842,
        0.030968148545425202,
        0.015842616981461877,
        0.007946078876213526,
        0.00436314267520435,
        0.002357605514456947,
        0.0030517789269979044
    ],
    "SM": [
        46.6384177627363,
        7.36751656452855,
        6.253226917780813,
        2.2422684993115873,
        0.9203466855058059,
        0.4090608838488947,
        0.19888226515431023,
        0.10491646516404689,
        0.06563602518633181,
        0.03108287299032102,
        0.016139894791585317,
        0.008328116660264505,
        0.0045723480661745254,
        0.0025369031905349195,
        0.0033979989188504087
    ],
    "bin-edges": [
        500,
        700,
        800,
        1000,
        1200,
        1400,
        1600,
        1800,
        2000,
        2250,
        2500,
        2750,
        3000,
        3250,
        3500,
        1000000000
    ]
}