{
    "data": [
        60.829582766328734,
        2.212839069892323,
        0.9077451055349602,
        0.4082507519700766,
        0.19689149229289282,
        0.10183400858240675,
        0.06403247622575621,
        0.030768064079949493,
        0.015427762119565844,
        0.008058213698315933,
        0.0042833459209234296,
        0.0023471357882272575,
        0.003027197954109726
    ],
    "SM": [
        60.25916124504478,
        2.2422684993115873,
        0.9203466855058059,
        0.4090608838488947,
        0.19888226515431023,
        0.10491646516404689,
        0.06563602518633181,
        0.03108287299032102,
        0.016139894791585317,
        0.008328116660264505,
        0.0045723480661745254,
        0.0025369031905349195,
        0.0033979989188504087
    ],
    "bin-edges": [
        500,
        1000,
        1200,
        1400,
        1600,
        1800,
        2000,
        2250,
        2500,
        2750,
        3000,
        3250,
        3500,
        1000000000
    ]
}