{
    "data": [
        53.64176279542501,
        10.774220169924982,
        3.034970604460026,
        1.0544932469325141,
        0.4146076191284963,
        0.17797347581801096,
        0.0825660917664914,
        0.04002891817474839,
        0.020536364874500713,
        0.010293872321500213,
        0.005620758241599802,
        0.0030581365691499714,
        0.005266498756747113
    ],
    "SM": [
        53.652560000020394,
        10.747602000002486,
        3.0560320000016246,
        1.064060799999981,
        0.4234996142651021,
        0.1818024857349894,
        0.08627901177553082,
        0.041608058224499686,
        0.021606181808105855,
        0.011537217191901924,
        0.006264808570800991,
        0.003459900428400377,
        0.0047046035808007425
    ],
    "bin-edges": [
        500,
        750,
        1000,
        1250,
        1500,
        1750,
        2000,
        2250,
        2500,
        2750,
        3000,
        3250,
        3500,
        1000000000
    ]
}