{
    "data": [
        46.950526496751124,
        7.387936368276287,
        6.140057681471145,
        2.22549735003935,
        0.9164703658374272,
        0.4082524348726303,
        0.19913368494735195,
        0.10589441378478129,
        0.06566294674567687,
        0.03150972485162951,
        0.016106895615465303,
        0.008332294676650526,
        0.004488917020158406,
        0.002482625720762,
        0.0033493833556156338
    ],
    "SM": [
        46.6384177627363,
        7.36751656452855,
        6.253226917780813,
        2.2422684993115873,
        0.9203466855058059,
        0.4090608838488947,
        0.19888226515431023,
        0.10491646516404689,
        0.06563602518633181,
        0.03108287299032102,
        0.016139894791585317,
        0.008328116660264505,
        0.0045723480661745254,
        0.0025369031905349195,
        0.0033979989188504087
    ],
    "bin-edges": [
        500,
        700,
        800,
        1000,
        1200,
        1400,
        1600,
        1800,
        2000,
        2250,
        2500,
        2750,
        3000,
        3250,
        3500,
        1000000000
    ]
}