{
    "data": [
        46.5829243929961,
        7.304384895214919,
        6.295733884352654,
        2.244254926139385,
        0.9101074917964926,
        0.4187588593900154,
        0.20023001638655533,
        0.10255559226596771,
        0.06394806910870993,
        0.03142550017407417,
        0.0158882366289138,
        0.008393129175295031,
        0.004476698103193155,
        0.0025483166355011735,
        0.0032618814488730337
    ],
    "SM": [
        46.6384177627363,
        7.36751656452855,
        6.253226917780813,
        2.2422684993115873,
        0.9203466855058059,
        0.4090608838488947,
        0.19888226515431023,
        0.10491646516404689,
        0.06563602518633181,
        0.03108287299032102,
        0.016139894791585317,
        0.008328116660264505,
        0.0045723480661745254,
        0.0025369031905349195,
        0.0033979989188504087
    ],
    "bin-edges": [
        500,
        700,
        800,
        1000,
        1200,
        1400,
        1600,
        1800,
        2000,
        2250,
        2500,
        2750,
        3000,
        3250,
        3500,
        1000000000
    ]
}