{
    "data": [
        46.55039639020973,
        7.409122972667234,
        6.188054662980437,
        2.2264114408722664,
        0.9181207207870985,
        0.4176367284506911,
        0.197493328850371,
        0.10669218893701736,
        0.06463740418098514,
        0.03164188289248375,
        0.016267911248480663,
        0.008519387748837145,
        0.004645973440477016,
        0.0025622678193770133,
        0.003440514920805582
    ],
    "SM": [
        46.6384177627363,
        7.36751656452855,
        6.253226917780813,
        2.2422684993115873,
        0.9203466855058059,
        0.4090608838488947,
        0.19888226515431023,
        0.10491646516404689,
        0.06563602518633181,
        0.03108287299032102,
        0.016139894791585317,
        0.008328116660264505,
        0.0045723480661745254,
        0.0025369031905349195,
        0.0033979989188504087
    ],
    "bin-edges": [
        500,
        700,
        800,
        1000,
        1200,
        1400,
        1600,
        1800,
        2000,
        2250,
        2500,
        2750,
        3000,
        3250,
        3500,
        1000000000
    ]
}