{
    "data": [
        46.32595216736877,
        7.316311811883299,
        6.185721621818986,
        2.2017871345556914,
        0.9093328520116853,
        0.40366078682377626,
        0.1934052932312357,
        0.09677318133464281,
        0.06275690954421954,
        0.029135123807740117,
        0.014588254562777517,
        0.007349482137602405,
        0.0037928465378201438,
        0.0020333794896373624,
        0.033535657892312803
    ],
    "SM": [
        46.6384177627363,
        7.36751656452855,
        6.253226917780813,
        2.2422684993115873,
        0.9203466855058059,
        0.4090608838488947,
        0.19888226515431023,
        0.10491646516404689,
        0.06563602518633181,
        0.03108287299032102,
        0.016139894791585317,
        0.008328116660264505,
        0.0045723480661745254,
        0.0025369031905349195,
        0.0033979989188504087
    ],
    "bin-edges": [
        500,
        700,
        800,
        1000,
        1200,
        1400,
        1600,
        1800,
        2000,
        2250,
        2500,
        2750,
        3000,
        3250,
        3500,
        1000000000
    ]
}