{
    "data": [
        60.85156961753414,
        2.2152101390124166,
        0.9091051031243711,
        0.40907246101355965,
        0.19741674593494998,
        0.10216731519474286,
        0.06430011208335053,
        0.030928873101074672,
        0.015528987035736052,
        0.00812169187744239,
        0.00432365408924764,
        0.002373573534368198,
        0.003077372295568143
    ],
    "SM": [
        60.25916124504478,
        2.2422684993115873,
        0.9203466855058059,
        0.4090608838488947,
        0.19888226515431023,
        0.10491646516404689,
        0.06563602518633181,
        0.03108287299032102,
        0.016139894791585317,
        0.008328116660264505,
        0.0045723480661745254,
        0.0025369031905349195,
        0.0033979989188504087
    ],
    "bin-edges": [
        500,
        1000,
        1200,
        1400,
        1600,
        1800,
        2000,
        2250,
        2500,
        2750,
        3000,
        3250,
        3500,
        1000000000
    ]
}