{
    "data": [
        46.85234688907364,
        7.453259161754619,
        6.1803922089521715,
        2.228218532795338,
        0.9093232935586035,
        0.4193772561764323,
        0.1992056618995946,
        0.10522273082255743,
        0.06670411455597383,
        0.03158603221402086,
        0.016425545336847557,
        0.008556905985508364,
        0.004631697521966874,
        0.0025570180513684866,
        0.003380816017862934
    ],
    "SM": [
        46.6384177627363,
        7.36751656452855,
        6.253226917780813,
        2.2422684993115873,
        0.9203466855058059,
        0.4090608838488947,
        0.19888226515431023,
        0.10491646516404689,
        0.06563602518633181,
        0.03108287299032102,
        0.016139894791585317,
        0.008328116660264505,
        0.0045723480661745254,
        0.0025369031905349195,
        0.0033979989188504087
    ],
    "bin-edges": [
        500,
        700,
        800,
        1000,
        1200,
        1400,
        1600,
        1800,
        2000,
        2250,
        2500,
        2750,
        3000,
        3250,
        3500,
        1000000000
    ]
}