{
    "data": [
        60.721102775134405,
        2.2656613669874526,
        0.9139496093109846,
        0.41088802654293366,
        0.20186672503552242,
        0.10407266896723719,
        0.06537602696125695,
        0.03169675280407784,
        0.01616204651162908,
        0.008448923135562395,
        0.004567585378358385,
        0.002520233182316795,
        0.003355816783763657
    ],
    "SM": [
        60.25916124504478,
        2.2422684993115873,
        0.9203466855058059,
        0.4090608838488947,
        0.19888226515431023,
        0.10491646516404689,
        0.06563602518633181,
        0.03108287299032102,
        0.016139894791585317,
        0.008328116660264505,
        0.0045723480661745254,
        0.0025369031905349195,
        0.0033979989188504087
    ],
    "bin-edges": [
        500,
        1000,
        1200,
        1400,
        1600,
        1800,
        2000,
        2250,
        2500,
        2750,
        3000,
        3250,
        3500,
        1000000000
    ]
}