{
    "data": [
        60.452942490317895,
        2.174163789298881,
        0.8894945591663233,
        0.39505090196463866,
        0.18705180976908498,
        0.0965161035720322,
        0.05884019600019007,
        0.0273971934304123,
        0.013249400106361695,
        0.006710642350466137,
        0.003349762614461053,
        0.0017026903211993984,
        0.017276182353730452
    ],
    "SM": [
        60.25916124504478,
        2.2422684993115873,
        0.9203466855058059,
        0.4090608838488947,
        0.19888226515431023,
        0.10491646516404689,
        0.06563602518633181,
        0.03108287299032102,
        0.016139894791585317,
        0.008328116660264505,
        0.0045723480661745254,
        0.0025369031905349195,
        0.0033979989188504087
    ],
    "bin-edges": [
        500,
        1000,
        1200,
        1400,
        1600,
        1800,
        2000,
        2250,
        2500,
        2750,
        3000,
        3250,
        3500,
        1000000000
    ]
}