{
    "data": [
        46.425147066618926,
        7.343005012936361,
        6.218552360507484,
        2.219661035595108,
        0.9201316342333103,
        0.41043141274722017,
        0.19766677700086838,
        0.09966050080727065,
        0.06524555442198443,
        0.030725133353239596,
        0.015721964627745298,
        0.008134681556616615,
        0.004346458977880267,
        0.0023809445124554534,
        0.013513912991688203
    ],
    "SM": [
        46.6384177627363,
        7.36751656452855,
        6.253226917780813,
        2.2422684993115873,
        0.9203466855058059,
        0.4090608838488947,
        0.19888226515431023,
        0.10491646516404689,
        0.06563602518633181,
        0.03108287299032102,
        0.016139894791585317,
        0.008328116660264505,
        0.0045723480661745254,
        0.0025369031905349195,
        0.0033979989188504087
    ],
    "bin-edges": [
        500,
        700,
        800,
        1000,
        1200,
        1400,
        1600,
        1800,
        2000,
        2250,
        2500,
        2750,
        3000,
        3250,
        3500,
        1000000000
    ]
}