{
    "data": [
        53.85447728097451,
        10.602058426374999,
        3.0566837829599343,
        1.0386507276574761,
        0.41637739636301246,
        0.17702393538024083,
        0.08226768321465552,
        0.039067813089799716,
        0.019656339964274953,
        0.008766749741099969,
        0.004975082870750023,
        0.0026316298149500024,
        0.03463816602810845
    ],
    "SM": [
        53.652560000020394,
        10.747602000002486,
        3.0560320000016246,
        1.064060799999981,
        0.4234996142651021,
        0.1818024857349894,
        0.08627901177553082,
        0.041608058224499686,
        0.021606181808105855,
        0.011537217191901924,
        0.006264808570800991,
        0.003459900428400377,
        0.0047046035808007425
    ],
    "bin-edges": [
        500,
        750,
        1000,
        1250,
        1500,
        1750,
        2000,
        2250,
        2500,
        2750,
        3000,
        3250,
        3500,
        1000000000
    ]
}