{
    "data": [
        47.101040554210726,
        7.207052040995844,
        6.2077338160316335,
        2.2520683857438515,
        0.9139714156099736,
        0.4151950795026961,
        0.20183176276787343,
        0.10384493365868541,
        0.06532757399421595,
        0.03183471848303284,
        0.016050024513542323,
        0.008465332720375111,
        0.004523691246684875,
        0.0025180581598290073,
        0.004177246044061742
    ],
    "SM": [
        46.6384177627363,
        7.36751656452855,
        6.253226917780813,
        2.2422684993115873,
        0.9203466855058059,
        0.4090608838488947,
        0.19888226515431023,
        0.10491646516404689,
        0.06563602518633181,
        0.03108287299032102,
        0.016139894791585317,
        0.008328116660264505,
        0.0045723480661745254,
        0.0025369031905349195,
        0.0033979989188504087
    ],
    "bin-edges": [
        500,
        700,
        800,
        1000,
        1200,
        1400,
        1600,
        1800,
        2000,
        2250,
        2500,
        2750,
        3000,
        3250,
        3500,
        1000000000
    ]
}