{
    "data": [
        46.82268093726786,
        7.445062550229166,
        6.171146568561557,
        2.223130641849129,
        0.9063269638416824,
        0.4175185782815425,
        0.19806488510224166,
        0.10445880177849404,
        0.06609687597221052,
        0.03122090505437151,
        0.016193096578340598,
        0.008404757179855539,
        0.004533362272104945,
        0.002491586211724543,
        0.003256454141537141
    ],
    "SM": [
        46.6384177627363,
        7.36751656452855,
        6.253226917780813,
        2.2422684993115873,
        0.9203466855058059,
        0.4090608838488947,
        0.19888226515431023,
        0.10491646516404689,
        0.06563602518633181,
        0.03108287299032102,
        0.016139894791585317,
        0.008328116660264505,
        0.0045723480661745254,
        0.0025369031905349195,
        0.0033979989188504087
    ],
    "bin-edges": [
        500,
        700,
        800,
        1000,
        1200,
        1400,
        1600,
        1800,
        2000,
        2250,
        2500,
        2750,
        3000,
        3250,
        3500,
        1000000000
    ]
}