{
    "data": [
        60.372030902116755,
        2.1963322096059086,
        0.8991630754554533,
        0.4080721949779174,
        0.1961919584491463,
        0.10120957086401655,
        0.06362229789841797,
        0.030189567829193537,
        0.015486104771853741,
        0.007965187698636923,
        0.004236204937944799,
        0.0022885117437593224,
        0.003093654108381308
    ],
    "SM": [
        60.25916124504478,
        2.2422684993115873,
        0.9203466855058059,
        0.4090608838488947,
        0.19888226515431023,
        0.10491646516404689,
        0.06563602518633181,
        0.03108287299032102,
        0.016139894791585317,
        0.008328116660264505,
        0.0045723480661745254,
        0.0025369031905349195,
        0.0033979989188504087
    ],
    "bin-edges": [
        500,
        1000,
        1200,
        1400,
        1600,
        1800,
        2000,
        2250,
        2500,
        2750,
        3000,
        3250,
        3500,
        1000000000
    ]
}