{
    "data": [
        46.900436644866446,
        7.276882134062503,
        6.236749176916318,
        2.1999822800596673,
        0.9054847454661803,
        0.40826071144043524,
        0.1994860984608461,
        0.10357468293902689,
        0.06404646322675192,
        0.030800291283947342,
        0.015563589571124059,
        0.008075452275762486,
        0.00438734314885347,
        0.002308162179200456,
        0.003069957137968353
    ],
    "SM": [
        46.6384177627363,
        7.36751656452855,
        6.253226917780813,
        2.2422684993115873,
        0.9203466855058059,
        0.4090608838488947,
        0.19888226515431023,
        0.10491646516404689,
        0.06563602518633181,
        0.03108287299032102,
        0.016139894791585317,
        0.008328116660264505,
        0.0045723480661745254,
        0.0025369031905349195,
        0.0033979989188504087
    ],
    "bin-edges": [
        500,
        700,
        800,
        1000,
        1200,
        1400,
        1600,
        1800,
        2000,
        2250,
        2500,
        2750,
        3000,
        3250,
        3500,
        1000000000
    ]
}