{
    "data": [
        46.33074464204918,
        7.354508452646451,
        6.279856473477173,
        2.225145532180358,
        0.8842951814194727,
        0.40096646755635407,
        0.19392036730830048,
        0.1002937296933709,
        0.061416058583766406,
        0.02843276381171799,
        0.01432413002119292,
        0.007277889547165386,
        0.0038762748480251122,
        0.0020073516653325058,
        0.004682748760662922
    ],
    "SM": [
        46.6384177627363,
        7.36751656452855,
        6.253226917780813,
        2.2422684993115873,
        0.9203466855058059,
        0.4090608838488947,
        0.19888226515431023,
        0.10491646516404689,
        0.06563602518633181,
        0.03108287299032102,
        0.016139894791585317,
        0.008328116660264505,
        0.0045723480661745254,
        0.0025369031905349195,
        0.0033979989188504087
    ],
    "bin-edges": [
        500,
        700,
        800,
        1000,
        1200,
        1400,
        1600,
        1800,
        2000,
        2250,
        2500,
        2750,
        3000,
        3250,
        3500,
        1000000000
    ]
}