{
    "data": [
        60.82210558914077,
        2.2143846914078686,
        0.9131320035124849,
        0.40963515844357723,
        0.19622437652275837,
        0.10267373148294609,
        0.0638175631069411,
        0.030506392377022004,
        0.015203053600518024,
        0.008020168343138024,
        0.004216337093328003,
        0.0022686047212300063,
        0.007336780647013574
    ],
    "SM": [
        60.25916124504478,
        2.2422684993115873,
        0.9203466855058059,
        0.4090608838488947,
        0.19888226515431023,
        0.10491646516404689,
        0.06563602518633181,
        0.03108287299032102,
        0.016139894791585317,
        0.008328116660264505,
        0.0045723480661745254,
        0.0025369031905349195,
        0.0033979989188504087
    ],
    "bin-edges": [
        500,
        1000,
        1200,
        1400,
        1600,
        1800,
        2000,
        2250,
        2500,
        2750,
        3000,
        3250,
        3500,
        1000000000
    ]
}