{
    "data": [
        53.117752303523744,
        10.559766570424967,
        2.9319909177074215,
        1.0010546887849887,
        0.38405579659549105,
        0.16153858180175917,
        0.07232726010050901,
        0.033938903973999374,
        0.016415426681749744,
        0.007805550534249957,
        0.004127786963117247,
        0.0020701225785473803,
        0.0038165246634840728
    ],
    "SM": [
        53.652560000020394,
        10.747602000002486,
        3.0560320000016246,
        1.064060799999981,
        0.4234996142651021,
        0.1818024857349894,
        0.08627901177553082,
        0.041608058224499686,
        0.021606181808105855,
        0.011537217191901924,
        0.006264808570800991,
        0.003459900428400377,
        0.0047046035808007425
    ],
    "bin-edges": [
        500,
        750,
        1000,
        1250,
        1500,
        1750,
        2000,
        2250,
        2500,
        2750,
        3000,
        3250,
        3500,
        1000000000
    ]
}