{
    "data": [
        46.92525352463404,
        7.283266838121666,
        6.244605225828482,
        2.2042272042998543,
        0.9079190441670538,
        0.4097379597445584,
        0.2004216159931078,
        0.10419992032154778,
        0.06452637356672028,
        0.031084859021668066,
        0.015747201999117832,
        0.008189448287192095,
        0.004462832685992079,
        0.0023544377590609886,
        0.0031621290667028655
    ],
    "SM": [
        46.6384177627363,
        7.36751656452855,
        6.253226917780813,
        2.2422684993115873,
        0.9203466855058059,
        0.4090608838488947,
        0.19888226515431023,
        0.10491646516404689,
        0.06563602518633181,
        0.03108287299032102,
        0.016139894791585317,
        0.008328116660264505,
        0.0045723480661745254,
        0.0025369031905349195,
        0.0033979989188504087
    ],
    "bin-edges": [
        500,
        700,
        800,
        1000,
        1200,
        1400,
        1600,
        1800,
        2000,
        2250,
        2500,
        2750,
        3000,
        3250,
        3500,
        1000000000
    ]
}