{
    "data": [
        46.94626717114644,
        7.288674473464077,
        6.251261026154604,
        2.2078253215169403,
        0.9099836542010975,
        0.4109917510551732,
        0.20121627571397674,
        0.1047315069520741,
        0.06493490458138808,
        0.03132746627242286,
        0.015904019949678955,
        0.00828700387040448,
        0.004527583485580843,
        0.002394232997751922,
        0.0032424441078798823
    ],
    "SM": [
        46.6384177627363,
        7.36751656452855,
        6.253226917780813,
        2.2422684993115873,
        0.9203466855058059,
        0.4090608838488947,
        0.19888226515431023,
        0.10491646516404689,
        0.06563602518633181,
        0.03108287299032102,
        0.016139894791585317,
        0.008328116660264505,
        0.0045723480661745254,
        0.0025369031905349195,
        0.0033979989188504087
    ],
    "bin-edges": [
        500,
        700,
        800,
        1000,
        1200,
        1400,
        1600,
        1800,
        2000,
        2250,
        2500,
        2750,
        3000,
        3250,
        3500,
        1000000000
    ]
}