{
    "data": [
        60.70893564492556,
        2.2643174634954844,
        0.9131922750785935,
        0.4104241398420671,
        0.2015712623461338,
        0.10388124669564067,
        0.06522577310647915,
        0.03160300805737541,
        0.01610368506504815,
        0.008411601195948415,
        0.004543108489954626,
        0.002504383695763594,
        0.0033241006549535415
    ],
    "SM": [
        60.25916124504478,
        2.2422684993115873,
        0.9203466855058059,
        0.4090608838488947,
        0.19888226515431023,
        0.10491646516404689,
        0.06563602518633181,
        0.03108287299032102,
        0.016139894791585317,
        0.008328116660264505,
        0.0045723480661745254,
        0.0025369031905349195,
        0.0033979989188504087
    ],
    "bin-edges": [
        500,
        1000,
        1200,
        1400,
        1600,
        1800,
        2000,
        2250,
        2500,
        2750,
        3000,
        3250,
        3500,
        1000000000
    ]
}