{
    "data": [
        60.63985619912197,
        2.2467346242331434,
        0.915913762164485,
        0.4106126675671209,
        0.20269677803618563,
        0.10420908927043485,
        0.06563486502838728,
        0.03191383965720918,
        0.016359612715853983,
        0.008558119314111575,
        0.004620798772384098,
        0.002583372047165128,
        0.0034071655959963696
    ],
    "SM": [
        60.25916124504478,
        2.2422684993115873,
        0.9203466855058059,
        0.4090608838488947,
        0.19888226515431023,
        0.10491646516404689,
        0.06563602518633181,
        0.03108287299032102,
        0.016139894791585317,
        0.008328116660264505,
        0.0045723480661745254,
        0.0025369031905349195,
        0.0033979989188504087
    ],
    "bin-edges": [
        500,
        1000,
        1200,
        1400,
        1600,
        1800,
        2000,
        2250,
        2500,
        2750,
        3000,
        3250,
        3500,
        1000000000
    ]
}