{
    "data": [
        60.54884917683052,
        2.236677487384527,
        0.9101656111430368,
        0.4071291880388934,
        0.20046050674268828,
        0.10277398053869974,
        0.06448986244852621,
        0.031210683297947336,
        0.01590891422891341,
        0.00827100092180103,
        0.004431986452663981,
        0.0024586152744495893,
        0.0031725185239522206
    ],
    "SM": [
        60.25916124504478,
        2.2422684993115873,
        0.9203466855058059,
        0.4090608838488947,
        0.19888226515431023,
        0.10491646516404689,
        0.06563602518633181,
        0.03108287299032102,
        0.016139894791585317,
        0.008328116660264505,
        0.0045723480661745254,
        0.0025369031905349195,
        0.0033979989188504087
    ],
    "bin-edges": [
        500,
        1000,
        1200,
        1400,
        1600,
        1800,
        2000,
        2250,
        2500,
        2750,
        3000,
        3250,
        3500,
        1000000000
    ]
}