{
    "data": [
        60.60201885737583,
        2.2425505187936174,
        0.9135212850953768,
        0.40916202136000135,
        0.20176494354933514,
        0.10361067758023866,
        0.06515700131365323,
        0.031620031749975554,
        0.01617104088238714,
        0.008437797217290575,
        0.004541532927708613,
        0.0025308914146006858,
        0.0033072188230467295
    ],
    "SM": [
        60.25916124504478,
        2.2422684993115873,
        0.9203466855058059,
        0.4090608838488947,
        0.19888226515431023,
        0.10491646516404689,
        0.06563602518633181,
        0.03108287299032102,
        0.016139894791585317,
        0.008328116660264505,
        0.0045723480661745254,
        0.0025369031905349195,
        0.0033979989188504087
    ],
    "bin-edges": [
        500,
        1000,
        1200,
        1400,
        1600,
        1800,
        2000,
        2250,
        2500,
        2750,
        3000,
        3250,
        3500,
        1000000000
    ]
}