{
    "data": [
        46.86111116110888,
        7.136906318464391,
        6.277535680209636,
        2.23186815501162,
        0.9085817214697454,
        0.40792931205016697,
        0.19829520522953517,
        0.1021559015980398,
        0.06380180501526725,
        0.03126629478157583,
        0.015598984102180947,
        0.00831175742941607,
        0.0043944458369735385,
        0.002430449333779516,
        0.0032347805324854243
    ],
    "SM": [
        46.6384177627363,
        7.36751656452855,
        6.253226917780813,
        2.2422684993115873,
        0.9203466855058059,
        0.4090608838488947,
        0.19888226515431023,
        0.10491646516404689,
        0.06563602518633181,
        0.03108287299032102,
        0.016139894791585317,
        0.008328116660264505,
        0.0045723480661745254,
        0.0025369031905349195,
        0.0033979989188504087
    ],
    "bin-edges": [
        500,
        700,
        800,
        1000,
        1200,
        1400,
        1600,
        1800,
        2000,
        2250,
        2500,
        2750,
        3000,
        3250,
        3500,
        1000000000
    ]
}