{
    "data": [
        52.56401401587444,
        10.102264466699976,
        2.802104977747493,
        0.9203177902450083,
        0.3459310536272505,
        0.14003506686900918,
        0.060578219468677676,
        0.026733875790551174,
        0.012511139648600346,
        0.005839347996899942,
        0.0028650276156594293,
        0.0015211268776049271,
        0.0035400756914650876
    ],
    "SM": [
        53.652560000020394,
        10.747602000002486,
        3.0560320000016246,
        1.064060799999981,
        0.4234996142651021,
        0.1818024857349894,
        0.08627901177553082,
        0.041608058224499686,
        0.021606181808105855,
        0.011537217191901924,
        0.006264808570800991,
        0.003459900428400377,
        0.0047046035808007425
    ],
    "bin-edges": [
        500,
        750,
        1000,
        1250,
        1500,
        1750,
        2000,
        2250,
        2500,
        2750,
        3000,
        3250,
        3500,
        1000000000
    ]
}