{
    "data": [
        60.8870152791887,
        2.2381571939820764,
        0.9139515825423434,
        0.41158425241780566,
        0.20441969535775042,
        0.10242120531472827,
        0.06440840063199887,
        0.031236053379325238,
        0.015836238550495093,
        0.008367803563536379,
        0.0044822939169873776,
        0.0024179346010386018,
        0.0036213421674446584
    ],
    "SM": [
        60.25916124504478,
        2.2422684993115873,
        0.9203466855058059,
        0.4090608838488947,
        0.19888226515431023,
        0.10491646516404689,
        0.06563602518633181,
        0.03108287299032102,
        0.016139894791585317,
        0.008328116660264505,
        0.0045723480661745254,
        0.0025369031905349195,
        0.0033979989188504087
    ],
    "bin-edges": [
        500,
        1000,
        1200,
        1400,
        1600,
        1800,
        2000,
        2250,
        2500,
        2750,
        3000,
        3250,
        3500,
        1000000000
    ]
}