{
    "data": [
        60.40443615099965,
        2.199874421016254,
        0.9012064592436222,
        0.4093281259341994,
        0.19698386899585818,
        0.10171800440260588,
        0.06403555693838438,
        0.030440602288702108,
        0.015648309318173775,
        0.008068146305341722,
        0.004303475075195363,
        0.002332499489952578,
        0.0031437474575784306
    ],
    "SM": [
        60.25916124504478,
        2.2422684993115873,
        0.9203466855058059,
        0.4090608838488947,
        0.19888226515431023,
        0.10491646516404689,
        0.06563602518633181,
        0.03108287299032102,
        0.016139894791585317,
        0.008328116660264505,
        0.0045723480661745254,
        0.0025369031905349195,
        0.0033979989188504087
    ],
    "bin-edges": [
        500,
        1000,
        1200,
        1400,
        1600,
        1800,
        2000,
        2250,
        2500,
        2750,
        3000,
        3250,
        3500,
        1000000000
    ]
}