{
    "data": [
        46.85605622730078,
        7.454284205315192,
        6.181548689939077,
        2.2288551886936148,
        0.9096983877436668,
        0.41961005763702974,
        0.19934863333754593,
        0.10531853921014538,
        0.06678034055807223,
        0.031631919405492565,
        0.01645479703132031,
        0.008576079174416424,
        0.004644113365158298,
        0.0025653056045389796,
        0.003396884292841599
    ],
    "SM": [
        46.6384177627363,
        7.36751656452855,
        6.253226917780813,
        2.2422684993115873,
        0.9203466855058059,
        0.4090608838488947,
        0.19888226515431023,
        0.10491646516404689,
        0.06563602518633181,
        0.03108287299032102,
        0.016139894791585317,
        0.008328116660264505,
        0.0045723480661745254,
        0.0025369031905349195,
        0.0033979989188504087
    ],
    "bin-edges": [
        500,
        700,
        800,
        1000,
        1200,
        1400,
        1600,
        1800,
        2000,
        2250,
        2500,
        2750,
        3000,
        3250,
        3500,
        1000000000
    ]
}