{
    "data": [
        45.88622071515547,
        7.198377597486267,
        6.041225421143102,
        2.123616172097108,
        0.8625430057016938,
        0.37462594502881824,
        0.1753624046352917,
        0.08477260974315734,
        0.052715106413665565,
        0.02308933271889591,
        0.010382385484565201,
        0.004868932634174188,
        0.002568766794678606,
        0.002185503673176101,
        0.11460472219558396
    ],
    "SM": [
        46.6384177627363,
        7.36751656452855,
        6.253226917780813,
        2.2422684993115873,
        0.9203466855058059,
        0.4090608838488947,
        0.19888226515431023,
        0.10491646516404689,
        0.06563602518633181,
        0.03108287299032102,
        0.016139894791585317,
        0.008328116660264505,
        0.0045723480661745254,
        0.0025369031905349195,
        0.0033979989188504087
    ],
    "bin-edges": [
        500,
        700,
        800,
        1000,
        1200,
        1400,
        1600,
        1800,
        2000,
        2250,
        2500,
        2750,
        3000,
        3250,
        3500,
        1000000000
    ]
}