{
    "data": [
        60.91040584140893,
        2.2407332444050416,
        0.9154369510116852,
        0.4125005085117042,
        0.2050179893581568,
        0.10280478937481834,
        0.0647160660208785,
        0.03142753017525548,
        0.01596083730172598,
        0.008450721415268347,
        0.00453737223217274,
        0.0024552807787298118,
        0.0035604695527610055
    ],
    "SM": [
        60.25916124504478,
        2.2422684993115873,
        0.9203466855058059,
        0.4090608838488947,
        0.19888226515431023,
        0.10491646516404689,
        0.06563602518633181,
        0.03108287299032102,
        0.016139894791585317,
        0.008328116660264505,
        0.0045723480661745254,
        0.0025369031905349195,
        0.0033979989188504087
    ],
    "bin-edges": [
        500,
        1000,
        1200,
        1400,
        1600,
        1800,
        2000,
        2250,
        2500,
        2750,
        3000,
        3250,
        3500,
        1000000000
    ]
}