{
    "data": [
        60.55744292236064,
        2.216638182907413,
        0.9108920642561898,
        0.4152925116098495,
        0.2007530193840966,
        0.10414410453769787,
        0.0660142384906942,
        0.03164784138891533,
        0.01643246338501334,
        0.008569056005044023,
        0.0046332192659790964,
        0.0025500312939952083,
        0.0034234635748213596
    ],
    "SM": [
        60.25916124504478,
        2.2422684993115873,
        0.9203466855058059,
        0.4090608838488947,
        0.19888226515431023,
        0.10491646516404689,
        0.06563602518633181,
        0.03108287299032102,
        0.016139894791585317,
        0.008328116660264505,
        0.0045723480661745254,
        0.0025369031905349195,
        0.0033979989188504087
    ],
    "bin-edges": [
        500,
        1000,
        1200,
        1400,
        1600,
        1800,
        2000,
        2250,
        2500,
        2750,
        3000,
        3250,
        3500,
        1000000000
    ]
}