{
    "data": [
        60.90848973578379,
        2.221354333176302,
        0.9126315624677335,
        0.41120480471111515,
        0.1987810042123697,
        0.10303390552880726,
        0.06499685283693224,
        0.03134822215357111,
        0.015793473842782787,
        0.008287924056492183,
        0.004429472377203803,
        0.0024431783231217857,
        0.0032112316355763526
    ],
    "SM": [
        60.25916124504478,
        2.2422684993115873,
        0.9203466855058059,
        0.4090608838488947,
        0.19888226515431023,
        0.10491646516404689,
        0.06563602518633181,
        0.03108287299032102,
        0.016139894791585317,
        0.008328116660264505,
        0.0045723480661745254,
        0.0025369031905349195,
        0.0033979989188504087
    ],
    "bin-edges": [
        500,
        1000,
        1200,
        1400,
        1600,
        1800,
        2000,
        2250,
        2500,
        2750,
        3000,
        3250,
        3500,
        1000000000
    ]
}