{
    "data": [
        46.52105685426423,
        7.288041785958046,
        6.2758971632018214,
        2.23353002238072,
        0.9039275817608211,
        0.4150164750279394,
        0.1978736877981643,
        0.1010279489288224,
        0.06276665307024328,
        0.0306852711800839,
        0.015428169850204048,
        0.008096281212919184,
        0.004286084787064481,
        0.002421156956022294,
        0.0030222472680422855
    ],
    "SM": [
        46.6384177627363,
        7.36751656452855,
        6.253226917780813,
        2.2422684993115873,
        0.9203466855058059,
        0.4090608838488947,
        0.19888226515431023,
        0.10491646516404689,
        0.06563602518633181,
        0.03108287299032102,
        0.016139894791585317,
        0.008328116660264505,
        0.0045723480661745254,
        0.0025369031905349195,
        0.0033979989188504087
    ],
    "bin-edges": [
        500,
        700,
        800,
        1000,
        1200,
        1400,
        1600,
        1800,
        2000,
        2250,
        2500,
        2750,
        3000,
        3250,
        3500,
        1000000000
    ]
}