{
    "data": [
        60.65746331343688,
        2.219857397664845,
        0.9242799639459166,
        0.41297657828972634,
        0.20036281715988175,
        0.1028981211971627,
        0.06496959613830719,
        0.03198543699214548,
        0.01567067936373144,
        0.008405113442180062,
        0.004489958137619,
        0.0024648223083502626,
        0.009003493494886676
    ],
    "SM": [
        60.25916124504478,
        2.2422684993115873,
        0.9203466855058059,
        0.4090608838488947,
        0.19888226515431023,
        0.10491646516404689,
        0.06563602518633181,
        0.03108287299032102,
        0.016139894791585317,
        0.008328116660264505,
        0.0045723480661745254,
        0.0025369031905349195,
        0.0033979989188504087
    ],
    "bin-edges": [
        500,
        1000,
        1200,
        1400,
        1600,
        1800,
        2000,
        2250,
        2500,
        2750,
        3000,
        3250,
        3500,
        1000000000
    ]
}