{
    "data": [
        47.372141276135004,
        7.456087652773906,
        6.220603032203269,
        2.2355505340424453,
        0.9117357226854033,
        0.4167799917640181,
        0.20215156188409106,
        0.10259629744660913,
        0.06554683981963678,
        0.0315685235807224,
        0.0161486360092025,
        0.00828165831642393,
        0.004672598940086103,
        0.002502491716741459,
        0.0033902555087441527
    ],
    "SM": [
        46.6384177627363,
        7.36751656452855,
        6.253226917780813,
        2.2422684993115873,
        0.9203466855058059,
        0.4090608838488947,
        0.19888226515431023,
        0.10491646516404689,
        0.06563602518633181,
        0.03108287299032102,
        0.016139894791585317,
        0.008328116660264505,
        0.0045723480661745254,
        0.0025369031905349195,
        0.0033979989188504087
    ],
    "bin-edges": [
        500,
        700,
        800,
        1000,
        1200,
        1400,
        1600,
        1800,
        2000,
        2250,
        2500,
        2750,
        3000,
        3250,
        3500,
        1000000000
    ]
}