{
    "data": [
        60.25645980225753,
        2.183722611366249,
        0.8918982141792374,
        0.4036138323359175,
        0.1933859015751344,
        0.09941172925596574,
        0.06216506185457125,
        0.02930760518567395,
        0.014918697376597408,
        0.007606957832666538,
        0.004003641463678033,
        0.0021376048291036494,
        0.0029412085634716156
    ],
    "SM": [
        60.25916124504478,
        2.2422684993115873,
        0.9203466855058059,
        0.4090608838488947,
        0.19888226515431023,
        0.10491646516404689,
        0.06563602518633181,
        0.03108287299032102,
        0.016139894791585317,
        0.008328116660264505,
        0.0045723480661745254,
        0.0025369031905349195,
        0.0033979989188504087
    ],
    "bin-edges": [
        500,
        1000,
        1200,
        1400,
        1600,
        1800,
        2000,
        2250,
        2500,
        2750,
        3000,
        3250,
        3500,
        1000000000
    ]
}