{
    "data": [
        46.925859001413336,
        7.161218683176792,
        6.15087152964104,
        2.221017434159811,
        0.8959590634079584,
        0.40425912279475,
        0.1946295640272808,
        0.09906159040097338,
        0.061419205135777866,
        0.02942171543027678,
        0.014487042786443171,
        0.007409912882062715,
        0.003807065878294456,
        0.0020055070797989614,
        0.011154048837784258
    ],
    "SM": [
        46.6384177627363,
        7.36751656452855,
        6.253226917780813,
        2.2422684993115873,
        0.9203466855058059,
        0.4090608838488947,
        0.19888226515431023,
        0.10491646516404689,
        0.06563602518633181,
        0.03108287299032102,
        0.016139894791585317,
        0.008328116660264505,
        0.0045723480661745254,
        0.0025369031905349195,
        0.0033979989188504087
    ],
    "bin-edges": [
        500,
        700,
        800,
        1000,
        1200,
        1400,
        1600,
        1800,
        2000,
        2250,
        2500,
        2750,
        3000,
        3250,
        3500,
        1000000000
    ]
}