{
    "data": [
        46.53577804834646,
        7.291929531684719,
        6.2806146269936365,
        2.2360792450378115,
        0.9053955878969999,
        0.4159047985168691,
        0.19843254306698802,
        0.10138990206126429,
        0.06304621738235987,
        0.030860152570459525,
        0.015536654519713302,
        0.00816612659070275,
        0.004330820230363479,
        0.002450915117194156,
        0.003077493616856047
    ],
    "SM": [
        46.6384177627363,
        7.36751656452855,
        6.253226917780813,
        2.2422684993115873,
        0.9203466855058059,
        0.4090608838488947,
        0.19888226515431023,
        0.10491646516404689,
        0.06563602518633181,
        0.03108287299032102,
        0.016139894791585317,
        0.008328116660264505,
        0.0045723480661745254,
        0.0025369031905349195,
        0.0033979989188504087
    ],
    "bin-edges": [
        500,
        700,
        800,
        1000,
        1200,
        1400,
        1600,
        1800,
        2000,
        2250,
        2500,
        2750,
        3000,
        3250,
        3500,
        1000000000
    ]
}