{
    "data": [
        47.11646641256078,
        7.21109241980275,
        6.212753117255657,
        2.2548147832918315,
        0.9155689654195833,
        0.41616816254083444,
        0.2024753088434344,
        0.10427436944628671,
        0.06568028391015976,
        0.03205460502403355,
        0.016194193540663485,
        0.00856370463624801,
        0.004592389047940982,
        0.0025676114442526547,
        0.003530261747412573
    ],
    "SM": [
        46.6384177627363,
        7.36751656452855,
        6.253226917780813,
        2.2422684993115873,
        0.9203466855058059,
        0.4090608838488947,
        0.19888226515431023,
        0.10491646516404689,
        0.06563602518633181,
        0.03108287299032102,
        0.016139894791585317,
        0.008328116660264505,
        0.0045723480661745254,
        0.0025369031905349195,
        0.0033979989188504087
    ],
    "bin-edges": [
        500,
        700,
        800,
        1000,
        1200,
        1400,
        1600,
        1800,
        2000,
        2250,
        2500,
        2750,
        3000,
        3250,
        3500,
        1000000000
    ]
}