{
    "data": [
        60.87205171911455,
        2.217420081918963,
        0.910373123112933,
        0.4098389188063206,
        0.19790691846799988,
        0.10247853176946366,
        0.06455018335949614,
        0.031079266438390464,
        0.015623756112408167,
        0.00818119383280862,
        0.0043614882377557606,
        0.0023984272989043967,
        0.003124882586370226
    ],
    "SM": [
        60.25916124504478,
        2.2422684993115873,
        0.9203466855058059,
        0.4090608838488947,
        0.19888226515431023,
        0.10491646516404689,
        0.06563602518633181,
        0.03108287299032102,
        0.016139894791585317,
        0.008328116660264505,
        0.0045723480661745254,
        0.0025369031905349195,
        0.0033979989188504087
    ],
    "bin-edges": [
        500,
        1000,
        1200,
        1400,
        1600,
        1800,
        2000,
        2250,
        2500,
        2750,
        3000,
        3250,
        3500,
        1000000000
    ]
}