{
    "data": [
        46.6984516119257,
        7.590620907707144,
        6.196733010358794,
        2.2573121004427747,
        0.9110164871197686,
        0.41734909599397085,
        0.20071104501548487,
        0.10498858715042701,
        0.06635034654845141,
        0.031530970437353166,
        0.01635417237365343,
        0.0084930406387085,
        0.004682518051992489,
        0.0025752189204764995,
        0.0034297775698140173
    ],
    "SM": [
        46.6384177627363,
        7.36751656452855,
        6.253226917780813,
        2.2422684993115873,
        0.9203466855058059,
        0.4090608838488947,
        0.19888226515431023,
        0.10491646516404689,
        0.06563602518633181,
        0.03108287299032102,
        0.016139894791585317,
        0.008328116660264505,
        0.0045723480661745254,
        0.0025369031905349195,
        0.0033979989188504087
    ],
    "bin-edges": [
        500,
        700,
        800,
        1000,
        1200,
        1400,
        1600,
        1800,
        2000,
        2250,
        2500,
        2750,
        3000,
        3250,
        3500,
        1000000000
    ]
}