{
    "data": [
        60.67899662223474,
        2.2610122806669035,
        0.9113303589395012,
        0.40928413551858317,
        0.20084549977354846,
        0.10341130269466238,
        0.06485714440056124,
        0.031373222693276005,
        0.015960777140658463,
        0.008320320069758223,
        0.004483324200600591,
        0.0024657286798246024,
        0.0032473258742730508
    ],
    "SM": [
        60.25916124504478,
        2.2422684993115873,
        0.9203466855058059,
        0.4090608838488947,
        0.19888226515431023,
        0.10491646516404689,
        0.06563602518633181,
        0.03108287299032102,
        0.016139894791585317,
        0.008328116660264505,
        0.0045723480661745254,
        0.0025369031905349195,
        0.0033979989188504087
    ],
    "bin-edges": [
        500,
        1000,
        1200,
        1400,
        1600,
        1800,
        2000,
        2250,
        2500,
        2750,
        3000,
        3250,
        3500,
        1000000000
    ]
}