{
    "data": [
        60.37019736370683,
        2.165201129697262,
        0.8842491612125585,
        0.3918313027765491,
        0.18503969602090917,
        0.09517603675661804,
        0.057769149350338334,
        0.026738446479566358,
        0.012844406089107138,
        0.006447592892357676,
        0.003183283732779057,
        0.0016014683708230708,
        0.019567924082974347
    ],
    "SM": [
        60.25916124504478,
        2.2422684993115873,
        0.9203466855058059,
        0.4090608838488947,
        0.19888226515431023,
        0.10491646516404689,
        0.06563602518633181,
        0.03108287299032102,
        0.016139894791585317,
        0.008328116660264505,
        0.0045723480661745254,
        0.0025369031905349195,
        0.0033979989188504087
    ],
    "bin-edges": [
        500,
        1000,
        1200,
        1400,
        1600,
        1800,
        2000,
        2250,
        2500,
        2750,
        3000,
        3250,
        3500,
        1000000000
    ]
}