{
    "data": [
        46.83232058033539,
        7.447725655488136,
        6.174150088109018,
        2.224783148953066,
        0.9072998817658433,
        0.41812191066805765,
        0.19843505067306633,
        0.10470658155110948,
        0.0662937252473433,
        0.03133918620484819,
        0.01626833684368291,
        0.008453960971183488,
        0.004565127567210106,
        0.002512681996480646,
        0.003296070155805853
    ],
    "SM": [
        46.6384177627363,
        7.36751656452855,
        6.253226917780813,
        2.2422684993115873,
        0.9203466855058059,
        0.4090608838488947,
        0.19888226515431023,
        0.10491646516404689,
        0.06563602518633181,
        0.03108287299032102,
        0.016139894791585317,
        0.008328116660264505,
        0.0045723480661745254,
        0.0025369031905349195,
        0.0033979989188504087
    ],
    "bin-edges": [
        500,
        700,
        800,
        1000,
        1200,
        1400,
        1600,
        1800,
        2000,
        2250,
        2500,
        2750,
        3000,
        3250,
        3500,
        1000000000
    ]
}