{
    "data": [
        46.110121642782,
        7.2583459354127156,
        6.114585922474528,
        2.163198060357063,
        0.8861628588413243,
        0.3892072686672385,
        0.1843739956825021,
        0.09071968487679477,
        0.057621676197226634,
        0.025968721297118934,
        0.01234077570896989,
        0.005919672387247365,
        0.002950856268979602,
        0.0017261705713191662,
        0.07404551535440353
    ],
    "SM": [
        46.6384177627363,
        7.36751656452855,
        6.253226917780813,
        2.2422684993115873,
        0.9203466855058059,
        0.4090608838488947,
        0.19888226515431023,
        0.10491646516404689,
        0.06563602518633181,
        0.03108287299032102,
        0.016139894791585317,
        0.008328116660264505,
        0.0045723480661745254,
        0.0025369031905349195,
        0.0033979989188504087
    ],
    "bin-edges": [
        500,
        700,
        800,
        1000,
        1200,
        1400,
        1600,
        1800,
        2000,
        2250,
        2500,
        2750,
        3000,
        3250,
        3500,
        1000000000
    ]
}