{
    "data": [
        60.620104072138204,
        2.254517747011929,
        0.9076744612069072,
        0.40704766253799635,
        0.19942313068063136,
        0.10249137021811845,
        0.06413657335815337,
        0.0309249106098418,
        0.015682575324161438,
        0.008143072814454432,
        0.004367574669036992,
        0.00239112953710787,
        0.0031015448854264205
    ],
    "SM": [
        60.25916124504478,
        2.2422684993115873,
        0.9203466855058059,
        0.4090608838488947,
        0.19888226515431023,
        0.10491646516404689,
        0.06563602518633181,
        0.03108287299032102,
        0.016139894791585317,
        0.008328116660264505,
        0.0045723480661745254,
        0.0025369031905349195,
        0.0033979989188504087
    ],
    "bin-edges": [
        500,
        1000,
        1200,
        1400,
        1600,
        1800,
        2000,
        2250,
        2500,
        2750,
        3000,
        3250,
        3500,
        1000000000
    ]
}