{
    "data": [
        60.46003088309867,
        2.2059581482553945,
        0.9047185750497286,
        0.41148874262972096,
        0.19834766523748382,
        0.1025946758639377,
        0.06474928458766825,
        0.03087507356579834,
        0.015929744570146873,
        0.008247335063705518,
        0.004420977292379019,
        0.0024096646670974044,
        0.0032372009663246036
    ],
    "SM": [
        60.25916124504478,
        2.2422684993115873,
        0.9203466855058059,
        0.4090608838488947,
        0.19888226515431023,
        0.10491646516404689,
        0.06563602518633181,
        0.03108287299032102,
        0.016139894791585317,
        0.008328116660264505,
        0.0045723480661745254,
        0.0025369031905349195,
        0.0033979989188504087
    ],
    "bin-edges": [
        500,
        1000,
        1200,
        1400,
        1600,
        1800,
        2000,
        2250,
        2500,
        2750,
        3000,
        3250,
        3500,
        1000000000
    ]
}