{
    "data": [
        52.96927209859658,
        10.381628901374155,
        2.8743355739995877,
        0.9796944259998838,
        0.36849387780887205,
        0.15025586219102433,
        0.06569735710027526,
        0.030203448953251142,
        0.01363923863375077,
        0.006415225312749865,
        0.003094464285974911,
        0.0014593745744000265,
        0.04909963813959902
    ],
    "SM": [
        53.652560000020394,
        10.747602000002486,
        3.0560320000016246,
        1.064060799999981,
        0.4234996142651021,
        0.1818024857349894,
        0.08627901177553082,
        0.041608058224499686,
        0.021606181808105855,
        0.011537217191901924,
        0.006264808570800991,
        0.003459900428400377,
        0.0047046035808007425
    ],
    "bin-edges": [
        500,
        750,
        1000,
        1250,
        1500,
        1750,
        2000,
        2250,
        2500,
        2750,
        3000,
        3250,
        3500,
        1000000000
    ]
}