{
    "data": [
        60.95508326638953,
        2.245657827943222,
        0.9182781037129045,
        0.41425435128575455,
        0.20616413806489467,
        0.10354036102110682,
        0.06530679100664114,
        0.03179580272703555,
        0.016200928221933968,
        0.008610891419128876,
        0.004644082396983946,
        0.0025279392089507546,
        0.003448794433727161
    ],
    "SM": [
        60.25916124504478,
        2.2422684993115873,
        0.9203466855058059,
        0.4090608838488947,
        0.19888226515431023,
        0.10491646516404689,
        0.06563602518633181,
        0.03108287299032102,
        0.016139894791585317,
        0.008328116660264505,
        0.0045723480661745254,
        0.0025369031905349195,
        0.0033979989188504087
    ],
    "bin-edges": [
        500,
        1000,
        1200,
        1400,
        1600,
        1800,
        2000,
        2250,
        2500,
        2750,
        3000,
        3250,
        3500,
        1000000000
    ]
}