{
    "data": [
        60.65782761312211,
        2.2129958922617368,
        0.8994749376443697,
        0.4026776023845632,
        0.19862186534417603,
        0.09871776745879556,
        0.06145264761007474,
        0.029408521326580592,
        0.014656315073430962,
        0.00759025052037485,
        0.003971860672241921,
        0.0020773185447388017,
        0.004324493603838059
    ],
    "SM": [
        60.25916124504478,
        2.2422684993115873,
        0.9203466855058059,
        0.4090608838488947,
        0.19888226515431023,
        0.10491646516404689,
        0.06563602518633181,
        0.03108287299032102,
        0.016139894791585317,
        0.008328116660264505,
        0.0045723480661745254,
        0.0025369031905349195,
        0.0033979989188504087
    ],
    "bin-edges": [
        500,
        1000,
        1200,
        1400,
        1600,
        1800,
        2000,
        2250,
        2500,
        2750,
        3000,
        3250,
        3500,
        1000000000
    ]
}