{
    "data": [
        52.53968652602563,
        10.055996473949586,
        2.786214050095967,
        0.8984013499049984,
        0.33526425842404106,
        0.12960576157601308,
        0.053737083109482595,
        0.022142073433503218,
        0.00926679301399913,
        0.004561630442999816,
        0.0036265526189999987,
        0.005663383542000058,
        0.3219020838393097
    ],
    "SM": [
        53.652560000020394,
        10.747602000002486,
        3.0560320000016246,
        1.064060799999981,
        0.4234996142651021,
        0.1818024857349894,
        0.08627901177553082,
        0.041608058224499686,
        0.021606181808105855,
        0.011537217191901924,
        0.006264808570800991,
        0.003459900428400377,
        0.0047046035808007425
    ],
    "bin-edges": [
        500,
        750,
        1000,
        1250,
        1500,
        1750,
        2000,
        2250,
        2500,
        2750,
        3000,
        3250,
        3500,
        1000000000
    ]
}