{
    "data": [
        59.884367094930745,
        2.13437103258497,
        0.8729552472173192,
        0.38112446101938574,
        0.1798554709432706,
        0.08906397823863682,
        0.05372438105706344,
        0.024832418714405672,
        0.011105255332569687,
        0.00533456145804661,
        0.0027178899316963527,
        0.0021699909153259597,
        0.10803934032611556
    ],
    "SM": [
        60.25916124504478,
        2.2422684993115873,
        0.9203466855058059,
        0.4090608838488947,
        0.19888226515431023,
        0.10491646516404689,
        0.06563602518633181,
        0.03108287299032102,
        0.016139894791585317,
        0.008328116660264505,
        0.0045723480661745254,
        0.0025369031905349195,
        0.0033979989188504087
    ],
    "bin-edges": [
        500,
        1000,
        1200,
        1400,
        1600,
        1800,
        2000,
        2250,
        2500,
        2750,
        3000,
        3250,
        3500,
        1000000000
    ]
}