{
    "data": [
        60.37906864578207,
        2.217975358827869,
        0.8994996794320658,
        0.40068234708518946,
        0.19633452157469208,
        0.10013537257068811,
        0.062393977428620455,
        0.029931235480845232,
        0.015094419265467328,
        0.007756355077833575,
        0.004096686278047676,
        0.0022394273177201254,
        0.0027888936486883727
    ],
    "SM": [
        60.25916124504478,
        2.2422684993115873,
        0.9203466855058059,
        0.4090608838488947,
        0.19888226515431023,
        0.10491646516404689,
        0.06563602518633181,
        0.03108287299032102,
        0.016139894791585317,
        0.008328116660264505,
        0.0045723480661745254,
        0.0025369031905349195,
        0.0033979989188504087
    ],
    "bin-edges": [
        500,
        1000,
        1200,
        1400,
        1600,
        1800,
        2000,
        2250,
        2500,
        2750,
        3000,
        3250,
        3500,
        1000000000
    ]
}