{
    "data": [
        46.554397457400135,
        7.410198868077169,
        6.189317227059755,
        2.227101331515276,
        0.91852869634696,
        0.41789081136466516,
        0.19764790650650801,
        0.10679981196596247,
        0.06472130756557967,
        0.031694840171176554,
        0.016302385014809816,
        0.00854258598992845,
        0.0046614707511515,
        0.0025731154573097764,
        0.0034261202562515984
    ],
    "SM": [
        46.6384177627363,
        7.36751656452855,
        6.253226917780813,
        2.2422684993115873,
        0.9203466855058059,
        0.4090608838488947,
        0.19888226515431023,
        0.10491646516404689,
        0.06563602518633181,
        0.03108287299032102,
        0.016139894791585317,
        0.008328116660264505,
        0.0045723480661745254,
        0.0025369031905349195,
        0.0033979989188504087
    ],
    "bin-edges": [
        500,
        700,
        800,
        1000,
        1200,
        1400,
        1600,
        1800,
        2000,
        2250,
        2500,
        2750,
        3000,
        3250,
        3500,
        1000000000
    ]
}