{
    "data": [
        45.9667127453163,
        7.2199166495428155,
        6.067547245639205,
        2.137792517797704,
        0.8709854480308559,
        0.3798186935834299,
        0.17855936952207305,
        0.08687104097600033,
        0.05442967700975931,
        0.02407769194385892,
        0.011040134763851166,
        0.00519523056704305,
        0.002649030118461907,
        0.0019264931896669972,
        0.10005054673991799
    ],
    "SM": [
        46.6384177627363,
        7.36751656452855,
        6.253226917780813,
        2.2422684993115873,
        0.9203466855058059,
        0.4090608838488947,
        0.19888226515431023,
        0.10491646516404689,
        0.06563602518633181,
        0.03108287299032102,
        0.016139894791585317,
        0.008328116660264505,
        0.0045723480661745254,
        0.0025369031905349195,
        0.0033979989188504087
    ],
    "bin-edges": [
        500,
        700,
        800,
        1000,
        1200,
        1400,
        1600,
        1800,
        2000,
        2250,
        2500,
        2750,
        3000,
        3250,
        3500,
        1000000000
    ]
}