{
    "data": [
        47.21485674223004,
        7.322343243082956,
        6.234070251870826,
        2.2458204270390203,
        0.9106121179882132,
        0.4083595202314266,
        0.19822478302818838,
        0.10382960358735421,
        0.06416381552972339,
        0.03116396796906097,
        0.01596418318040381,
        0.008020316935795361,
        0.004413420551725359,
        0.0023903184274949585,
        0.0031100045668048673
    ],
    "SM": [
        46.6384177627363,
        7.36751656452855,
        6.253226917780813,
        2.2422684993115873,
        0.9203466855058059,
        0.4090608838488947,
        0.19888226515431023,
        0.10491646516404689,
        0.06563602518633181,
        0.03108287299032102,
        0.016139894791585317,
        0.008328116660264505,
        0.0045723480661745254,
        0.0025369031905349195,
        0.0033979989188504087
    ],
    "bin-edges": [
        500,
        700,
        800,
        1000,
        1200,
        1400,
        1600,
        1800,
        2000,
        2250,
        2500,
        2750,
        3000,
        3250,
        3500,
        1000000000
    ]
}