{
    "data": [
        60.69489974802442,
        2.2627676425522645,
        0.912319097219174,
        0.4098894335708066,
        0.20123078903257632,
        0.10366073831799064,
        0.06505275997280634,
        0.03149512355786688,
        0.016036563656967397,
        0.008368708792626687,
        0.0045150018602796525,
        0.002486200431343584,
        0.0032878835917050557
    ],
    "SM": [
        60.25916124504478,
        2.2422684993115873,
        0.9203466855058059,
        0.4090608838488947,
        0.19888226515431023,
        0.10491646516404689,
        0.06563602518633181,
        0.03108287299032102,
        0.016139894791585317,
        0.008328116660264505,
        0.0045723480661745254,
        0.0025369031905349195,
        0.0033979989188504087
    ],
    "bin-edges": [
        500,
        1000,
        1200,
        1400,
        1600,
        1800,
        2000,
        2250,
        2500,
        2750,
        3000,
        3250,
        3500,
        1000000000
    ]
}