{
    "data": [
        60.66122810371747,
        2.259051828837908,
        0.9102264048031798,
        0.4086085269883592,
        0.2004156188095296,
        0.10313312119536348,
        0.0646391031373673,
        0.031237445047428376,
        0.015876433581184818,
        0.008266519478452637,
        0.004448142383325987,
        0.002443020011689004,
        0.0032026099864557876
    ],
    "SM": [
        60.25916124504478,
        2.2422684993115873,
        0.9203466855058059,
        0.4090608838488947,
        0.19888226515431023,
        0.10491646516404689,
        0.06563602518633181,
        0.03108287299032102,
        0.016139894791585317,
        0.008328116660264505,
        0.0045723480661745254,
        0.0025369031905349195,
        0.0033979989188504087
    ],
    "bin-edges": [
        500,
        1000,
        1200,
        1400,
        1600,
        1800,
        2000,
        2250,
        2500,
        2750,
        3000,
        3250,
        3500,
        1000000000
    ]
}