{
    "data": [
        46.96238978874984,
        7.170768564328139,
        6.162708917657516,
        2.2274713296650317,
        0.8996952103693341,
        0.40652197064970447,
        0.19611553210086047,
        0.10004484455588637,
        0.06221881384329754,
        0.02991209370661424,
        0.014801771975401862,
        0.007620205862199441,
        0.003946847022474445,
        0.002103675133615647,
        0.009734954862418538
    ],
    "SM": [
        46.6384177627363,
        7.36751656452855,
        6.253226917780813,
        2.2422684993115873,
        0.9203466855058059,
        0.4090608838488947,
        0.19888226515431023,
        0.10491646516404689,
        0.06563602518633181,
        0.03108287299032102,
        0.016139894791585317,
        0.008328116660264505,
        0.0045723480661745254,
        0.0025369031905349195,
        0.0033979989188504087
    ],
    "bin-edges": [
        500,
        700,
        800,
        1000,
        1200,
        1400,
        1600,
        1800,
        2000,
        2250,
        2500,
        2750,
        3000,
        3250,
        3500,
        1000000000
    ]
}