{
    "data": [
        60.39065468352532,
        2.190152346664244,
        0.9063609918656923,
        0.4017828689100947,
        0.193094222208547,
        0.09795050583090115,
        0.06085153364159488,
        0.029309873297861583,
        0.013894705359985738,
        0.00712407890519376,
        0.003618969025562794,
        0.0019421707885879985,
        0.043689775781409576
    ],
    "SM": [
        60.25916124504478,
        2.2422684993115873,
        0.9203466855058059,
        0.4090608838488947,
        0.19888226515431023,
        0.10491646516404689,
        0.06563602518633181,
        0.03108287299032102,
        0.016139894791585317,
        0.008328116660264505,
        0.0045723480661745254,
        0.0025369031905349195,
        0.0033979989188504087
    ],
    "bin-edges": [
        500,
        1000,
        1200,
        1400,
        1600,
        1800,
        2000,
        2250,
        2500,
        2750,
        3000,
        3250,
        3500,
        1000000000
    ]
}