{
    "data": [
        47.37747734818286,
        7.457501348441808,
        6.222274944365013,
        2.2364627780098454,
        0.9122648003018632,
        0.41710430450096214,
        0.20235423730596122,
        0.10272803848257002,
        0.06565125329418621,
        0.03163261328907837,
        0.016189728695667344,
        0.008307709177180034,
        0.004689784023175285,
        0.0025135826847699056,
        0.003412498248560002
    ],
    "SM": [
        46.6384177627363,
        7.36751656452855,
        6.253226917780813,
        2.2422684993115873,
        0.9203466855058059,
        0.4090608838488947,
        0.19888226515431023,
        0.10491646516404689,
        0.06563602518633181,
        0.03108287299032102,
        0.016139894791585317,
        0.008328116660264505,
        0.0045723480661745254,
        0.0025369031905349195,
        0.0033979989188504087
    ],
    "bin-edges": [
        500,
        700,
        800,
        1000,
        1200,
        1400,
        1600,
        1800,
        2000,
        2250,
        2500,
        2750,
        3000,
        3250,
        3500,
        1000000000
    ]
}