{
    "data": [
        46.506503662548155,
        7.401534697640369,
        6.33802425890289,
        2.256422934455408,
        0.9020662001675658,
        0.4116917063058308,
        0.20097135037714955,
        0.10504158318248133,
        0.06505335786445063,
        0.030640742937217427,
        0.015743396181322082,
        0.008220334042818531,
        0.004502661692209117,
        0.0024241971459165075,
        0.003628027398368951
    ],
    "SM": [
        46.6384177627363,
        7.36751656452855,
        6.253226917780813,
        2.2422684993115873,
        0.9203466855058059,
        0.4090608838488947,
        0.19888226515431023,
        0.10491646516404689,
        0.06563602518633181,
        0.03108287299032102,
        0.016139894791585317,
        0.008328116660264505,
        0.0045723480661745254,
        0.0025369031905349195,
        0.0033979989188504087
    ],
    "bin-edges": [
        500,
        700,
        800,
        1000,
        1200,
        1400,
        1600,
        1800,
        2000,
        2250,
        2500,
        2750,
        3000,
        3250,
        3500,
        1000000000
    ]
}