{
    "data": [
        60.751094969446406,
        2.223217743948984,
        0.9053491490205039,
        0.4062865085770322,
        0.2009671031628028,
        0.10021278326690203,
        0.06264254413532235,
        0.03014154894045972,
        0.015127461794742541,
        0.007898980988370215,
        0.004173114600714785,
        0.0022103804313317993,
        0.0040149143669592526
    ],
    "SM": [
        60.25916124504478,
        2.2422684993115873,
        0.9203466855058059,
        0.4090608838488947,
        0.19888226515431023,
        0.10491646516404689,
        0.06563602518633181,
        0.03108287299032102,
        0.016139894791585317,
        0.008328116660264505,
        0.0045723480661745254,
        0.0025369031905349195,
        0.0033979989188504087
    ],
    "bin-edges": [
        500,
        1000,
        1200,
        1400,
        1600,
        1800,
        2000,
        2250,
        2500,
        2750,
        3000,
        3250,
        3500,
        1000000000
    ]
}