{
    "data": [
        60.41321123436539,
        2.2217299912705912,
        0.901638512694912,
        0.4019733378994446,
        0.1971594139327307,
        0.10066191831045057,
        0.0628112242170082,
        0.030185125897096213,
        0.015255441799764418,
        0.007857640782045048,
        0.004162330282641829,
        0.0022820771233576015,
        0.002860278318343127
    ],
    "SM": [
        60.25916124504478,
        2.2422684993115873,
        0.9203466855058059,
        0.4090608838488947,
        0.19888226515431023,
        0.10491646516404689,
        0.06563602518633181,
        0.03108287299032102,
        0.016139894791585317,
        0.008328116660264505,
        0.0045723480661745254,
        0.0025369031905349195,
        0.0033979989188504087
    ],
    "bin-edges": [
        500,
        1000,
        1200,
        1400,
        1600,
        1800,
        2000,
        2250,
        2500,
        2750,
        3000,
        3250,
        3500,
        1000000000
    ]
}