{
    "data": [
        46.57290130304609,
        7.301736375422215,
        6.292518171551436,
        2.242515354562457,
        0.9091044459237575,
        0.418150946847584,
        0.19984690588491938,
        0.10230694554334935,
        0.06375551041169736,
        0.03130463920855405,
        0.015812964251233037,
        0.008344447487682875,
        0.0044453533362615845,
        0.0025273422750909475,
        0.0032217329493968425
    ],
    "SM": [
        46.6384177627363,
        7.36751656452855,
        6.253226917780813,
        2.2422684993115873,
        0.9203466855058059,
        0.4090608838488947,
        0.19888226515431023,
        0.10491646516404689,
        0.06563602518633181,
        0.03108287299032102,
        0.016139894791585317,
        0.008328116660264505,
        0.0045723480661745254,
        0.0025369031905349195,
        0.0033979989188504087
    ],
    "bin-edges": [
        500,
        700,
        800,
        1000,
        1200,
        1400,
        1600,
        1800,
        2000,
        2250,
        2500,
        2750,
        3000,
        3250,
        3500,
        1000000000
    ]
}