{
    "data": [
        46.88855682298979,
        7.144052362267989,
        6.286332317673177,
        2.236635135364614,
        0.9113349444014316,
        0.40960499126200745,
        0.19934337537313832,
        0.1028334053648045,
        0.06435689815669442,
        0.03161254932233014,
        0.015816163105570668,
        0.008455820233370655,
        0.0044879128545034334,
        0.002493719800729021,
        0.003314696591571019
    ],
    "SM": [
        46.6384177627363,
        7.36751656452855,
        6.253226917780813,
        2.2422684993115873,
        0.9203466855058059,
        0.4090608838488947,
        0.19888226515431023,
        0.10491646516404689,
        0.06563602518633181,
        0.03108287299032102,
        0.016139894791585317,
        0.008328116660264505,
        0.0045723480661745254,
        0.0025369031905349195,
        0.0033979989188504087
    ],
    "bin-edges": [
        500,
        700,
        800,
        1000,
        1200,
        1400,
        1600,
        1800,
        2000,
        2250,
        2500,
        2750,
        3000,
        3250,
        3500,
        1000000000
    ]
}