{
    "data": [
        46.84445479919247,
        7.132570528192221,
        6.272199988022216,
        2.228978067702665,
        0.9069134972970242,
        0.40691471031409043,
        0.1976610756569164,
        0.10174640435453855,
        0.06346671228824115,
        0.031057615045266614,
        0.015468353022804618,
        0.008225302447264942,
        0.004338507358123608,
        0.0023926991859170295,
        0.003189360859905082
    ],
    "SM": [
        46.6384177627363,
        7.36751656452855,
        6.253226917780813,
        2.2422684993115873,
        0.9203466855058059,
        0.4090608838488947,
        0.19888226515431023,
        0.10491646516404689,
        0.06563602518633181,
        0.03108287299032102,
        0.016139894791585317,
        0.008328116660264505,
        0.0045723480661745254,
        0.0025369031905349195,
        0.0033979989188504087
    ],
    "bin-edges": [
        500,
        700,
        800,
        1000,
        1200,
        1400,
        1600,
        1800,
        2000,
        2250,
        2500,
        2750,
        3000,
        3250,
        3500,
        1000000000
    ]
}