{
    "data": [
        60.633942679253984,
        2.2460804445723643,
        0.9155396065034711,
        0.4103857280094583,
        0.20255094913049707,
        0.10411540172064349,
        0.06556001089942419,
        0.03186778393085185,
        0.016330029743730944,
        0.008539225394967922,
        0.004608338643622829,
        0.0025751123234695784,
        0.003391319385211154
    ],
    "SM": [
        60.25916124504478,
        2.2422684993115873,
        0.9203466855058059,
        0.4090608838488947,
        0.19888226515431023,
        0.10491646516404689,
        0.06563602518633181,
        0.03108287299032102,
        0.016139894791585317,
        0.008328116660264505,
        0.0045723480661745254,
        0.0025369031905349195,
        0.0033979989188504087
    ],
    "bin-edges": [
        500,
        1000,
        1200,
        1400,
        1600,
        1800,
        2000,
        2250,
        2500,
        2750,
        3000,
        3250,
        3500,
        1000000000
    ]
}