{
    "data": [
        60.961099300538095,
        2.2296260807634254,
        0.9221303103713526,
        0.4152182597127278,
        0.19975999796707633,
        0.10506693367485932,
        0.06577516971688213,
        0.031748616395279386,
        0.016000562160957427,
        0.008569841674609238,
        0.004594317194989136,
        0.0025297149476928363,
        0.003738752555233768
    ],
    "SM": [
        60.25916124504478,
        2.2422684993115873,
        0.9203466855058059,
        0.4090608838488947,
        0.19888226515431023,
        0.10491646516404689,
        0.06563602518633181,
        0.03108287299032102,
        0.016139894791585317,
        0.008328116660264505,
        0.0045723480661745254,
        0.0025369031905349195,
        0.0033979989188504087
    ],
    "bin-edges": [
        500,
        1000,
        1200,
        1400,
        1600,
        1800,
        2000,
        2250,
        2500,
        2750,
        3000,
        3250,
        3500,
        1000000000
    ]
}