{
    "data": [
        60.891025984272964,
        2.219468317404216,
        0.9115487391865603,
        0.41054979724068197,
        0.19836174969064013,
        0.10276745632018454,
        0.06478249099200495,
        0.031219095172638246,
        0.01571195372556829,
        0.008236631492540206,
        0.004396781457211039,
        0.0024216448786682004,
        0.003169555551783948
    ],
    "SM": [
        60.25916124504478,
        2.2422684993115873,
        0.9203466855058059,
        0.4090608838488947,
        0.19888226515431023,
        0.10491646516404689,
        0.06563602518633181,
        0.03108287299032102,
        0.016139894791585317,
        0.008328116660264505,
        0.0045723480661745254,
        0.0025369031905349195,
        0.0033979989188504087
    ],
    "bin-edges": [
        500,
        1000,
        1200,
        1400,
        1600,
        1800,
        2000,
        2250,
        2500,
        2750,
        3000,
        3250,
        3500,
        1000000000
    ]
}