{
    "data": [
        46.50516524674338,
        7.283845666563245,
        6.270806495355372,
        2.230780045244422,
        0.9023445903451704,
        0.4140590411531521,
        0.19727168482511062,
        0.10063830523140026,
        0.062465951270745904,
        0.030497367338327985,
        0.015311754509758064,
        0.008021437270751098,
        0.004238229038791793,
        0.0023893833048227856,
        0.002963856408379262
    ],
    "SM": [
        46.6384177627363,
        7.36751656452855,
        6.253226917780813,
        2.2422684993115873,
        0.9203466855058059,
        0.4090608838488947,
        0.19888226515431023,
        0.10491646516404689,
        0.06563602518633181,
        0.03108287299032102,
        0.016139894791585317,
        0.008328116660264505,
        0.0045723480661745254,
        0.0025369031905349195,
        0.0033979989188504087
    ],
    "bin-edges": [
        500,
        700,
        800,
        1000,
        1200,
        1400,
        1600,
        1800,
        2000,
        2250,
        2500,
        2750,
        3000,
        3250,
        3500,
        1000000000
    ]
}