{
    "data": [
        60.58665387043082,
        2.2408525391865193,
        0.9125508117248294,
        0.40857389648610815,
        0.2013873867722004,
        0.10336838326385059,
        0.06496368586376786,
        0.031501315521014824,
        0.016094947930369502,
        0.008389322154660457,
        0.004509655099650788,
        0.002509828344345386,
        0.0032675969253778557
    ],
    "SM": [
        60.25916124504478,
        2.2422684993115873,
        0.9203466855058059,
        0.4090608838488947,
        0.19888226515431023,
        0.10491646516404689,
        0.06563602518633181,
        0.03108287299032102,
        0.016139894791585317,
        0.008328116660264505,
        0.0045723480661745254,
        0.0025369031905349195,
        0.0033979989188504087
    ],
    "bin-edges": [
        500,
        1000,
        1200,
        1400,
        1600,
        1800,
        2000,
        2250,
        2500,
        2750,
        3000,
        3250,
        3500,
        1000000000
    ]
}