{
    "data": [
        60.55280096838168,
        2.2161286648074174,
        0.910597315044685,
        0.41511073877757126,
        0.2006379413234743,
        0.10406988529988732,
        0.0659535448149332,
        0.03161068508220028,
        0.01640822820569512,
        0.008553501092321319,
        0.004622920603760606,
        0.0025431958837286092,
        0.003413915603871652
    ],
    "SM": [
        60.25916124504478,
        2.2422684993115873,
        0.9203466855058059,
        0.4090608838488947,
        0.19888226515431023,
        0.10491646516404689,
        0.06563602518633181,
        0.03108287299032102,
        0.016139894791585317,
        0.008328116660264505,
        0.0045723480661745254,
        0.0025369031905349195,
        0.0033979989188504087
    ],
    "bin-edges": [
        500,
        1000,
        1200,
        1400,
        1600,
        1800,
        2000,
        2250,
        2500,
        2750,
        3000,
        3250,
        3500,
        1000000000
    ]
}