{
    "C3W2H4": [
        -5874.99880732519,
        -2859.464352438079,
        -1500.6549167422445,
        -928.6924176095815,
        -516.058113990019,
        -332.0222871529837,
        -209.33450693763763,
        -129.0600400784776,
        -86.54140687220759,
        -58.24737126872201,
        -37.70624406071902,
        -60.82356695949724,
        -25.390015243496425,
        -15.453093661905676
    ],
    "C3psi4D2": [
        1171357.433539394,
        996337.7274970335,
        839118.9662032754,
        751702.4431603743,
        604279.9693895774,
        524929.5148592015,
        452727.8859710753,
        378396.5455701455,
        322821.7478492831,
        269335.0184239912,
        230947.43726014064,
        516308.83241633925,
        354493.3881793847,
        461190.37124130776
    ],
    "CBW": [
        -9065.289461194901,
        -4605.279342940106,
        -2361.804990723636,
        -1465.5730870124075,
        -809.7081121609435,
        -501.67133864010435,
        -331.05396735737736,
        -204.10944141853332,
        -133.89167252836063,
        -92.47971080342145,
        -62.18605429730571,
        -95.37055444035305,
        -40.48161854584176,
        -23.836587086131885
    ],
    "CBW-CBW": [
        -7314.884247702203,
        -3559.724685244136,
        -1996.53384593067,
        -1123.0119935437572,
        -640.6704452230911,
        -407.3557204136312,
        -263.13441695471425,
        -160.05254316137373,
        -107.05380804334668,
        -71.30481636362548,
        -50.17817255102299,
        -76.55149419405316,
        -32.029873453947644,
        -19.270369819333272
    ],
    "Cphi1": [
        -4159.095514382487,
        -2008.7494699474787,
        -1115.5175624268707,
        -652.1710707874107,
        -365.7976676301784,
        -229.23057569041163,
        -145.74848729461345,
        -94.63472820573499,
        -61.303944555466735,
        -40.45377242822463,
        -27.564588858919898,
        -43.88659005642077,
        -18.465675978892993,
        -10.715262775956342
    ],
    "Cphi1-CBW": [
        5155.30788777279,
        2493.249473782774,
        1328.8323739484813,
        825.0123651907304,
        454.1907088950973,
        283.65989409119663,
        185.38405905305748,
        117.25866381347366,
        75.10107486538041,
        51.35513047697335,
        34.3545284769002,
        53.85590614578887,
        22.566518247282183,
        13.719705787043155
    ],
    "Cphi1-Cphi1": [
        3187.2872587564175,
        1532.0631792470308,
        837.4029259503641,
        488.97153098954436,
        283.772755386878,
        177.38960983968406,
        115.0742864832272,
        71.19779136184245,
        46.86754548320383,
        31.50909846522074,
        21.565308157355943,
        33.507833980453185,
        13.818752092055565,
        8.474352376453737
    ],
    "Cphi1-Delta4F": [
        707014.9541982702,
        467651.0464777143,
        319497.3338030677,
        226502.3462808265,
        156432.61243595884,
        120817.74664657279,
        84907.55566870685,
        64231.063888458404,
        47200.58134811387,
        35718.02137150516,
        26996.681999079105,
        50832.15216039626,
        26230.01751211201,
        23641.063124604407
    ],
    "Delta4F": [
        -501036.07969775534,
        -323525.20496475184,
        -217252.05928980326,
        -158396.65649298648,
        -106269.62163440585,
        -81667.11055253408,
        -59863.88571910565,
        -44588.310154045175,
        -32601.43933686181,
        -25127.816497752294,
        -19343.04376272674,
        -35240.35590482741,
        -18872.866227060236,
        -16143.75062786892
    ],
    "Delta4F-CBW": [
        1539850.8464862695,
        1024291.375013586,
        683971.7994915891,
        508769.4117592138,
        343037.68745051324,
        252969.10037944152,
        195669.68588929716,
        137014.58143824447,
        103023.00614369416,
        78543.77752345394,
        58126.67180875415,
        111267.90964891695,
        58723.44491361481,
        51371.42897518153
    ],
    "Delta4F-Delta4F": [
        27466538.71464831,
        22506885.014237255,
        19149477.04273907,
        17161463.90097165,
        13814946.519681906,
        11994602.225587968,
        10375648.036922254,
        8698061.787423493,
        7177763.544061957,
        6202020.008094135,
        5341312.2670305995,
        11782801.320659379,
        7814288.156650392,
        10446328.16122034
    ]
}