{
    "data": [
        3255.0,
        1611.0,
        876.0,
        467.0,
        282.0,
        178.0,
        115.0,
        71.0,
        40.0,
        41.0,
        33.0,
        29.0,
        11.0,
        11.0
    ],
    "background": [
        3207.405,
        1581.3211,
        830.80307,
        474.71232,
        275.07542,
        176.01089,
        105.57954,
        67.626211,
        45.017169,
        31.967576,
        20.548513,
        32.3912687,
        13.4875416,
        8.35102365
    ],
    "signal": [
        2852.775885156291,
        1433.4484714044647,
        774.3078713381536,
        437.702030235762,
        258.2343127154086,
        161.02860666747426,
        100.09993376561549,
        64.90506260533114,
        43.099852689857464,
        29.085076789730945,
        19.837242984801076,
        30.361697863320398,
        12.645993922428197,
        7.734577136257587
    ],
    "sigma": [
        353.206,
        179.091,
        97.7124,
        62.5286,
        35.7788,
        25.9187,
        14.5396,
        9.55914,
        6.64664,
        5.7114,
        3.2872,
        3.4816931079576787,
        2.107565885618051,
        0.9536617466512746
    ],
    "bins": [
        610,
        708,
        806,
        904,
        1002,
        1100,
        1198,
        1296,
        1394,
        1492,
        1590,
        1688,
        1982,
        2276,
        6980
    ]
}