{
    "data": [
        8082423,
        293361,
        59924,
        18841,
        7267,
        3255,
        1611,
        876,
        467,
        282,
        178,
        115,
        71,
        40,
        41,
        33,
        10,
        16,
        3,
        5,
        5,
        1,
        3,
        2,
        3,
        0,
        0,
        0,
        2,
        1,
        0,
        0,
        0,
        0,
        0,
        0,
        0,
        0,
        0,
        0,
        0,
        0,
        0,
        0,
        0,
        0,
        0,
        0,
        0,
        0,
        0,
        0,
        0,
        0,
        0,
        0,
        0,
        0,
        0,
        0,
        0,
        0,
        0,
        0,
        0,
        0,
        0,
        0,
        0,
        0
    ],
    "background": [
        7977381.9,
        282247.11,
        58651.877,
        18318.268,
        7083.6292,
        3207.405,
        1581.3211,
        830.80307,
        474.71232,
        275.07542,
        176.01089,
        105.57954,
        67.626211,
        45.017169,
        31.967576,
        20.548513,
        14.250373,
        10.909078,
        7.2318177,
        5.5187716,
        3.87777,
        4.091,
        2.1035,
        1.4394,
        1.11809,
        0.7949,
        0.9113,
        0.4685,
        0.3655,
        0.2597,
        0.20139,
        0.15248,
        0.1175,
        0.0905,
        0.07084,
        0.0562,
        0.04199,
        0.03308,
        0.02553,
        0.020347,
        0.01597,
        0.012616,
        0.00995,
        0.00794,
        0.006218,
        0.005054,
        0.004115,
        0.0032,
        0.0026,
        0.00215,
        0.00171,
        0.00141,
        0.001152,
        0.001653,
        0.000779,
        0.0006358,
        0.000523,
        0.000467,
        0.000388,
        0.000313,
        0.000267,
        0.0002189,
        0.0001876,
        0.0001584,
        0.0001418,
        0.0001171,
        0.000103,
        9.466e-05,
        7.847e-05,
        6.592e-05
    ],
    "signal": [
        7241159.978081448,
        223100.17062551517,
        47260.33074873388,
        15507.38356886472,
        6207.96181039012,
        2852.775885156291,
        1433.4484714044647,
        774.3078713381536,
        437.702030235762,
        258.2343127154086,
        161.02860666747426,
        100.09993376561549,
        64.90506260533114,
        43.099852689857464,
        29.085076789730945,
        19.837242984801076,
        13.617637941677565,
        9.808594649408478,
        6.935465272234356,
        4.995792651952878,
        3.6291479335819656,
        4.021053336893353,
        1.923198358537141,
        1.4255344893003938,
        1.0627521856341051,
        0.7858214349362832,
        0.5934836344877346,
        0.4635077201104664,
        0.3427821593639146,
        0.2569951902401853,
        0.1990529613508759,
        0.15083332673213348,
        0.11651151825359202,
        0.0893231574445025,
        0.06986653556496464,
        0.05369081430129517,
        0.04199,
        0.03308,
        0.02553,
        0.020347,
        0.01597,
        0.012616,
        0.00995,
        0.00794,
        0.006218,
        0.005054,
        0.004115,
        0.0032,
        0.0026,
        0.00215,
        0.00171,
        0.00141,
        0.001152,
        0.001653,
        0.000779,
        0.0006358,
        0.000523,
        0.000467,
        0.000388,
        0.000313,
        0.000267,
        0.0002189,
        0.0001876,
        0.0001584,
        0.0001418,
        0.0001171,
        0.000103,
        9.466e-05,
        7.847e-05,
        6.592e-05
    ],
    "sigma": [
        764326.3,
        28257.3,
        5851.09,
        1859.65,
        747.879,
        353.206,
        179.091,
        97.7124,
        62.5286,
        35.7788,
        25.9187,
        14.5396,
        9.55914,
        6.64664,
        5.7114,
        3.2872,
        2.429,
        1.96496,
        1.53658,
        1.06203,
        0.789811,
        1.64016,
        0.532257,
        0.401721,
        0.353156,
        0.273798,
        0.408859,
        0.178459,
        0.154555,
        0.11898,
        0.0983986,
        0.07899,
        0.061663,
        0.05249,
        0.043518,
        0.035888,
        0.02898,
        0.02309,
        0.019,
        0.01527,
        0.0123,
        0.009716,
        0.007873,
        0.006216,
        0.00501,
        0.004109,
        0.003368,
        0.002681,
        0.00223,
        0.001848,
        0.001511,
        0.001218,
        0.001014,
        0.001506,
        0.000706,
        0.000583,
        0.000489,
        0.000428,
        0.000368,
        0.000302,
        0.000252,
        0.000214,
        0.000184,
        0.000162,
        0.000143,
        0.00012,
        0.000111,
        9.7e-05,
        8.2e-05,
        7.1e-05
    ],
    "bins": [
        120,
        218,
        316,
        414,
        512,
        610,
        708,
        806,
        904,
        1002,
        1100,
        1198,
        1296,
        1394,
        1492,
        1590,
        1688,
        1786,
        1884,
        1982,
        2080,
        2178,
        2276,
        2374,
        2472,
        2570,
        2668,
        2766,
        2864,
        2962,
        3060,
        3158,
        3256,
        3354,
        3452,
        3550,
        3648,
        3746,
        3844,
        3942,
        4040,
        4138,
        4236,
        4334,
        4432,
        4530,
        4628,
        4726,
        4824,
        4922,
        5020,
        5118,
        5216,
        5314,
        5412,
        5510,
        5608,
        5706,
        5804,
        5902,
        6000,
        6098,
        6196,
        6294,
        6392,
        6490,
        6588,
        6686,
        6784,
        6882,
        6980
    ]
}