{
    "data": [
        0.041,
        0.0404,
        0.0401,
        0.0404,
        0.0397,
        0.0395,
        0.0384,
        0.0348,
        0.0292,
        0.0229,
        0.0154,
        0.00731,
        0.0104,
        0.0104,
        0.0103,
        0.0105,
        0.0102,
        0.00968,
        0.00912,
        0.00779,
        0.00664,
        0.00483,
        0.00335,
        0.00163,
        0.00242,
        0.00239,
        0.00243,
        0.00248,
        0.00229,
        0.00216,
        0.00188,
        0.00166,
        0.00134,
        0.001,
        0.000604,
        0.000243,
        0.000355,
        0.000336,
        0.000316,
        0.000245,
        0.000131,
        3.81e-05,
        1.47e-05,
        1.38e-05,
        1.14e-05,
        8.05e-06,
        2.21e-06,
        2.87e-07
    ],
    "background": [
        0.0392,
        0.0392,
        0.0391,
        0.0389,
        0.0388,
        0.0383,
        0.0373,
        0.0344,
        0.0289,
        0.022200000000000004,
        0.0147,
        0.0071,
        0.01,
        0.01,
        0.01,
        0.00995,
        0.00986,
        0.00952,
        0.00882,
        0.00774,
        0.0064199999999999995,
        0.00485,
        0.0031299999999999995,
        0.00144,
        0.00242,
        0.00241,
        0.0024,
        0.00236,
        0.00226,
        0.00212,
        0.00193,
        0.00166,
        0.00135,
        0.000978,
        0.000594,
        0.000252,
        0.000383,
        0.000363,
        0.000321,
        0.000246,
        0.000137,
        3.67e-05,
        1.67e-05,
        1.5e-05,
        1.19e-05,
        7.13e-06,
        2.46e-06,
        2.76e-07
    ]
}