{
    "MXX": 7.0,
    "best-fit": 0.003296866482429895,
    "beta": 0.3,
    "lower-limit": -0.003999999999999924,
    "upper-limit": 0.009000000000000077
}