{
    "MXX": 7.0,
    "best-fit": 0.002280581587716142,
    "beta": 1.2,
    "lower-limit": -0.003999999999999924,
    "upper-limit": 0.008000000000000076
}