{
    "MXX": 4.0,
    "best-fit": -0.0063430399872548,
    "beta": 0.3,
    "lower-limit": -0.01399999999999993,
    "upper-limit": 7.632783294297951e-17
}