{
    "MXX": 6.0,
    "best-fit": 0.003242343994254133,
    "beta": 0.5,
    "lower-limit": -0.003999999999999924,
    "upper-limit": 0.009000000000000077
}