{
    "MXX": 8.0,
    "best-fit": 0.003132432898265239,
    "beta": 0.8,
    "lower-limit": -0.003999999999999924,
    "upper-limit": 0.009000000000000077
}