{
    "MXX": 8.0,
    "best-fit": 0.0033642496758665343,
    "beta": 0.3,
    "lower-limit": -0.003999999999999924,
    "upper-limit": 0.010000000000000078
}