{
    "MXX": 7.0,
    "best-fit": 0.003186658964406544,
    "beta": 0.5,
    "lower-limit": -0.003999999999999924,
    "upper-limit": 0.009000000000000077
}