{
    "MXX": 8.0,
    "best-fit": 0.0027775876769819416,
    "beta": 1.2,
    "lower-limit": -0.003999999999999924,
    "upper-limit": 0.008000000000000076
}