{
    "MXX": 5.0,
    "best-fit": -0.006186845266083256,
    "beta": 1.2,
    "lower-limit": -0.011999999999999927,
    "upper-limit": -0.0009999999999999237
}