{
    "MXX": 4.0,
    "best-fit": -0.05037981732384605,
    "beta": 1.2,
    "lower-limit": -0.06299999999999997,
    "upper-limit": -0.04099999999999995
}