{
    "MXX": 5.0,
    "best-fit": 0.0024281056655455157,
    "beta": 0.5,
    "lower-limit": -0.004999999999999924,
    "upper-limit": 0.008000000000000076
}