{
    "MXX": 4.0,
    "best-fit": -0.015664107167641765,
    "beta": 0.5,
    "lower-limit": -0.023999999999999938,
    "upper-limit": -0.008999999999999925
}