{
    "MXX": 4.0,
    "best-fit": -0.0452570312791665,
    "beta": 1.0,
    "lower-limit": -0.054999999999999966,
    "upper-limit": -0.03699999999999995
}