{
    "MXX": 6.0,
    "best-fit": 0.002584270664610905,
    "beta": 0.8,
    "lower-limit": -0.003999999999999924,
    "upper-limit": 0.008000000000000076
}