{
    "MXX": 6.0,
    "best-fit": 0.0019163074372068039,
    "beta": 1.0,
    "lower-limit": -0.004999999999999924,
    "upper-limit": 0.0070000000000000765
}