{
    "MXX": 8.0,
    "best-fit": 0.0032972488540301582,
    "beta": 0.5,
    "lower-limit": -0.003999999999999924,
    "upper-limit": 0.009000000000000077
}