{
    "MXX": 7.0,
    "best-fit": -0.00047276653592504415,
    "beta": 0.5,
    "lower-limit": -0.006999999999999924,
    "upper-limit": 0.005000000000000076
}