{
    "MXX": 4.0,
    "best-fit": -0.0006280772585404263,
    "beta": 0.5,
    "lower-limit": -0.006999999999999924,
    "upper-limit": 0.005000000000000076
}