{
    "MXX": 7.0,
    "best-fit": -0.0009571644258216507,
    "beta": 0.8,
    "lower-limit": -0.006999999999999924,
    "upper-limit": 0.004000000000000076
}