{
    "MXX": 5.0,
    "best-fit": -0.0034099244237381938,
    "beta": 1.2,
    "lower-limit": -0.009999999999999926,
    "upper-limit": 0.0020000000000000764
}