{
    "MXX": 8.0,
    "best-fit": -0.001114938391999256,
    "beta": 1.0,
    "lower-limit": -0.006999999999999924,
    "upper-limit": 0.004000000000000076
}