{
    "MXX": 5.0,
    "best-fit": -0.005053571979476963,
    "beta": 1.5,
    "lower-limit": -0.010999999999999927,
    "upper-limit": 7.632783294297951e-17
}