{
    "MXX": 6.0,
    "best-fit": -0.0026007837394619207,
    "beta": 1.2,
    "lower-limit": -0.008999999999999925,
    "upper-limit": 0.0030000000000000764
}