{
    "MXX": 7.0,
    "best-fit": -0.0002727641259354807,
    "beta": 0.3,
    "lower-limit": -0.006999999999999924,
    "upper-limit": 0.005000000000000076
}