{
    "MXX": 4.0,
    "best-fit": -0.003475363473723562,
    "beta": 1.2,
    "lower-limit": -0.009999999999999926,
    "upper-limit": 0.0020000000000000764
}