{
    "MXX": 6.0,
    "best-fit": 0.003545822212822217,
    "beta": 1.5,
    "lower-limit": -0.012999999999999928,
    "upper-limit": 0.019000000000000086
}