{
    "MXX": 5.0,
    "best-fit": 0.0016065041758278617,
    "beta": 0.8,
    "lower-limit": -0.01499999999999993,
    "upper-limit": 0.018000000000000085
}