{
    "MXX": 4.0,
    "best-fit": 0.006679402083015614,
    "beta": 1.2,
    "lower-limit": -0.009999999999999926,
    "upper-limit": 0.02300000000000009
}