{
    "MXX": 5.0,
    "best-fit": 0.000748805488744331,
    "beta": 0.5,
    "lower-limit": -0.01599999999999993,
    "upper-limit": 0.017000000000000084
}