{
    "MXX": 8.0,
    "best-fit": 0.0013788845855149728,
    "beta": 1.2,
    "lower-limit": -0.01599999999999993,
    "upper-limit": 0.017000000000000084
}