{
    "MXX": 4.0,
    "best-fit": 0.0024019392080189077,
    "beta": 1.0,
    "lower-limit": 0.0019199999999997656,
    "upper-limit": 0.002889999999999768
}