{
    "MXX": 7.0,
    "best-fit": 0.0018615636699434767,
    "beta": 0.8,
    "lower-limit": 0.0014199999999997643,
    "upper-limit": 0.0022999999999997666
}