{
    "MXX": 5.0,
    "best-fit": 0.000835088406530434,
    "beta": 0.3,
    "lower-limit": 0.00038999999999976163,
    "upper-limit": 0.001279999999999764
}