{
    "MXX": 7.0,
    "best-fit": 0.0009497603639082438,
    "beta": 0.5,
    "lower-limit": 0.0004999999999997619,
    "upper-limit": 0.0013999999999997643
}