{
    "MXX": 7.0,
    "best-fit": 0.003707220833224705,
    "beta": 1.2,
    "lower-limit": 0.003279999999999769,
    "upper-limit": 0.004139999999999761
}