{
    "MXX": 6.0,
    "best-fit": 0.000676127795673244,
    "beta": 0.3,
    "lower-limit": 0.00022999999999976124,
    "upper-limit": 0.0011299999999997636
}