{
    "MXX": 5.0,
    "best-fit": 0.0031795453253158617,
    "beta": 0.8,
    "lower-limit": 0.002749999999999768,
    "upper-limit": 0.00360999999999977
}