{
    "MXX": 6.0,
    "best-fit": 0.002457698955534998,
    "beta": 0.8,
    "lower-limit": 0.002019999999999766,
    "upper-limit": 0.002899999999999768
}