{
    "MXX": 7.0,
    "best-fit": 0.0005740589117549134,
    "beta": 0.3,
    "lower-limit": 0.00012999999999976125,
    "upper-limit": 0.0010199999999997633
}