{
    "MXX": 8.0,
    "best-fit": 0.007079972055354069,
    "beta": 2.0,
    "lower-limit": 0.006669999999999658,
    "upper-limit": 0.0074899999999996246
}