{
    "MXX": 7.0,
    "best-fit": 0.00912694043378385,
    "beta": 2.0,
    "lower-limit": 0.008719999999999575,
    "upper-limit": 0.009539999999999542
}