{
    "MXX": 5.0,
    "best-fit": 0.004568859651570721,
    "beta": 1.0,
    "lower-limit": 0.004139999999999761,
    "upper-limit": 0.004999999999999726
}