{
    "MXX": 8.0,
    "best-fit": 0.0021552383616802537,
    "beta": 1.0,
    "lower-limit": 0.0017199999999997651,
    "upper-limit": 0.0025899999999997674
}