{
    "MXX": 8.0,
    "best-fit": 0.0005801400579158488,
    "beta": 0.3,
    "lower-limit": 0.00012999999999976125,
    "upper-limit": 0.0010299999999997633
}