{
    "MXX": 8.0,
    "best-fit": 0.0029093640355315,
    "beta": 1.2,
    "lower-limit": 0.002479999999999767,
    "upper-limit": 0.0033399999999997694
}