{
    "MXX": 5.0,
    "best-fit": 0.008730490406786307,
    "beta": 1.5,
    "lower-limit": 0.008279999999999593,
    "upper-limit": 0.009189999999999556
}