{
    "data": [
        4.2917568574707134,
        0.5597038368002013,
        0.07821971096992103,
        0.04361425395610961,
        0.029642603683039812,
        0.02503445242652301,
        0.024973739579337392,
        0.028560624309777224,
        0.10478277247106407
    ],
    "SM": [
        4.5145069415441865,
        0.6045635325241778,
        0.08186269816744852,
        0.03815641672552023,
        0.018731220233535028,
        0.00989638304822995,
        0.0050051078727850855,
        0.0027211086997800745,
        0.003505730125900371
    ],
    "bin-edges": [
        1000,
        1500,
        2000,
        2250,
        2500,
        2750,
        3000,
        3250,
        3500,
        1000000000
    ]
}