{
    "data": [
        4.464539726882851,
        0.5878081830104817,
        0.08144258651941214,
        0.03634270240773797,
        0.018706868352399972,
        0.009307694738307002,
        0.004992836160456502,
        0.0026815461538664998,
        0.00329312554973255
    ],
    "SM": [
        4.5145069415441865,
        0.6045635325241778,
        0.08186269816744852,
        0.03815641672552023,
        0.018731220233535028,
        0.00989638304822995,
        0.0050051078727850855,
        0.0027211086997800745,
        0.003505730125900371
    ],
    "bin-edges": [
        1000,
        1500,
        2000,
        2250,
        2500,
        2750,
        3000,
        3250,
        3500,
        1000000000
    ]
}