{
    "data": [
        4.258702627645304,
        0.5444210755972685,
        0.067025452327985,
        0.03028432097795427,
        0.014273257340481744,
        0.006798992845026158,
        0.003519003825345819,
        0.0018942388134324398,
        0.010813809663520082
    ],
    "SM": [
        4.5145069415441865,
        0.6045635325241778,
        0.08186269816744852,
        0.03815641672552023,
        0.018731220233535028,
        0.00989638304822995,
        0.0050051078727850855,
        0.0027211086997800745,
        0.003505730125900371
    ],
    "bin-edges": [
        1000,
        1500,
        2000,
        2250,
        2500,
        2750,
        3000,
        3250,
        3500,
        1000000000
    ]
}