{
    "data": [
        4.416736289362683,
        0.5824495003077735,
        0.07611103718711607,
        0.03583810157643382,
        0.01739121028729784,
        0.00895658860343268,
        0.004573042427905559,
        0.002427506737727319,
        0.002912564686270734
    ],
    "SM": [
        4.5145069415441865,
        0.6045635325241778,
        0.08186269816744852,
        0.03815641672552023,
        0.018731220233535028,
        0.00989638304822995,
        0.0050051078727850855,
        0.0027211086997800745,
        0.003505730125900371
    ],
    "bin-edges": [
        1000,
        1500,
        2000,
        2250,
        2500,
        2750,
        3000,
        3250,
        3500,
        1000000000
    ]
}