{
    "data": [
        4.374973210886966,
        0.559992934618287,
        0.07261230975973858,
        0.03198156911180163,
        0.01661629862764991,
        0.007722898205569273,
        0.003949156668527916,
        0.0020311108001502447,
        0.0032333959760355007
    ],
    "SM": [
        4.5145069415441865,
        0.6045635325241778,
        0.08186269816744852,
        0.03815641672552023,
        0.018731220233535028,
        0.00989638304822995,
        0.0050051078727850855,
        0.0027211086997800745,
        0.003505730125900371
    ],
    "bin-edges": [
        1000,
        1500,
        2000,
        2250,
        2500,
        2750,
        3000,
        3250,
        3500,
        1000000000
    ]
}