{
    "data": [
        4.477804539732083,
        0.5915618474043174,
        0.07791334872164181,
        0.036639760250156625,
        0.01839732496807708,
        0.009181687748719136,
        0.004816108352756328,
        0.002575192715881999,
        0.003162221492483223
    ],
    "SM": [
        4.5145069415441865,
        0.6045635325241778,
        0.08186269816744852,
        0.03815641672552023,
        0.018731220233535028,
        0.00989638304822995,
        0.0050051078727850855,
        0.0027211086997800745,
        0.003505730125900371
    ],
    "bin-edges": [
        1000,
        1500,
        2000,
        2250,
        2500,
        2750,
        3000,
        3250,
        3500,
        1000000000
    ]
}