{
    "data": [
        4.380040982983383,
        0.5836644990352519,
        0.07550832584120303,
        0.0356729162237832,
        0.017568618753611757,
        0.00872171744240288,
        0.0044773163553518056,
        0.002324315019287685,
        0.0026733584483891945
    ],
    "SM": [
        4.5145069415441865,
        0.6045635325241778,
        0.08186269816744852,
        0.03815641672552023,
        0.018731220233535028,
        0.00989638304822995,
        0.0050051078727850855,
        0.0027211086997800745,
        0.003505730125900371
    ],
    "bin-edges": [
        1000,
        1500,
        2000,
        2250,
        2500,
        2750,
        3000,
        3250,
        3500,
        1000000000
    ]
}