{
    "data": [
        4.375396219124338,
        0.5578516934510688,
        0.07135654080884882,
        0.0327641434749159,
        0.016000051890223275,
        0.008074077865867207,
        0.003994322347500353,
        0.0021410658283943502,
        0.0076909427180858305
    ],
    "SM": [
        4.5145069415441865,
        0.6045635325241778,
        0.08186269816744852,
        0.03815641672552023,
        0.018731220233535028,
        0.00989638304822995,
        0.0050051078727850855,
        0.0027211086997800745,
        0.003505730125900371
    ],
    "bin-edges": [
        1000,
        1500,
        2000,
        2250,
        2500,
        2750,
        3000,
        3250,
        3500,
        1000000000
    ]
}