{
    "data": [
        4.400174917510539,
        0.5622320041474349,
        0.07402908976214269,
        0.03271621937370363,
        0.01630589137490195,
        0.007911236587779466,
        0.004077721988891674,
        0.002088166956212096,
        0.0025085956014604376
    ],
    "SM": [
        4.5145069415441865,
        0.6045635325241778,
        0.08186269816744852,
        0.03815641672552023,
        0.018731220233535028,
        0.00989638304822995,
        0.0050051078727850855,
        0.0027211086997800745,
        0.003505730125900371
    ],
    "bin-edges": [
        1000,
        1500,
        2000,
        2250,
        2500,
        2750,
        3000,
        3250,
        3500,
        1000000000
    ]
}