{
    "data": [
        4.469580755970222,
        0.6027926965608217,
        0.07933524783284492,
        0.03882191514416701,
        0.018632767127907707,
        0.009686181900700728,
        0.004978420986630384,
        0.002772810732592753,
        0.0034376159017790466
    ],
    "SM": [
        4.5145069415441865,
        0.6045635325241778,
        0.08186269816744852,
        0.03815641672552023,
        0.018731220233535028,
        0.00989638304822995,
        0.0050051078727850855,
        0.0027211086997800745,
        0.003505730125900371
    ],
    "bin-edges": [
        1000,
        1500,
        2000,
        2250,
        2500,
        2750,
        3000,
        3250,
        3500,
        1000000000
    ]
}