{
    "data": [
        4.44256084925784,
        0.6008309026189593,
        0.07906519863769042,
        0.03772496432837018,
        0.018873390362329115,
        0.009523487722239479,
        0.004974124182660582,
        0.002638527763052781,
        0.0032109406064112474
    ],
    "SM": [
        4.5145069415441865,
        0.6045635325241778,
        0.08186269816744852,
        0.03815641672552023,
        0.018731220233535028,
        0.00989638304822995,
        0.0050051078727850855,
        0.0027211086997800745,
        0.003505730125900371
    ],
    "bin-edges": [
        1000,
        1500,
        2000,
        2250,
        2500,
        2750,
        3000,
        3250,
        3500,
        1000000000
    ]
}