{
    "data": [
        4.49415632758806,
        0.6048143211257891,
        0.08004456479870319,
        0.03762910860982674,
        0.01896455743972857,
        0.010156719129132491,
        0.005283819011439466,
        0.003165301947876978,
        0.004621970333331939
    ],
    "SM": [
        4.5145069415441865,
        0.6045635325241778,
        0.08186269816744852,
        0.03815641672552023,
        0.018731220233535028,
        0.00989638304822995,
        0.0050051078727850855,
        0.0027211086997800745,
        0.003505730125900371
    ],
    "bin-edges": [
        1000,
        1500,
        2000,
        2250,
        2500,
        2750,
        3000,
        3250,
        3500,
        1000000000
    ]
}