{
    "data": [
        4.472378608716815,
        0.5899387675620165,
        0.08190392223609069,
        0.03660429412509431,
        0.018870644632307136,
        0.009407629869127944,
        0.005056596802584097,
        0.0027220029955239604,
        0.0033655173527210244
    ],
    "SM": [
        4.5145069415441865,
        0.6045635325241778,
        0.08186269816744852,
        0.03815641672552023,
        0.018731220233535028,
        0.00989638304822995,
        0.0050051078727850855,
        0.0027211086997800745,
        0.003505730125900371
    ],
    "bin-edges": [
        1000,
        1500,
        2000,
        2250,
        2500,
        2750,
        3000,
        3250,
        3500,
        1000000000
    ]
}