{
    "data": [
        4.431046159602774,
        0.5753729348333476,
        0.07586721730478671,
        0.03385092095667003,
        0.0178432360697398,
        0.008442934896495342,
        0.004401663593979999,
        0.002312162874099885,
        0.003253955983991838
    ],
    "SM": [
        4.5145069415441865,
        0.6045635325241778,
        0.08186269816744852,
        0.03815641672552023,
        0.018731220233535028,
        0.00989638304822995,
        0.0050051078727850855,
        0.0027211086997800745,
        0.003505730125900371
    ],
    "bin-edges": [
        1000,
        1500,
        2000,
        2250,
        2500,
        2750,
        3000,
        3250,
        3500,
        1000000000
    ]
}