{
    "data": [
        4.1187948308298825,
        0.5223001026393885,
        0.07698192722144388,
        0.04595128443912195,
        0.04105936108638208,
        0.036642420471335604,
        0.04555681741455355,
        0.045911277070691606,
        0.19888407118780416
    ],
    "SM": [
        4.5145069415441865,
        0.6045635325241778,
        0.08186269816744852,
        0.03815641672552023,
        0.018731220233535028,
        0.00989638304822995,
        0.0050051078727850855,
        0.0027211086997800745,
        0.003505730125900371
    ],
    "bin-edges": [
        1000,
        1500,
        2000,
        2250,
        2500,
        2750,
        3000,
        3250,
        3500,
        1000000000
    ]
}