{
    "data": [
        79.77902971964626,
        14.477388995341757,
        3.604100395620259,
        1.1651802372701845,
        0.4268697766960422,
        0.16614204081380685,
        0.07171749853910724,
        0.031213177794500946,
        0.01406001408329985,
        0.006336752586600063,
        0.0029782681673001434,
        0.0014608644978999098,
        0.0044434404116004
    ],
    "SM": [
        83.0363615275492,
        15.113109394957803,
        4.041701949411257,
        1.2982441016659283,
        0.49939366162194354,
        0.21034611614839588,
        0.09576057909099175,
        0.04472517798210099,
        0.021546563578200274,
        0.011733459354599905,
        0.006052402715699887,
        0.003264810401099951,
        0.004015564002599662
    ],
    "bin-edges": [
        500,
        750,
        1000,
        1250,
        1500,
        1750,
        2000,
        2250,
        2500,
        2750,
        3000,
        3250,
        3500,
        1000000000
    ]
}