{
    "data": [
        4.403815819010119,
        0.5788774197843846,
        0.07536753371743085,
        0.035391644999924754,
        0.01712007885208386,
        0.008785577570024156,
        0.0044672117530385426,
        0.00235960276236186,
        0.0028141189365071552
    ],
    "SM": [
        4.5145069415441865,
        0.6045635325241778,
        0.08186269816744852,
        0.03815641672552023,
        0.018731220233535028,
        0.00989638304822995,
        0.0050051078727850855,
        0.0027211086997800745,
        0.003505730125900371
    ],
    "bin-edges": [
        1000,
        1500,
        2000,
        2250,
        2500,
        2750,
        3000,
        3250,
        3500,
        1000000000
    ]
}