{
    "data": [
        4.260329005165677,
        0.5262891892244373,
        0.06481916101599497,
        0.029028909495940277,
        0.013706548648429413,
        0.006766230812929855,
        0.0032975087877318496,
        0.0017807090475441007,
        0.011686753175947152
    ],
    "SM": [
        4.5145069415441865,
        0.6045635325241778,
        0.08186269816744852,
        0.03815641672552023,
        0.018731220233535028,
        0.00989638304822995,
        0.0050051078727850855,
        0.0027211086997800745,
        0.003505730125900371
    ],
    "bin-edges": [
        1000,
        1500,
        2000,
        2250,
        2500,
        2750,
        3000,
        3250,
        3500,
        1000000000
    ]
}