{
    "data": [
        4.2199962117140135,
        0.5303349388306332,
        0.06411392231486421,
        0.03046551515975419,
        0.015174959628526998,
        0.008835300687053401,
        0.006242583467714,
        0.005142530236549601,
        0.0492681857575466
    ],
    "SM": [
        4.5145069415441865,
        0.6045635325241778,
        0.08186269816744852,
        0.03815641672552023,
        0.018731220233535028,
        0.00989638304822995,
        0.0050051078727850855,
        0.0027211086997800745,
        0.003505730125900371
    ],
    "bin-edges": [
        1000,
        1500,
        2000,
        2250,
        2500,
        2750,
        3000,
        3250,
        3500,
        1000000000
    ]
}