{
    "data": [
        4.226904373142902,
        0.5445589226277414,
        0.07727715476766304,
        0.04292654935660847,
        0.03377772804873974,
        0.028824906279715658,
        0.032223645500334984,
        0.03230463316679207,
        0.13751828988128104
    ],
    "SM": [
        4.5145069415441865,
        0.6045635325241778,
        0.08186269816744852,
        0.03815641672552023,
        0.018731220233535028,
        0.00989638304822995,
        0.0050051078727850855,
        0.0027211086997800745,
        0.003505730125900371
    ],
    "bin-edges": [
        1000,
        1500,
        2000,
        2250,
        2500,
        2750,
        3000,
        3250,
        3500,
        1000000000
    ]
}