{
    "data": [
        4.496758043202633,
        0.5967987253407162,
        0.07900364511121008,
        0.03729073774163225,
        0.018800407436049497,
        0.009428713945360781,
        0.004972186903267059,
        0.0026746143531057994,
        0.0033389549736500324
    ],
    "SM": [
        4.5145069415441865,
        0.6045635325241778,
        0.08186269816744852,
        0.03815641672552023,
        0.018731220233535028,
        0.00989638304822995,
        0.0050051078727850855,
        0.0027211086997800745,
        0.003505730125900371
    ],
    "bin-edges": [
        1000,
        1500,
        2000,
        2250,
        2500,
        2750,
        3000,
        3250,
        3500,
        1000000000
    ]
}