{
    "data": [
        4.2270377026999455,
        0.5356528974587091,
        0.06524685797999503,
        0.0292446247412858,
        0.013666047174241311,
        0.006467295465471258,
        0.0033334643928004974,
        0.0017998439577335006,
        0.012086743505389292
    ],
    "SM": [
        4.5145069415441865,
        0.6045635325241778,
        0.08186269816744852,
        0.03815641672552023,
        0.018731220233535028,
        0.00989638304822995,
        0.0050051078727850855,
        0.0027211086997800745,
        0.003505730125900371
    ],
    "bin-edges": [
        1000,
        1500,
        2000,
        2250,
        2500,
        2750,
        3000,
        3250,
        3500,
        1000000000
    ]
}