{
    "data": [
        4.503923298671202,
        0.5871283716542396,
        0.07711822998434373,
        0.03644054234402268,
        0.018112239146420395,
        0.009020240903542193,
        0.004731753477142459,
        0.0024821427264148,
        0.0030417560297935123
    ],
    "SM": [
        4.5145069415441865,
        0.6045635325241778,
        0.08186269816744852,
        0.03815641672552023,
        0.018731220233535028,
        0.00989638304822995,
        0.0050051078727850855,
        0.0027211086997800745,
        0.003505730125900371
    ],
    "bin-edges": [
        1000,
        1500,
        2000,
        2250,
        2500,
        2750,
        3000,
        3250,
        3500,
        1000000000
    ]
}