{
    "data": [
        4.541721656634393,
        0.5974522585486561,
        0.07925926790310928,
        0.03769964975471266,
        0.01889929935609617,
        0.009498165430353266,
        0.005032784484994261,
        0.0026702684191646,
        0.003382881888544152
    ],
    "SM": [
        4.5145069415441865,
        0.6045635325241778,
        0.08186269816744852,
        0.03815641672552023,
        0.018731220233535028,
        0.00989638304822995,
        0.0050051078727850855,
        0.0027211086997800745,
        0.003505730125900371
    ],
    "bin-edges": [
        1000,
        1500,
        2000,
        2250,
        2500,
        2750,
        3000,
        3250,
        3500,
        1000000000
    ]
}