{
    "data": [
        4.55178201408857,
        0.5934486483044256,
        0.08099066122825745,
        0.03739627153806057,
        0.018031196241383902,
        0.009579742465373903,
        0.005078941859820853,
        0.0027645197380113994,
        0.003418883194931793
    ],
    "SM": [
        4.5145069415441865,
        0.6045635325241778,
        0.08186269816744852,
        0.03815641672552023,
        0.018731220233535028,
        0.00989638304822995,
        0.0050051078727850855,
        0.0027211086997800745,
        0.003505730125900371
    ],
    "bin-edges": [
        1000,
        1500,
        2000,
        2250,
        2500,
        2750,
        3000,
        3250,
        3500,
        1000000000
    ]
}