{
    "data": [
        4.34133687144655,
        0.5675262004752796,
        0.07177208336527967,
        0.03308791565262885,
        0.01593689841421348,
        0.0077300741499159754,
        0.00405596481006758,
        0.0021849691897047004,
        0.007735586468316682
    ],
    "SM": [
        4.5145069415441865,
        0.6045635325241778,
        0.08186269816744852,
        0.03815641672552023,
        0.018731220233535028,
        0.00989638304822995,
        0.0050051078727850855,
        0.0027211086997800745,
        0.003505730125900371
    ],
    "bin-edges": [
        1000,
        1500,
        2000,
        2250,
        2500,
        2750,
        3000,
        3250,
        3500,
        1000000000
    ]
}