{
    "data": [
        4.473531489953783,
        0.6000966881872424,
        0.07982290470994072,
        0.03821004059115363,
        0.020009295563630958,
        0.011601011150151773,
        0.007353000382359237,
        0.00564468375310935,
        0.014976251439453617
    ],
    "SM": [
        4.5145069415441865,
        0.6045635325241778,
        0.08186269816744852,
        0.03815641672552023,
        0.018731220233535028,
        0.00989638304822995,
        0.0050051078727850855,
        0.0027211086997800745,
        0.003505730125900371
    ],
    "bin-edges": [
        1000,
        1500,
        2000,
        2250,
        2500,
        2750,
        3000,
        3250,
        3500,
        1000000000
    ]
}