{
    "data": [
        4.439324633626709,
        0.5756387598355411,
        0.07511095699119484,
        0.034969322922184985,
        0.01736372476824001,
        0.008890154225101506,
        0.004450063903609991,
        0.0023839171312000007,
        0.0056219049312400005
    ],
    "SM": [
        4.5145069415441865,
        0.6045635325241778,
        0.08186269816744852,
        0.03815641672552023,
        0.018731220233535028,
        0.00989638304822995,
        0.0050051078727850855,
        0.0027211086997800745,
        0.003505730125900371
    ],
    "bin-edges": [
        1000,
        1500,
        2000,
        2250,
        2500,
        2750,
        3000,
        3250,
        3500,
        1000000000
    ]
}