{
    "data": [
        4.467125031613272,
        0.6020987013765171,
        0.07918865952163039,
        0.03873064323482459,
        0.018577875204251217,
        0.009651133589954211,
        0.004956424911141464,
        0.0027584495386456013,
        0.003429555308860583
    ],
    "SM": [
        4.5145069415441865,
        0.6045635325241778,
        0.08186269816744852,
        0.03815641672552023,
        0.018731220233535028,
        0.00989638304822995,
        0.0050051078727850855,
        0.0027211086997800745,
        0.003505730125900371
    ],
    "bin-edges": [
        1000,
        1500,
        2000,
        2250,
        2500,
        2750,
        3000,
        3250,
        3500,
        1000000000
    ]
}