{
    "data": [
        4.389693102523212,
        0.574980385229302,
        0.07455809323620284,
        0.03490635561933828,
        0.016825932586907424,
        0.008600451423866598,
        0.004352962629652545,
        0.0022864902501162237,
        0.0027104411137561808
    ],
    "SM": [
        4.5145069415441865,
        0.6045635325241778,
        0.08186269816744852,
        0.03815641672552023,
        0.018731220233535028,
        0.00989638304822995,
        0.0050051078727850855,
        0.0027211086997800745,
        0.003505730125900371
    ],
    "bin-edges": [
        1000,
        1500,
        2000,
        2250,
        2500,
        2750,
        3000,
        3250,
        3500,
        1000000000
    ]
}