{
    "data": [
        4.504548201108986,
        0.5989549627059032,
        0.07945340211900334,
        0.037559648469778426,
        0.01896717172030163,
        0.00953108771518391,
        0.005037001903128919,
        0.002716008853428097,
        0.0034133933079851667
    ],
    "SM": [
        4.5145069415441865,
        0.6045635325241778,
        0.08186269816744852,
        0.03815641672552023,
        0.018731220233535028,
        0.00989638304822995,
        0.0050051078727850855,
        0.0027211086997800745,
        0.003505730125900371
    ],
    "bin-edges": [
        1000,
        1500,
        2000,
        2250,
        2500,
        2750,
        3000,
        3250,
        3500,
        1000000000
    ]
}