{
    "data": [
        4.509330836682423,
        0.5912645477842945,
        0.0808605858281151,
        0.036686163046626044,
        0.018412089522517647,
        0.009703239514255052,
        0.00497544191371381,
        0.0027987740569469046,
        0.0034137788104101245
    ],
    "SM": [
        4.5145069415441865,
        0.6045635325241778,
        0.08186269816744852,
        0.03815641672552023,
        0.018731220233535028,
        0.00989638304822995,
        0.0050051078727850855,
        0.0027211086997800745,
        0.003505730125900371
    ],
    "bin-edges": [
        1000,
        1500,
        2000,
        2250,
        2500,
        2750,
        3000,
        3250,
        3500,
        1000000000
    ]
}