{
    "data": [
        4.454443148301694,
        0.5955596246208235,
        0.0766035713542449,
        0.037171931054962803,
        0.018186456161114906,
        0.00948484157774942,
        0.0051215143299704795,
        0.0030282866441898493,
        0.010208651895857962
    ],
    "SM": [
        4.5145069415441865,
        0.6045635325241778,
        0.08186269816744852,
        0.03815641672552023,
        0.018731220233535028,
        0.00989638304822995,
        0.0050051078727850855,
        0.0027211086997800745,
        0.003505730125900371
    ],
    "bin-edges": [
        1000,
        1500,
        2000,
        2250,
        2500,
        2750,
        3000,
        3250,
        3500,
        1000000000
    ]
}