{
    "data": [
        79.63045543736423,
        13.936533931357214,
        3.571643807179369,
        1.1328339582555516,
        0.4061074596799322,
        0.15705575126113247,
        0.0668800258136675,
        0.030415072473580003,
        0.01641157742825001,
        0.010347389974072493,
        0.008039744384499994,
        0.00781300369609001,
        0.08566183451482216
    ],
    "SM": [
        83.0363615275492,
        15.113109394957803,
        4.041701949411257,
        1.2982441016659283,
        0.49939366162194354,
        0.21034611614839588,
        0.09576057909099175,
        0.04472517798210099,
        0.021546563578200274,
        0.011733459354599905,
        0.006052402715699887,
        0.003264810401099951,
        0.004015564002599662
    ],
    "bin-edges": [
        500,
        750,
        1000,
        1250,
        1500,
        1750,
        2000,
        2250,
        2500,
        2750,
        3000,
        3250,
        3500,
        1000000000
    ]
}