{
    "data": [
        4.453940132303135,
        0.5952954525256515,
        0.0799527961507205,
        0.035997724949428885,
        0.018420555853211503,
        0.009238273086580012,
        0.004718419377982468,
        0.0026997609904218667,
        0.004268596211353769
    ],
    "SM": [
        4.5145069415441865,
        0.6045635325241778,
        0.08186269816744852,
        0.03815641672552023,
        0.018731220233535028,
        0.00989638304822995,
        0.0050051078727850855,
        0.0027211086997800745,
        0.003505730125900371
    ],
    "bin-edges": [
        1000,
        1500,
        2000,
        2250,
        2500,
        2750,
        3000,
        3250,
        3500,
        1000000000
    ]
}