{
    "data": [
        4.511197838026141,
        0.591778416908872,
        0.08097149686200494,
        0.03675022259367163,
        0.018452047997538485,
        0.009728920199552035,
        0.004991305921863511,
        0.0028093895652879113,
        0.0034307973106000086
    ],
    "SM": [
        4.5145069415441865,
        0.6045635325241778,
        0.08186269816744852,
        0.03815641672552023,
        0.018731220233535028,
        0.00989638304822995,
        0.0050051078727850855,
        0.0027211086997800745,
        0.003505730125900371
    ],
    "bin-edges": [
        1000,
        1500,
        2000,
        2250,
        2500,
        2750,
        3000,
        3250,
        3500,
        1000000000
    ]
}