{
    "data": [
        81.24550527639838,
        14.540500680680507,
        3.8440581082217085,
        1.2691827835405989,
        0.4780270391905902,
        0.19555374291857677,
        0.0878433314036202,
        0.04120842140405952,
        0.021642230544016434,
        0.010750413086864193,
        0.005546000894574082,
        0.004154075450039207,
        0.015416949113830134
    ],
    "SM": [
        83.0363615275492,
        15.113109394957803,
        4.041701949411257,
        1.2982441016659283,
        0.49939366162194354,
        0.21034611614839588,
        0.09576057909099175,
        0.04472517798210099,
        0.021546563578200274,
        0.011733459354599905,
        0.006052402715699887,
        0.003264810401099951,
        0.004015564002599662
    ],
    "bin-edges": [
        500,
        750,
        1000,
        1250,
        1500,
        1750,
        2000,
        2250,
        2500,
        2750,
        3000,
        3250,
        3500,
        1000000000
    ]
}