{
    "data": [
        4.420195240441072,
        0.5702980541268176,
        0.07397863287515226,
        0.03429985197709395,
        0.01694927273372099,
        0.008639410944925657,
        0.004308481657223002,
        0.002308241716174999,
        0.006228761386069779
    ],
    "SM": [
        4.5145069415441865,
        0.6045635325241778,
        0.08186269816744852,
        0.03815641672552023,
        0.018731220233535028,
        0.00989638304822995,
        0.0050051078727850855,
        0.0027211086997800745,
        0.003505730125900371
    ],
    "bin-edges": [
        1000,
        1500,
        2000,
        2250,
        2500,
        2750,
        3000,
        3250,
        3500,
        1000000000
    ]
}