{
    "data": [
        4.471350075341508,
        0.58150784228054,
        0.07815040823343265,
        0.035069500375056475,
        0.01777724130263701,
        0.008807647301062507,
        0.0046482644421634986,
        0.002446784972844501,
        0.003021615687933298
    ],
    "SM": [
        4.5145069415441865,
        0.6045635325241778,
        0.08186269816744852,
        0.03815641672552023,
        0.018731220233535028,
        0.00989638304822995,
        0.0050051078727850855,
        0.0027211086997800745,
        0.003505730125900371
    ],
    "bin-edges": [
        1000,
        1500,
        2000,
        2250,
        2500,
        2750,
        3000,
        3250,
        3500,
        1000000000
    ]
}