{
    "data": [
        4.1749797402544795,
        0.5338019450995753,
        0.07708284352446212,
        0.04432156747571192,
        0.0372682692859342,
        0.03255901353124086,
        0.03855616345283633,
        0.03874708261590215,
        0.16676561306501642
    ],
    "SM": [
        4.5145069415441865,
        0.6045635325241778,
        0.08186269816744852,
        0.03815641672552023,
        0.018731220233535028,
        0.00989638304822995,
        0.0050051078727850855,
        0.0027211086997800745,
        0.003505730125900371
    ],
    "bin-edges": [
        1000,
        1500,
        2000,
        2250,
        2500,
        2750,
        3000,
        3250,
        3500,
        1000000000
    ]
}