{
    "data": [
        4.473209312875564,
        0.5822100540534246,
        0.07839494442761592,
        0.038669805855057596,
        0.017976027487318084,
        0.009175943407284096,
        0.004689820522291061,
        0.002574615863134963,
        0.0029857955146039526
    ],
    "SM": [
        4.5145069415441865,
        0.6045635325241778,
        0.08186269816744852,
        0.03815641672552023,
        0.018731220233535028,
        0.00989638304822995,
        0.0050051078727850855,
        0.0027211086997800745,
        0.003505730125900371
    ],
    "bin-edges": [
        1000,
        1500,
        2000,
        2250,
        2500,
        2750,
        3000,
        3250,
        3500,
        1000000000
    ]
}