{
    "data": [
        4.439870723771807,
        0.5895993147060195,
        0.07871836370748046,
        0.037878733463890486,
        0.020778948813276008,
        0.01291746929359301,
        0.009127272767278002,
        0.007471852140220494,
        0.024166599224636494
    ],
    "SM": [
        4.5145069415441865,
        0.6045635325241778,
        0.08186269816744852,
        0.03815641672552023,
        0.018731220233535028,
        0.00989638304822995,
        0.0050051078727850855,
        0.0027211086997800745,
        0.003505730125900371
    ],
    "bin-edges": [
        1000,
        1500,
        2000,
        2250,
        2500,
        2750,
        3000,
        3250,
        3500,
        1000000000
    ]
}