{
    "data": [
        4.440982746273616,
        0.5947258918444233,
        0.07763463282890205,
        0.037765235312713204,
        0.017998950647866756,
        0.009282325156706161,
        0.004726697092069781,
        0.0026076915106237044,
        0.0033563801386945727
    ],
    "SM": [
        4.5145069415441865,
        0.6045635325241778,
        0.08186269816744852,
        0.03815641672552023,
        0.018731220233535028,
        0.00989638304822995,
        0.0050051078727850855,
        0.0027211086997800745,
        0.003505730125900371
    ],
    "bin-edges": [
        1000,
        1500,
        2000,
        2250,
        2500,
        2750,
        3000,
        3250,
        3500,
        1000000000
    ]
}