{
    "data": [
        4.357874258582629,
        0.5662289756135074,
        0.07274695548178797,
        0.033823457586777815,
        0.01617178576902688,
        0.008190301799167956,
        0.004101071332659799,
        0.002126073641887636,
        0.0024921137004941044
    ],
    "SM": [
        4.5145069415441865,
        0.6045635325241778,
        0.08186269816744852,
        0.03815641672552023,
        0.018731220233535028,
        0.00989638304822995,
        0.0050051078727850855,
        0.0027211086997800745,
        0.003505730125900371
    ],
    "bin-edges": [
        1000,
        1500,
        2000,
        2250,
        2500,
        2750,
        3000,
        3250,
        3500,
        1000000000
    ]
}