{
    "data": [
        4.477085960085613,
        0.5912192527839081,
        0.08218141686602543,
        0.03676174511689348,
        0.018969284909946996,
        0.009467866036546504,
        0.005095063749608505,
        0.002746434512545001,
        0.0034096064296135517
    ],
    "SM": [
        4.5145069415441865,
        0.6045635325241778,
        0.08186269816744852,
        0.03815641672552023,
        0.018731220233535028,
        0.00989638304822995,
        0.0050051078727850855,
        0.0027211086997800745,
        0.003505730125900371
    ],
    "bin-edges": [
        1000,
        1500,
        2000,
        2250,
        2500,
        2750,
        3000,
        3250,
        3500,
        1000000000
    ]
}