{
    "data": [
        4.416730699923049,
        0.5845769196861992,
        0.07853125842925061,
        0.03839573690927547,
        0.02197700439994269,
        0.01469453706917595,
        0.011342367500596263,
        0.010100510099526536,
        0.0359650063387956
    ],
    "SM": [
        4.5145069415441865,
        0.6045635325241778,
        0.08186269816744852,
        0.03815641672552023,
        0.018731220233535028,
        0.00989638304822995,
        0.0050051078727850855,
        0.0027211086997800745,
        0.003505730125900371
    ],
    "bin-edges": [
        1000,
        1500,
        2000,
        2250,
        2500,
        2750,
        3000,
        3250,
        3500,
        1000000000
    ]
}