{
    "data": [
        79.13226908215586,
        14.233115497093236,
        3.500253605368791,
        1.113580420112653,
        0.39986761248857977,
        0.15163925495604733,
        0.06342711685886268,
        0.026524928670872465,
        0.011391846606212506,
        0.004835389638434994,
        0.002153181202092494,
        0.0009857366016824984,
        0.005706747492712503
    ],
    "SM": [
        83.0363615275492,
        15.113109394957803,
        4.041701949411257,
        1.2982441016659283,
        0.49939366162194354,
        0.21034611614839588,
        0.09576057909099175,
        0.04472517798210099,
        0.021546563578200274,
        0.011733459354599905,
        0.006052402715699887,
        0.003264810401099951,
        0.004015564002599662
    ],
    "bin-edges": [
        500,
        750,
        1000,
        1250,
        1500,
        1750,
        2000,
        2250,
        2500,
        2750,
        3000,
        3250,
        3500,
        1000000000
    ]
}