{
    "data": [
        4.494380733135877,
        0.6069382767434722,
        0.07884950916278165,
        0.038445853920707984,
        0.01882119308924992,
        0.009693455262571702,
        0.005024816602770987,
        0.0027268204593307046,
        0.003671210702323676
    ],
    "SM": [
        4.5145069415441865,
        0.6045635325241778,
        0.08186269816744852,
        0.03815641672552023,
        0.018731220233535028,
        0.00989638304822995,
        0.0050051078727850855,
        0.0027211086997800745,
        0.003505730125900371
    ],
    "bin-edges": [
        1000,
        1500,
        2000,
        2250,
        2500,
        2750,
        3000,
        3250,
        3500,
        1000000000
    ]
}