{
    "data": [
        4.547677780415317,
        0.5923044845570586,
        0.08074282030461885,
        0.037248912192768754,
        0.01794226878614533,
        0.009521856005050953,
        0.005042015685101989,
        0.002740590129427981,
        0.0034065995200669528
    ],
    "SM": [
        4.5145069415441865,
        0.6045635325241778,
        0.08186269816744852,
        0.03815641672552023,
        0.018731220233535028,
        0.00989638304822995,
        0.0050051078727850855,
        0.0027211086997800745,
        0.003505730125900371
    ],
    "bin-edges": [
        1000,
        1500,
        2000,
        2250,
        2500,
        2750,
        3000,
        3250,
        3500,
        1000000000
    ]
}