{
    "data": [
        4.436261062965388,
        0.5944533159084463,
        0.07740460774275802,
        0.03646285054123048,
        0.01798460687704939,
        0.008913564807639036,
        0.004764604325179199,
        0.0025934567222972403,
        0.00464326196225772
    ],
    "SM": [
        4.5145069415441865,
        0.6045635325241778,
        0.08186269816744852,
        0.03815641672552023,
        0.018731220233535028,
        0.00989638304822995,
        0.0050051078727850855,
        0.0027211086997800745,
        0.003505730125900371
    ],
    "bin-edges": [
        1000,
        1500,
        2000,
        2250,
        2500,
        2750,
        3000,
        3250,
        3500,
        1000000000
    ]
}