{
    "data": [
        4.340197035420846,
        0.5613844272005506,
        0.0717483581241173,
        0.033228178399794,
        0.01581356079650668,
        0.007966638201435073,
        0.003964460136971212,
        0.0020395645747361335,
        0.002380088656184362
    ],
    "SM": [
        4.5145069415441865,
        0.6045635325241778,
        0.08186269816744852,
        0.03815641672552023,
        0.018731220233535028,
        0.00989638304822995,
        0.0050051078727850855,
        0.0027211086997800745,
        0.003505730125900371
    ],
    "bin-edges": [
        1000,
        1500,
        2000,
        2250,
        2500,
        2750,
        3000,
        3250,
        3500,
        1000000000
    ]
}