{
    "data": [
        4.4688500680964225,
        0.5889794522498198,
        0.08169614205201908,
        0.036486449742995954,
        0.018796848600318505,
        0.009362587380033014,
        0.005027850164305,
        0.0027037567908869977,
        0.0033327764393995
    ],
    "SM": [
        4.5145069415441865,
        0.6045635325241778,
        0.08186269816744852,
        0.03815641672552023,
        0.018731220233535028,
        0.00989638304822995,
        0.0050051078727850855,
        0.0027211086997800745,
        0.003505730125900371
    ],
    "bin-edges": [
        1000,
        1500,
        2000,
        2250,
        2500,
        2750,
        3000,
        3250,
        3500,
        1000000000
    ]
}