{
    "data": [
        77.65997363718398,
        12.933162583544016,
        3.129883401811268,
        0.9420836553768003,
        0.33494144115631047,
        0.15366539045574895,
        0.10002791673250158,
        0.09408864838000212,
        0.09556292143600238,
        0.11072321413900302,
        0.12221681240000348,
        0.1480872574200045,
        0.5692229741600214
    ],
    "SM": [
        83.0363615275492,
        15.113109394957803,
        4.041701949411257,
        1.2982441016659283,
        0.49939366162194354,
        0.21034611614839588,
        0.09576057909099175,
        0.04472517798210099,
        0.021546563578200274,
        0.011733459354599905,
        0.006052402715699887,
        0.003264810401099951,
        0.004015564002599662
    ],
    "bin-edges": [
        500,
        750,
        1000,
        1250,
        1500,
        1750,
        2000,
        2250,
        2500,
        2750,
        3000,
        3250,
        3500,
        1000000000
    ]
}