{
    "data": [
        4.2847317739565005,
        0.5413975401206134,
        0.06920503482833093,
        0.0313589364015557,
        0.016187890670590354,
        0.008894571976647503,
        0.005879402907951955,
        0.0042524164662838,
        0.036274218950213086
    ],
    "SM": [
        4.5145069415441865,
        0.6045635325241778,
        0.08186269816744852,
        0.03815641672552023,
        0.018731220233535028,
        0.00989638304822995,
        0.0050051078727850855,
        0.0027211086997800745,
        0.003505730125900371
    ],
    "bin-edges": [
        1000,
        1500,
        2000,
        2250,
        2500,
        2750,
        3000,
        3250,
        3500,
        1000000000
    ]
}