{
    "data": [
        4.473689500857238,
        0.598988129934387,
        0.08047924501698281,
        0.03721779132806829,
        0.019161171529699855,
        0.009592073758186227,
        0.005120633127416358,
        0.0027135624194244,
        0.0034339341134932092
    ],
    "SM": [
        4.5145069415441865,
        0.6045635325241778,
        0.08186269816744852,
        0.03815641672552023,
        0.018731220233535028,
        0.00989638304822995,
        0.0050051078727850855,
        0.0027211086997800745,
        0.003505730125900371
    ],
    "bin-edges": [
        1000,
        1500,
        2000,
        2250,
        2500,
        2750,
        3000,
        3250,
        3500,
        1000000000
    ]
}