{
    "data": [
        4.355337509384755,
        0.5714925695973264,
        0.07805752959468555,
        0.03978789380435882,
        0.02548520752496623,
        0.019403712543659055,
        0.017587426257960653,
        0.017093798079474858,
        0.0678190726311614
    ],
    "SM": [
        4.5145069415441865,
        0.6045635325241778,
        0.08186269816744852,
        0.03815641672552023,
        0.018731220233535028,
        0.00989638304822995,
        0.0050051078727850855,
        0.0027211086997800745,
        0.003505730125900371
    ],
    "bin-edges": [
        1000,
        1500,
        2000,
        2250,
        2500,
        2750,
        3000,
        3250,
        3500,
        1000000000
    ]
}