{
    "data": [
        4.457914878839615,
        0.5935691271006558,
        0.0788657808318544,
        0.037481765774661384,
        0.0198917747306242,
        0.011536629969605581,
        0.007438838205205548,
        0.005415283040932468,
        0.015071930405338631
    ],
    "SM": [
        4.5145069415441865,
        0.6045635325241778,
        0.08186269816744852,
        0.03815641672552023,
        0.018731220233535028,
        0.00989638304822995,
        0.0050051078727850855,
        0.0027211086997800745,
        0.003505730125900371
    ],
    "bin-edges": [
        1000,
        1500,
        2000,
        2250,
        2500,
        2750,
        3000,
        3250,
        3500,
        1000000000
    ]
}