{
    "data": [
        4.47082953025442,
        0.5964364993487212,
        0.07897299867095346,
        0.03720745307262886,
        0.0192696867951006,
        0.01054397024646865,
        0.006224312256399698,
        0.003938892434171648,
        0.008656818745943836
    ],
    "SM": [
        4.5145069415441865,
        0.6045635325241778,
        0.08186269816744852,
        0.03815641672552023,
        0.018731220233535028,
        0.00989638304822995,
        0.0050051078727850855,
        0.0027211086997800745,
        0.003505730125900371
    ],
    "bin-edges": [
        1000,
        1500,
        2000,
        2250,
        2500,
        2750,
        3000,
        3250,
        3500,
        1000000000
    ]
}