{
    "data": [
        4.4284472414841405,
        0.5856927619328328,
        0.07678737324602633,
        0.03624479846478378,
        0.0176386193087264,
        0.009112939153345405,
        0.004670039280197997,
        0.002489883144337801,
        0.0030047306467620803
    ],
    "SM": [
        4.5145069415441865,
        0.6045635325241778,
        0.08186269816744852,
        0.03815641672552023,
        0.018731220233535028,
        0.00989638304822995,
        0.0050051078727850855,
        0.0027211086997800745,
        0.003505730125900371
    ],
    "bin-edges": [
        1000,
        1500,
        2000,
        2250,
        2500,
        2750,
        3000,
        3250,
        3500,
        1000000000
    ]
}