{
    "data": [
        4.3188623143593965,
        0.5506464027756246,
        0.0709481989257439,
        0.032293125308414196,
        0.01662644097542562,
        0.008952476477533644,
        0.005719062641723394,
        0.003968639986172252,
        0.030582602282645754
    ],
    "SM": [
        4.5145069415441865,
        0.6045635325241778,
        0.08186269816744852,
        0.03815641672552023,
        0.018731220233535028,
        0.00989638304822995,
        0.0050051078727850855,
        0.0027211086997800745,
        0.003505730125900371
    ],
    "bin-edges": [
        1000,
        1500,
        2000,
        2250,
        2500,
        2750,
        3000,
        3250,
        3500,
        1000000000
    ]
}