{
    "data": [
        4.482482931725783,
        0.5847203380076006,
        0.0789294676169435,
        0.03899164266977645,
        0.018168456020200528,
        0.009296374849765997,
        0.004764005719053494,
        0.002623208356407,
        0.003067476311968044
    ],
    "SM": [
        4.5145069415441865,
        0.6045635325241778,
        0.08186269816744852,
        0.03815641672552023,
        0.018731220233535028,
        0.00989638304822995,
        0.0050051078727850855,
        0.0027211086997800745,
        0.003505730125900371
    ],
    "bin-edges": [
        1000,
        1500,
        2000,
        2250,
        2500,
        2750,
        3000,
        3250,
        3500,
        1000000000
    ]
}