{
    "data": [
        4.476107429948105,
        0.5989459148292791,
        0.07956343819493686,
        0.03791974192910018,
        0.018661612664327833,
        0.009762180882194835,
        0.005075221425811585,
        0.002751677848282654,
        0.0034084954735933426
    ],
    "SM": [
        4.5145069415441865,
        0.6045635325241778,
        0.08186269816744852,
        0.03815641672552023,
        0.018731220233535028,
        0.00989638304822995,
        0.0050051078727850855,
        0.0027211086997800745,
        0.003505730125900371
    ],
    "bin-edges": [
        1000,
        1500,
        2000,
        2250,
        2500,
        2750,
        3000,
        3250,
        3500,
        1000000000
    ]
}