{
    "data": [
        4.481061012702349,
        0.6030587161418524,
        0.08163171259720452,
        0.03696998053076732,
        0.019041810232726285,
        0.009612247061459916,
        0.004935850614400717,
        0.002833724720771553,
        0.0034553865304140317
    ],
    "SM": [
        4.5145069415441865,
        0.6045635325241778,
        0.08186269816744852,
        0.03815641672552023,
        0.018731220233535028,
        0.00989638304822995,
        0.0050051078727850855,
        0.0027211086997800745,
        0.003505730125900371
    ],
    "bin-edges": [
        1000,
        1500,
        2000,
        2250,
        2500,
        2750,
        3000,
        3250,
        3500,
        1000000000
    ]
}