{
    "data": [
        4.414039079005474,
        0.574041159390386,
        0.07428707020814819,
        0.03448452556020844,
        0.01706919802697441,
        0.00837252572099362,
        0.004308259566580167,
        0.0022541456988069406,
        0.002611650375303141
    ],
    "SM": [
        4.5145069415441865,
        0.6045635325241778,
        0.08186269816744852,
        0.03815641672552023,
        0.018731220233535028,
        0.00989638304822995,
        0.0050051078727850855,
        0.0027211086997800745,
        0.003505730125900371
    ],
    "bin-edges": [
        1000,
        1500,
        2000,
        2250,
        2500,
        2750,
        3000,
        3250,
        3500,
        1000000000
    ]
}