{
    "data": [
        4.494898176077052,
        0.5846709082198552,
        0.076610234377782,
        0.03614251245908675,
        0.01792644020326419,
        0.008907776066743395,
        0.004661146491996982,
        0.0024381879566141985,
        0.0029633498938285187
    ],
    "SM": [
        4.5145069415441865,
        0.6045635325241778,
        0.08186269816744852,
        0.03815641672552023,
        0.018731220233535028,
        0.00989638304822995,
        0.0050051078727850855,
        0.0027211086997800745,
        0.003505730125900371
    ],
    "bin-edges": [
        1000,
        1500,
        2000,
        2250,
        2500,
        2750,
        3000,
        3250,
        3500,
        1000000000
    ]
}