{
    "data": [
        4.244740095791513,
        0.5497344742482695,
        0.078034739324858,
        0.04513018255307,
        0.032338409535607994,
        0.028862741412251997,
        0.02971518903014601,
        0.03478406557037199,
        0.12787649677312207
    ],
    "SM": [
        4.5145069415441865,
        0.6045635325241778,
        0.08186269816744852,
        0.03815641672552023,
        0.018731220233535028,
        0.00989638304822995,
        0.0050051078727850855,
        0.0027211086997800745,
        0.003505730125900371
    ],
    "bin-edges": [
        1000,
        1500,
        2000,
        2250,
        2500,
        2750,
        3000,
        3250,
        3500,
        1000000000
    ]
}