{
    "data": [
        4.482039093317986,
        0.59586597830943,
        0.07989782686310273,
        0.037177838471641154,
        0.019033477208619823,
        0.009555231486766212,
        0.005223110911701371,
        0.002784712687382784,
        0.0037525557677897925
    ],
    "SM": [
        4.5145069415441865,
        0.6045635325241778,
        0.08186269816744852,
        0.03815641672552023,
        0.018731220233535028,
        0.00989638304822995,
        0.0050051078727850855,
        0.0027211086997800745,
        0.003505730125900371
    ],
    "bin-edges": [
        1000,
        1500,
        2000,
        2250,
        2500,
        2750,
        3000,
        3250,
        3500,
        1000000000
    ]
}