{
    "data": [
        4.371859729981453,
        0.5771570225370684,
        0.0787852008560134,
        0.04115132801981199,
        0.025275301994746213,
        0.018876162096907997,
        0.0170998548794362,
        0.01824004330451382,
        0.0654059012148636
    ],
    "SM": [
        4.5145069415441865,
        0.6045635325241778,
        0.08186269816744852,
        0.03815641672552023,
        0.018731220233535028,
        0.00989638304822995,
        0.0050051078727850855,
        0.0027211086997800745,
        0.003505730125900371
    ],
    "bin-edges": [
        1000,
        1500,
        2000,
        2250,
        2500,
        2750,
        3000,
        3250,
        3500,
        1000000000
    ]
}