{
    "data": [
        4.4687173809973,
        0.592111303408812,
        0.07913661707790927,
        0.03674836923319901,
        0.018825423718851746,
        0.009483801250819953,
        0.005245456738410498,
        0.0028667735140115,
        0.00589877114578895
    ],
    "SM": [
        4.5145069415441865,
        0.6045635325241778,
        0.08186269816744852,
        0.03815641672552023,
        0.018731220233535028,
        0.00989638304822995,
        0.0050051078727850855,
        0.0027211086997800745,
        0.003505730125900371
    ],
    "bin-edges": [
        1000,
        1500,
        2000,
        2250,
        2500,
        2750,
        3000,
        3250,
        3500,
        1000000000
    ]
}