{
    "data": [
        4.49079076649851,
        0.5869718181325664,
        0.07940947806369829,
        0.039280920474038535,
        0.018341598454256487,
        0.00940486897269349,
        0.004830928723249999,
        0.0026671141169602505,
        0.0031418871424332587
    ],
    "SM": [
        4.5145069415441865,
        0.6045635325241778,
        0.08186269816744852,
        0.03815641672552023,
        0.018731220233535028,
        0.00989638304822995,
        0.0050051078727850855,
        0.0027211086997800745,
        0.003505730125900371
    ],
    "bin-edges": [
        1000,
        1500,
        2000,
        2250,
        2500,
        2750,
        3000,
        3250,
        3500,
        1000000000
    ]
}