{
    "data": [
        77.95904056749272,
        13.793429002510955,
        3.3153482323882284,
        1.0229873312194313,
        0.35330508212209877,
        0.12727404409316095,
        0.04991829118488599,
        0.019192919256093285,
        0.007467517756290981,
        0.0028297851336357522,
        0.0012318969828380012,
        0.0005792084842682525,
        0.00956973565564575
    ],
    "SM": [
        83.0363615275492,
        15.113109394957803,
        4.041701949411257,
        1.2982441016659283,
        0.49939366162194354,
        0.21034611614839588,
        0.09576057909099175,
        0.04472517798210099,
        0.021546563578200274,
        0.011733459354599905,
        0.006052402715699887,
        0.003264810401099951,
        0.004015564002599662
    ],
    "bin-edges": [
        500,
        750,
        1000,
        1250,
        1500,
        1750,
        2000,
        2250,
        2500,
        2750,
        3000,
        3250,
        3500,
        1000000000
    ]
}