{
    "data": [
        4.472788016238897,
        0.5869039548579436,
        0.07832730420652986,
        0.03527212183437566,
        0.01878409222391529,
        0.008999037405330049,
        0.004756628445964961,
        0.0025364198675200114,
        0.0033166319779149014
    ],
    "SM": [
        4.5145069415441865,
        0.6045635325241778,
        0.08186269816744852,
        0.03815641672552023,
        0.018731220233535028,
        0.00989638304822995,
        0.0050051078727850855,
        0.0027211086997800745,
        0.003505730125900371
    ],
    "bin-edges": [
        1000,
        1500,
        2000,
        2250,
        2500,
        2750,
        3000,
        3250,
        3500,
        1000000000
    ]
}