{
    "data": [
        4.49140711988391,
        0.5953189263915277,
        0.07869526352245114,
        0.03710648002113434,
        0.01868622864150321,
        0.009358677150798819,
        0.004927891170989521,
        0.00264636020843164,
        0.0032884454791666674
    ],
    "SM": [
        4.5145069415441865,
        0.6045635325241778,
        0.08186269816744852,
        0.03815641672552023,
        0.018731220233535028,
        0.00989638304822995,
        0.0050051078727850855,
        0.0027211086997800745,
        0.003505730125900371
    ],
    "bin-edges": [
        1000,
        1500,
        2000,
        2250,
        2500,
        2750,
        3000,
        3250,
        3500,
        1000000000
    ]
}