{
    "data": [
        4.40011314197291,
        0.5702351576313763,
        0.0735038311142113,
        0.03402110148995467,
        0.01678498406410113,
        0.008200390547701202,
        0.00420095884570135,
        0.0021868229298195882,
        0.0025005594026471967
    ],
    "SM": [
        4.5145069415441865,
        0.6045635325241778,
        0.08186269816744852,
        0.03815641672552023,
        0.018731220233535028,
        0.00989638304822995,
        0.0050051078727850855,
        0.0027211086997800745,
        0.003505730125900371
    ],
    "bin-edges": [
        1000,
        1500,
        2000,
        2250,
        2500,
        2750,
        3000,
        3250,
        3500,
        1000000000
    ]
}