{
    "data": [
        4.456664401315406,
        0.594288153733992,
        0.07948972383931134,
        0.036639323455568036,
        0.018795859029766507,
        0.009367512011082001,
        0.0049780093099224985,
        0.0026237841166140007,
        0.0032713571710935026
    ],
    "SM": [
        4.5145069415441865,
        0.6045635325241778,
        0.08186269816744852,
        0.03815641672552023,
        0.018731220233535028,
        0.00989638304822995,
        0.0050051078727850855,
        0.0027211086997800745,
        0.003505730125900371
    ],
    "bin-edges": [
        1000,
        1500,
        2000,
        2250,
        2500,
        2750,
        3000,
        3250,
        3500,
        1000000000
    ]
}