{
    "data": [
        4.4770413204998345,
        0.5944562990952257,
        0.07961180021252769,
        0.03701441963302875,
        0.018956175834792175,
        0.009528556993305603,
        0.005230018417492516,
        0.0028149065105967435,
        0.004556031151431848
    ],
    "SM": [
        4.5145069415441865,
        0.6045635325241778,
        0.08186269816744852,
        0.03815641672552023,
        0.018731220233535028,
        0.00989638304822995,
        0.0050051078727850855,
        0.0027211086997800745,
        0.003505730125900371
    ],
    "bin-edges": [
        1000,
        1500,
        2000,
        2250,
        2500,
        2750,
        3000,
        3250,
        3500,
        1000000000
    ]
}