{
    "data": [
        4.349772225368781,
        0.550771897196336,
        0.06987572331867954,
        0.03190624143986279,
        0.015471033451921096,
        0.007764665924772539,
        0.00382552560966535,
        0.0020519436503030498,
        0.008551430366953439
    ],
    "SM": [
        4.5145069415441865,
        0.6045635325241778,
        0.08186269816744852,
        0.03815641672552023,
        0.018731220233535028,
        0.00989638304822995,
        0.0050051078727850855,
        0.0027211086997800745,
        0.003505730125900371
    ],
    "bin-edges": [
        1000,
        1500,
        2000,
        2250,
        2500,
        2750,
        3000,
        3250,
        3500,
        1000000000
    ]
}