{
    "data": [
        4.459539232833211,
        0.5782959621972427,
        0.07746059652760733,
        0.03467424154393489,
        0.017529134230120026,
        0.00865564664009988,
        0.0045510017624699394,
        0.002385283991364974,
        0.002928970461084829
    ],
    "SM": [
        4.5145069415441865,
        0.6045635325241778,
        0.08186269816744852,
        0.03815641672552023,
        0.018731220233535028,
        0.00989638304822995,
        0.0050051078727850855,
        0.0027211086997800745,
        0.003505730125900371
    ],
    "bin-edges": [
        1000,
        1500,
        2000,
        2250,
        2500,
        2750,
        3000,
        3250,
        3500,
        1000000000
    ]
}