{
    "data": [
        4.0585437213723035,
        0.5101819273716198,
        0.07702655406487834,
        0.04787242103727586,
        0.045131324622243695,
        0.041129018252266634,
        0.05316938735804083,
        0.05380700182725214,
        0.23367593702759082
    ],
    "SM": [
        4.5145069415441865,
        0.6045635325241778,
        0.08186269816744852,
        0.03815641672552023,
        0.018731220233535028,
        0.00989638304822995,
        0.0050051078727850855,
        0.0027211086997800745,
        0.003505730125900371
    ],
    "bin-edges": [
        1000,
        1500,
        2000,
        2250,
        2500,
        2750,
        3000,
        3250,
        3500,
        1000000000
    ]
}