{
    "data": [
        4.5373804033153915,
        0.5962639455390908,
        0.07901226304111562,
        0.0375541477149252,
        0.018808176517575995,
        0.0094427123796269,
        0.0049977765438054,
        0.0026483338068396,
        0.00334266919440842
    ],
    "SM": [
        4.5145069415441865,
        0.6045635325241778,
        0.08186269816744852,
        0.03815641672552023,
        0.018731220233535028,
        0.00989638304822995,
        0.0050051078727850855,
        0.0027211086997800745,
        0.003505730125900371
    ],
    "bin-edges": [
        1000,
        1500,
        2000,
        2250,
        2500,
        2750,
        3000,
        3250,
        3500,
        1000000000
    ]
}