{
    "data": [
        4.413931141476483,
        0.5706650582446653,
        0.07486763462270762,
        0.033275439251680236,
        0.017464208366472257,
        0.008219808381759348,
        0.004260536428198931,
        0.0022239305719744798,
        0.0032397260394708342
    ],
    "SM": [
        4.5145069415441865,
        0.6045635325241778,
        0.08186269816744852,
        0.03815641672552023,
        0.018731220233535028,
        0.00989638304822995,
        0.0050051078727850855,
        0.0027211086997800745,
        0.003505730125900371
    ],
    "bin-edges": [
        1000,
        1500,
        2000,
        2250,
        2500,
        2750,
        3000,
        3250,
        3500,
        1000000000
    ]
}