{
    "data": [
        4.477665377077193,
        0.6020848998893003,
        0.08142037672135002,
        0.03684687206697305,
        0.018964465171210514,
        0.00956450123966961,
        0.004908137024498629,
        0.002816989759691499,
        0.00355622602329879
    ],
    "SM": [
        4.5145069415441865,
        0.6045635325241778,
        0.08186269816744852,
        0.03815641672552023,
        0.018731220233535028,
        0.00989638304822995,
        0.0050051078727850855,
        0.0027211086997800745,
        0.003505730125900371
    ],
    "bin-edges": [
        1000,
        1500,
        2000,
        2250,
        2500,
        2750,
        3000,
        3250,
        3500,
        1000000000
    ]
}