{
    "data": [
        3.926643786300915,
        0.48470821161161703,
        0.07780525702934948,
        0.05285453817013708,
        0.05416825826267029,
        0.05155551792406927,
        0.07005527394016946,
        0.07181249694476612,
        0.310227514926442
    ],
    "SM": [
        4.5145069415441865,
        0.6045635325241778,
        0.08186269816744852,
        0.03815641672552023,
        0.018731220233535028,
        0.00989638304822995,
        0.0050051078727850855,
        0.0027211086997800745,
        0.003505730125900371
    ],
    "bin-edges": [
        1000,
        1500,
        2000,
        2250,
        2500,
        2750,
        3000,
        3250,
        3500,
        1000000000
    ]
}