{
    "data": [
        4.349891914400814,
        0.5591133002930659,
        0.07257247768446452,
        0.03316725146440357,
        0.01704695032431575,
        0.009024863082639853,
        0.0055881889747306035,
        0.003722551370814199,
        0.025420721149100295
    ],
    "SM": [
        4.5145069415441865,
        0.6045635325241778,
        0.08186269816744852,
        0.03815641672552023,
        0.018731220233535028,
        0.00989638304822995,
        0.0050051078727850855,
        0.0027211086997800745,
        0.003505730125900371
    ],
    "bin-edges": [
        1000,
        1500,
        2000,
        2250,
        2500,
        2750,
        3000,
        3250,
        3500,
        1000000000
    ]
}