{
    "data": [
        4.4819345375649755,
        0.5843906361141176,
        0.07877056683848573,
        0.03542529484285748,
        0.018000902912934005,
        0.008944949237684402,
        0.004736286700345937,
        0.002502565162265248,
        0.0031071991608286028
    ],
    "SM": [
        4.5145069415441865,
        0.6045635325241778,
        0.08186269816744852,
        0.03815641672552023,
        0.018731220233535028,
        0.00989638304822995,
        0.0050051078727850855,
        0.0027211086997800745,
        0.003505730125900371
    ],
    "bin-edges": [
        1000,
        1500,
        2000,
        2250,
        2500,
        2750,
        3000,
        3250,
        3500,
        1000000000
    ]
}