{
    "data": [
        4.288328241929285,
        0.5526678175592006,
        0.06870989795267136,
        0.031274631378030056,
        0.014856652955860514,
        0.007121980122888924,
        0.0037028511486850426,
        0.0019912051808001394,
        0.009669407531869501
    ],
    "SM": [
        4.5145069415441865,
        0.6045635325241778,
        0.08186269816744852,
        0.03815641672552023,
        0.018731220233535028,
        0.00989638304822995,
        0.0050051078727850855,
        0.0027211086997800745,
        0.003505730125900371
    ],
    "bin-edges": [
        1000,
        1500,
        2000,
        2250,
        2500,
        2750,
        3000,
        3250,
        3500,
        1000000000
    ]
}