{
    "data": [
        4.47826326473081,
        0.5915396226810747,
        0.08225087141999717,
        0.03680116580906899,
        0.018993988748964002,
        0.009482944867334498,
        0.005104705113141991,
        0.0027525608055679954,
        0.003420698490223705
    ],
    "SM": [
        4.5145069415441865,
        0.6045635325241778,
        0.08186269816744852,
        0.03815641672552023,
        0.018731220233535028,
        0.00989638304822995,
        0.0050051078727850855,
        0.0027211086997800745,
        0.003505730125900371
    ],
    "bin-edges": [
        1000,
        1500,
        2000,
        2250,
        2500,
        2750,
        3000,
        3250,
        3500,
        1000000000
    ]
}