{
    "data": [
        4.40171830598124,
        0.5896002901029415,
        0.07673466886692548,
        0.03637902621692741,
        0.018016448946225783,
        0.008996117545357668,
        0.00464681961820716,
        0.0024310849035767664,
        0.0028532014705944485
    ],
    "SM": [
        4.5145069415441865,
        0.6045635325241778,
        0.08186269816744852,
        0.03815641672552023,
        0.018731220233535028,
        0.00989638304822995,
        0.0050051078727850855,
        0.0027211086997800745,
        0.003505730125900371
    ],
    "bin-edges": [
        1000,
        1500,
        2000,
        2250,
        2500,
        2750,
        3000,
        3250,
        3500,
        1000000000
    ]
}