{
    "data": [
        4.288576263825461,
        0.5522989287473076,
        0.06882815632067636,
        0.032357529802637286,
        0.014799181079026684,
        0.007279603131636336,
        0.003516085973173551,
        0.0018279267038261804,
        0.003327782108877697
    ],
    "SM": [
        4.5145069415441865,
        0.6045635325241778,
        0.08186269816744852,
        0.03815641672552023,
        0.018731220233535028,
        0.00989638304822995,
        0.0050051078727850855,
        0.0027211086997800745,
        0.003505730125900371
    ],
    "bin-edges": [
        1000,
        1500,
        2000,
        2250,
        2500,
        2750,
        3000,
        3250,
        3500,
        1000000000
    ]
}