{
    "data": [
        77.30553252390574,
        13.148418233448337,
        3.1210412140210937,
        0.9278486905263639,
        0.3001926231366372,
        0.10788748852531765,
        0.0381020572728026,
        0.014275210063315,
        0.005913957387887492,
        0.00345593617707,
        0.003369659261395004,
        0.0034421177803649976,
        0.05576336645254487
    ],
    "SM": [
        83.0363615275492,
        15.113109394957803,
        4.041701949411257,
        1.2982441016659283,
        0.49939366162194354,
        0.21034611614839588,
        0.09576057909099175,
        0.04472517798210099,
        0.021546563578200274,
        0.011733459354599905,
        0.006052402715699887,
        0.003264810401099951,
        0.004015564002599662
    ],
    "bin-edges": [
        500,
        750,
        1000,
        1250,
        1500,
        1750,
        2000,
        2250,
        2500,
        2750,
        3000,
        3250,
        3500,
        1000000000
    ]
}