{
    "data": [
        4.48937419116727,
        0.6055085958589786,
        0.07856675224617098,
        0.03828324287642234,
        0.01873815496588638,
        0.009665186697548745,
        0.005036980315299198,
        0.002760877728200351,
        0.0044887817171910625
    ],
    "SM": [
        4.5145069415441865,
        0.6045635325241778,
        0.08186269816744852,
        0.03815641672552023,
        0.018731220233535028,
        0.00989638304822995,
        0.0050051078727850855,
        0.0027211086997800745,
        0.003505730125900371
    ],
    "bin-edges": [
        1000,
        1500,
        2000,
        2250,
        2500,
        2750,
        3000,
        3250,
        3500,
        1000000000
    ]
}