{
    "data": [
        4.428529599152923,
        0.5969658320898922,
        0.07826163895276218,
        0.03726030518255197,
        0.018577069009739787,
        0.00934080008649625,
        0.004860521428232294,
        0.0025663440345418667,
        0.0030852820901580754
    ],
    "SM": [
        4.5145069415441865,
        0.6045635325241778,
        0.08186269816744852,
        0.03815641672552023,
        0.018731220233535028,
        0.00989638304822995,
        0.0050051078727850855,
        0.0027211086997800745,
        0.003505730125900371
    ],
    "bin-edges": [
        1000,
        1500,
        2000,
        2250,
        2500,
        2750,
        3000,
        3250,
        3500,
        1000000000
    ]
}