{
    "data": [
        3.9455399771033393,
        0.49120246158616954,
        0.0796369981999922,
        0.056194884591887095,
        0.05199850817223984,
        0.057154629119792626,
        0.06208581176129245,
        0.07722444690107312,
        0.27504439047952955
    ],
    "SM": [
        4.5145069415441865,
        0.6045635325241778,
        0.08186269816744852,
        0.03815641672552023,
        0.018731220233535028,
        0.00989638304822995,
        0.0050051078727850855,
        0.0027211086997800745,
        0.003505730125900371
    ],
    "bin-edges": [
        1000,
        1500,
        2000,
        2250,
        2500,
        2750,
        3000,
        3250,
        3500,
        1000000000
    ]
}