{
    "data": [
        4.3858405881674365,
        0.5801003711159289,
        0.07438952578994595,
        0.034650105658809,
        0.016879306859906806,
        0.008270064847649198,
        0.004375963352864001,
        0.0023670530101589995,
        0.0062264069709026
    ],
    "SM": [
        4.5145069415441865,
        0.6045635325241778,
        0.08186269816744852,
        0.03815641672552023,
        0.018731220233535028,
        0.00989638304822995,
        0.0050051078727850855,
        0.0027211086997800745,
        0.003505730125900371
    ],
    "bin-edges": [
        1000,
        1500,
        2000,
        2250,
        2500,
        2750,
        3000,
        3250,
        3500,
        1000000000
    ]
}