{
    "data": [
        4.468659106642269,
        0.5968690365818293,
        0.07912711609078875,
        0.0376558843847036,
        0.018500044651723557,
        0.009659372395861598,
        0.005010809283266829,
        0.002709930265040656,
        0.003342152393564625
    ],
    "SM": [
        4.5145069415441865,
        0.6045635325241778,
        0.08186269816744852,
        0.03815641672552023,
        0.018731220233535028,
        0.00989638304822995,
        0.0050051078727850855,
        0.0027211086997800745,
        0.003505730125900371
    ],
    "bin-edges": [
        1000,
        1500,
        2000,
        2250,
        2500,
        2750,
        3000,
        3250,
        3500,
        1000000000
    ]
}