{
    "data": [
        4.45624760414717,
        0.5803759859071553,
        0.07611904256032548,
        0.03556820823110434,
        0.01773471422348964,
        0.009116608930170056,
        0.00457899973958507,
        0.0024530075443499953,
        0.005094553534039857
    ],
    "SM": [
        4.5145069415441865,
        0.6045635325241778,
        0.08186269816744852,
        0.03815641672552023,
        0.018731220233535028,
        0.00989638304822995,
        0.0050051078727850855,
        0.0027211086997800745,
        0.003505730125900371
    ],
    "bin-edges": [
        1000,
        1500,
        2000,
        2250,
        2500,
        2750,
        3000,
        3250,
        3500,
        1000000000
    ]
}