{
    "data": [
        4.315882708915332,
        0.5603750734804281,
        0.07029401530371485,
        0.03221066173677692,
        0.015412388350037293,
        0.007433269696167397,
        0.00388257496951228,
        0.0020887275318607385,
        0.008645831564018712
    ],
    "SM": [
        4.5145069415441865,
        0.6045635325241778,
        0.08186269816744852,
        0.03815641672552023,
        0.018731220233535028,
        0.00989638304822995,
        0.0050051078727850855,
        0.0027211086997800745,
        0.003505730125900371
    ],
    "bin-edges": [
        1000,
        1500,
        2000,
        2250,
        2500,
        2750,
        3000,
        3250,
        3500,
        1000000000
    ]
}