{
    "data": [
        4.404382394372832,
        0.5844495445713949,
        0.0754801395768712,
        0.0364319257987208,
        0.01720267294333158,
        0.008778522042589795,
        0.004415883903044079,
        0.0024048241356450003,
        0.003287201004130521
    ],
    "SM": [
        4.5145069415441865,
        0.6045635325241778,
        0.08186269816744852,
        0.03815641672552023,
        0.018731220233535028,
        0.00989638304822995,
        0.0050051078727850855,
        0.0027211086997800745,
        0.003505730125900371
    ],
    "bin-edges": [
        1000,
        1500,
        2000,
        2250,
        2500,
        2750,
        3000,
        3250,
        3500,
        1000000000
    ]
}