{
    "data": [
        4.442143338344052,
        0.5846480209891342,
        0.07762662955779405,
        0.03591432344954875,
        0.018409896168749496,
        0.009353451328113258,
        0.005299432371179999,
        0.0030464992368786025,
        0.010214547123904441
    ],
    "SM": [
        4.5145069415441865,
        0.6045635325241778,
        0.08186269816744852,
        0.03815641672552023,
        0.018731220233535028,
        0.00989638304822995,
        0.0050051078727850855,
        0.0027211086997800745,
        0.003505730125900371
    ],
    "bin-edges": [
        1000,
        1500,
        2000,
        2250,
        2500,
        2750,
        3000,
        3250,
        3500,
        1000000000
    ]
}