{
    "data": [
        4.448642450488922,
        0.5979948172443299,
        0.0781529791130859,
        0.03691487841587597,
        0.018261726077411947,
        0.00907662992647045,
        0.0048644153063243396,
        0.0026521376737929387,
        0.004274633681827271
    ],
    "SM": [
        4.5145069415441865,
        0.6045635325241778,
        0.08186269816744852,
        0.03815641672552023,
        0.018731220233535028,
        0.00989638304822995,
        0.0050051078727850855,
        0.0027211086997800745,
        0.003505730125900371
    ],
    "bin-edges": [
        1000,
        1500,
        2000,
        2250,
        2500,
        2750,
        3000,
        3250,
        3500,
        1000000000
    ]
}