{
    "data": [
        4.458789045480625,
        0.6009018363666457,
        0.07876874095193326,
        0.03728732310602719,
        0.018490450545279754,
        0.009211649010709382,
        0.004947525362443687,
        0.0027011062967866955,
        0.003978403055355983
    ],
    "SM": [
        4.5145069415441865,
        0.6045635325241778,
        0.08186269816744852,
        0.03815641672552023,
        0.018731220233535028,
        0.00989638304822995,
        0.0050051078727850855,
        0.0027211086997800745,
        0.003505730125900371
    ],
    "bin-edges": [
        1000,
        1500,
        2000,
        2250,
        2500,
        2750,
        3000,
        3250,
        3500,
        1000000000
    ]
}