{
    "data": [
        4.473003046499498,
        0.598080037358504,
        0.07938147589358775,
        0.03780967722382645,
        0.018594200798070136,
        0.009719264578349061,
        0.005048328599609772,
        0.0027342359267854706,
        0.00338062711954357
    ],
    "SM": [
        4.5145069415441865,
        0.6045635325241778,
        0.08186269816744852,
        0.03815641672552023,
        0.018731220233535028,
        0.00989638304822995,
        0.0050051078727850855,
        0.0027211086997800745,
        0.003505730125900371
    ],
    "bin-edges": [
        1000,
        1500,
        2000,
        2250,
        2500,
        2750,
        3000,
        3250,
        3500,
        1000000000
    ]
}