{
    "data": [
        77.3275764541401,
        13.090314382223472,
        3.200021468460297,
        0.9529605753590512,
        0.3159191777628247,
        0.11261232614124993,
        0.045695220955700076,
        0.02258264194334999,
        0.01692787731955001,
        0.01512636163287497,
        0.015644314942874958,
        0.017663900839274986,
        0.18830711335324923
    ],
    "SM": [
        83.0363615275492,
        15.113109394957803,
        4.041701949411257,
        1.2982441016659283,
        0.49939366162194354,
        0.21034611614839588,
        0.09576057909099175,
        0.04472517798210099,
        0.021546563578200274,
        0.011733459354599905,
        0.006052402715699887,
        0.003264810401099951,
        0.004015564002599662
    ],
    "bin-edges": [
        500,
        750,
        1000,
        1250,
        1500,
        1750,
        2000,
        2250,
        2500,
        2750,
        3000,
        3250,
        3500,
        1000000000
    ]
}