{
    "data": [
        4.485088412030364,
        0.5935728337955055,
        0.07833168499942358,
        0.03688937720391461,
        0.018551785070413798,
        0.009276273191851604,
        0.004875818094850797,
        0.0026131842065718,
        0.0032294280145667405
    ],
    "SM": [
        4.5145069415441865,
        0.6045635325241778,
        0.08186269816744852,
        0.03815641672552023,
        0.018731220233535028,
        0.00989638304822995,
        0.0050051078727850855,
        0.0027211086997800745,
        0.003505730125900371
    ],
    "bin-edges": [
        1000,
        1500,
        2000,
        2250,
        2500,
        2750,
        3000,
        3250,
        3500,
        1000000000
    ]
}