{
    "data": [
        4.439086000732876,
        0.5809050867776514,
        0.07570370505662853,
        0.03532462695002297,
        0.017585686727741596,
        0.008686285606144739,
        0.004504526509664562,
        0.002377767337658921,
        0.0028197677310974785
    ],
    "SM": [
        4.5145069415441865,
        0.6045635325241778,
        0.08186269816744852,
        0.03815641672552023,
        0.018731220233535028,
        0.00989638304822995,
        0.0050051078727850855,
        0.0027211086997800745,
        0.003505730125900371
    ],
    "bin-edges": [
        1000,
        1500,
        2000,
        2250,
        2500,
        2750,
        3000,
        3250,
        3500,
        1000000000
    ]
}