{
    "data": [
        4.416817749197115,
        0.5667220075293412,
        0.07498505626031247,
        0.033260275176676166,
        0.01664478530429003,
        0.008116607502735306,
        0.0042077521238208,
        0.002169423832760849,
        0.0026188339874650976
    ],
    "SM": [
        4.5145069415441865,
        0.6045635325241778,
        0.08186269816744852,
        0.03815641672552023,
        0.018731220233535028,
        0.00989638304822995,
        0.0050051078727850855,
        0.0027211086997800745,
        0.003505730125900371
    ],
    "bin-edges": [
        1000,
        1500,
        2000,
        2250,
        2500,
        2750,
        3000,
        3250,
        3500,
        1000000000
    ]
}