{
    "data": [
        4.486388198828047,
        0.6030478190484657,
        0.07995828946215752,
        0.03783952859636762,
        0.019353769079477754,
        0.010701624092764967,
        0.006080301079644452,
        0.004105218994807696,
        0.008504674232581987
    ],
    "SM": [
        4.5145069415441865,
        0.6045635325241778,
        0.08186269816744852,
        0.03815641672552023,
        0.018731220233535028,
        0.00989638304822995,
        0.0050051078727850855,
        0.0027211086997800745,
        0.003505730125900371
    ],
    "bin-edges": [
        1000,
        1500,
        2000,
        2250,
        2500,
        2750,
        3000,
        3250,
        3500,
        1000000000
    ]
}