{
    "data": [
        4.532253164014829,
        0.5948613473321037,
        0.07872090418739344,
        0.03738259815267418,
        0.018700797885801985,
        0.009377405938620601,
        0.004956574584978801,
        0.0026225365334656002,
        0.003295516333515201
    ],
    "SM": [
        4.5145069415441865,
        0.6045635325241778,
        0.08186269816744852,
        0.03815641672552023,
        0.018731220233535028,
        0.00989638304822995,
        0.0050051078727850855,
        0.0027211086997800745,
        0.003505730125900371
    ],
    "bin-edges": [
        1000,
        1500,
        2000,
        2250,
        2500,
        2750,
        3000,
        3250,
        3500,
        1000000000
    ]
}