{
    "data": [
        4.402463743250607,
        0.5735938306522917,
        0.07541226138600203,
        0.034704084240697486,
        0.017805040859443153,
        0.009190761652213194,
        0.005403073891539198,
        0.0033288065060596496,
        0.01671875276976481
    ],
    "SM": [
        4.5145069415441865,
        0.6045635325241778,
        0.08186269816744852,
        0.03815641672552023,
        0.018731220233535028,
        0.00989638304822995,
        0.0050051078727850855,
        0.0027211086997800745,
        0.003505730125900371
    ],
    "bin-edges": [
        1000,
        1500,
        2000,
        2250,
        2500,
        2750,
        3000,
        3250,
        3500,
        1000000000
    ]
}