{
    "data": [
        4.207392065253218,
        0.5206791899544366,
        0.06541761711548726,
        0.029352276012645253,
        0.015288749463712687,
        0.008847704316070994,
        0.006302159126277453,
        0.0049488706624856525,
        0.049222815435517916
    ],
    "SM": [
        4.5145069415441865,
        0.6045635325241778,
        0.08186269816744852,
        0.03815641672552023,
        0.018731220233535028,
        0.00989638304822995,
        0.0050051078727850855,
        0.0027211086997800745,
        0.003505730125900371
    ],
    "bin-edges": [
        1000,
        1500,
        2000,
        2250,
        2500,
        2750,
        3000,
        3250,
        3500,
        1000000000
    ]
}