{
    "data": [
        4.506984311007969,
        0.5996297096264286,
        0.07959423956967787,
        0.03764389625086806,
        0.01901945161732623,
        0.009563199628281411,
        0.0050573529359537696,
        0.002729014419096517,
        0.003436880877015656
    ],
    "SM": [
        4.5145069415441865,
        0.6045635325241778,
        0.08186269816744852,
        0.03815641672552023,
        0.018731220233535028,
        0.00989638304822995,
        0.0050051078727850855,
        0.0027211086997800745,
        0.003505730125900371
    ],
    "bin-edges": [
        1000,
        1500,
        2000,
        2250,
        2500,
        2750,
        3000,
        3250,
        3500,
        1000000000
    ]
}