{
    "data": [
        75.67991799736691,
        12.233889578096202,
        2.8426877471820275,
        0.8208763093675254,
        0.2944804735752678,
        0.15138155666375508,
        0.12129427642031254,
        0.13124212832658003,
        0.13828479634434776,
        0.16335816748499987,
        0.1816156406825003,
        0.2191352807825002,
        0.7856882179950014
    ],
    "SM": [
        83.0363615275492,
        15.113109394957803,
        4.041701949411257,
        1.2982441016659283,
        0.49939366162194354,
        0.21034611614839588,
        0.09576057909099175,
        0.04472517798210099,
        0.021546563578200274,
        0.011733459354599905,
        0.006052402715699887,
        0.003264810401099951,
        0.004015564002599662
    ],
    "bin-edges": [
        500,
        750,
        1000,
        1250,
        1500,
        1750,
        2000,
        2250,
        2500,
        2750,
        3000,
        3250,
        3500,
        1000000000
    ]
}