{
    "data": [
        80.31232526200736,
        14.679784085248805,
        3.6907169501073382,
        1.208583970999842,
        0.4498244571768283,
        0.17865438904303002,
        0.07898998804258757,
        0.03541406192605962,
        0.016522220848608507,
        0.007781664881597504,
        0.003824843092682005,
        0.001984129054608252,
        0.0038736251850507697
    ],
    "SM": [
        83.0363615275492,
        15.113109394957803,
        4.041701949411257,
        1.2982441016659283,
        0.49939366162194354,
        0.21034611614839588,
        0.09576057909099175,
        0.04472517798210099,
        0.021546563578200274,
        0.011733459354599905,
        0.006052402715699887,
        0.003264810401099951,
        0.004015564002599662
    ],
    "bin-edges": [
        500,
        750,
        1000,
        1250,
        1500,
        1750,
        2000,
        2250,
        2500,
        2750,
        3000,
        3250,
        3500,
        1000000000
    ]
}