{
    "data": [
        4.466691069157581,
        0.6031684609942272,
        0.07924998239464484,
        0.03757865180579195,
        0.018669623077556093,
        0.009317493097341029,
        0.0050129472162323855,
        0.002739569752879236,
        0.003752210965803338
    ],
    "SM": [
        4.5145069415441865,
        0.6045635325241778,
        0.08186269816744852,
        0.03815641672552023,
        0.018731220233535028,
        0.00989638304822995,
        0.0050051078727850855,
        0.0027211086997800745,
        0.003505730125900371
    ],
    "bin-edges": [
        1000,
        1500,
        2000,
        2250,
        2500,
        2750,
        3000,
        3250,
        3500,
        1000000000
    ]
}