{
    "data": [
        4.466388183271544,
        0.5969712341691953,
        0.08005431738190256,
        0.036969245622139754,
        0.019004145776668223,
        0.009495496524498107,
        0.005059166144741019,
        0.002674892050561057,
        0.00336380636684502
    ],
    "SM": [
        4.5145069415441865,
        0.6045635325241778,
        0.08186269816744852,
        0.03815641672552023,
        0.018731220233535028,
        0.00989638304822995,
        0.0050051078727850855,
        0.0027211086997800745,
        0.003505730125900371
    ],
    "bin-edges": [
        1000,
        1500,
        2000,
        2250,
        2500,
        2750,
        3000,
        3250,
        3500,
        1000000000
    ]
}