{
    "data": [
        4.388531943759187,
        0.5785355457902148,
        0.07830828476521197,
        0.039029468404956434,
        0.02353329830660829,
        0.01686774274225935,
        0.0141424387041954,
        0.013301242329155145,
        0.050493413566042186
    ],
    "SM": [
        4.5145069415441865,
        0.6045635325241778,
        0.08186269816744852,
        0.03815641672552023,
        0.018731220233535028,
        0.00989638304822995,
        0.0050051078727850855,
        0.0027211086997800745,
        0.003505730125900371
    ],
    "bin-edges": [
        1000,
        1500,
        2000,
        2250,
        2500,
        2750,
        3000,
        3250,
        3500,
        1000000000
    ]
}