{
    "data": [
        4.395235488288826,
        0.5655358802241549,
        0.07378184064182282,
        0.03265170931544372,
        0.017054711954139656,
        0.007979418487068147,
        0.00410938446197656,
        0.0021300105036757802,
        0.0032320912060443407
    ],
    "SM": [
        4.5145069415441865,
        0.6045635325241778,
        0.08186269816744852,
        0.03815641672552023,
        0.018731220233535028,
        0.00989638304822995,
        0.0050051078727850855,
        0.0027211086997800745,
        0.003505730125900371
    ],
    "bin-edges": [
        1000,
        1500,
        2000,
        2250,
        2500,
        2750,
        3000,
        3250,
        3500,
        1000000000
    ]
}