{
    "data": [
        4.377772764731097,
        0.5667707071853804,
        0.07406468580647697,
        0.033973231111788765,
        0.01744212878580402,
        0.00910601815436445,
        0.005483808548017006,
        0.0035104443850193495,
        0.020796796217505416
    ],
    "SM": [
        4.5145069415441865,
        0.6045635325241778,
        0.08186269816744852,
        0.03815641672552023,
        0.018731220233535028,
        0.00989638304822995,
        0.0050051078727850855,
        0.0027211086997800745,
        0.003505730125900371
    ],
    "bin-edges": [
        1000,
        1500,
        2000,
        2250,
        2500,
        2750,
        3000,
        3250,
        3500,
        1000000000
    ]
}