{
    "data": [
        4.4630341028516956,
        0.6009431500030965,
        0.07894463299563957,
        0.038578853933538826,
        0.018486723913985974,
        0.009592869881599327,
        0.004920041605706985,
        0.0027345616467572727,
        0.0034166690596580166
    ],
    "SM": [
        4.5145069415441865,
        0.6045635325241778,
        0.08186269816744852,
        0.03815641672552023,
        0.018731220233535028,
        0.00989638304822995,
        0.0050051078727850855,
        0.0027211086997800745,
        0.003505730125900371
    ],
    "bin-edges": [
        1000,
        1500,
        2000,
        2250,
        2500,
        2750,
        3000,
        3250,
        3500,
        1000000000
    ]
}