{
    "data": [
        4.362200289200525,
        0.569566687334188,
        0.07153331943189199,
        0.03436701699176202,
        0.016851666490203997,
        0.009107028122490002,
        0.005446939294717398,
        0.0037768027793470002,
        0.02542305087996441
    ],
    "SM": [
        4.5145069415441865,
        0.6045635325241778,
        0.08186269816744852,
        0.03815641672552023,
        0.018731220233535028,
        0.00989638304822995,
        0.0050051078727850855,
        0.0027211086997800745,
        0.003505730125900371
    ],
    "bin-edges": [
        1000,
        1500,
        2000,
        2250,
        2500,
        2750,
        3000,
        3250,
        3500,
        1000000000
    ]
}