{
    "data": [
        4.472228648468182,
        0.598584436802726,
        0.08039415365816487,
        0.03716800550003069,
        0.01912970720450825,
        0.009572720298298058,
        0.005108288688859837,
        0.0027057965648450972,
        0.003419887221174713
    ],
    "SM": [
        4.5145069415441865,
        0.6045635325241778,
        0.08186269816744852,
        0.03815641672552023,
        0.018731220233535028,
        0.00989638304822995,
        0.0050051078727850855,
        0.0027211086997800745,
        0.003505730125900371
    ],
    "bin-edges": [
        1000,
        1500,
        2000,
        2250,
        2500,
        2750,
        3000,
        3250,
        3500,
        1000000000
    ]
}