{
    "data": [
        4.512174215949671,
        0.5893775933729728,
        0.07758373895482597,
        0.0367138898185594,
        0.018282820782835805,
        0.009123617338452204,
        0.004796734034377201,
        0.0025226542131832007,
        0.0031144693228590797
    ],
    "SM": [
        4.5145069415441865,
        0.6045635325241778,
        0.08186269816744852,
        0.03815641672552023,
        0.018731220233535028,
        0.00989638304822995,
        0.0050051078727850855,
        0.0027211086997800745,
        0.003505730125900371
    ],
    "bin-edges": [
        1000,
        1500,
        2000,
        2250,
        2500,
        2750,
        3000,
        3250,
        3500,
        1000000000
    ]
}