{
    "data": [
        4.481039473430247,
        0.6031293084749514,
        0.07809624260838754,
        0.03801457312375136,
        0.01860353830844284,
        0.009620516834591692,
        0.005055788510911431,
        0.002823037906164848,
        0.005849288032161887
    ],
    "SM": [
        4.5145069415441865,
        0.6045635325241778,
        0.08186269816744852,
        0.03815641672552023,
        0.018731220233535028,
        0.00989638304822995,
        0.0050051078727850855,
        0.0027211086997800745,
        0.003505730125900371
    ],
    "bin-edges": [
        1000,
        1500,
        2000,
        2250,
        2500,
        2750,
        3000,
        3250,
        3500,
        1000000000
    ]
}