{
    "data": [
        4.423930194087564,
        0.5795600459398479,
        0.07660323590435221,
        0.03535325808202891,
        0.018129367633356347,
        0.009274539339222506,
        0.005342877137553257,
        0.0031747389906246013,
        0.013191428933212606
    ],
    "SM": [
        4.5145069415441865,
        0.6045635325241778,
        0.08186269816744852,
        0.03815641672552023,
        0.018731220233535028,
        0.00989638304822995,
        0.0050051078727850855,
        0.0027211086997800745,
        0.003505730125900371
    ],
    "bin-edges": [
        1000,
        1500,
        2000,
        2250,
        2500,
        2750,
        3000,
        3250,
        3500,
        1000000000
    ]
}