{
    "data": [
        4.47094739588164,
        0.5844999701496923,
        0.07699964687522838,
        0.03609326192417652,
        0.018060089696844993,
        0.009316853661202502,
        0.004693709082792999,
        0.0025146750109725047,
        0.004644432362632657
    ],
    "SM": [
        4.5145069415441865,
        0.6045635325241778,
        0.08186269816744852,
        0.03815641672552023,
        0.018731220233535028,
        0.00989638304822995,
        0.0050051078727850855,
        0.0027211086997800745,
        0.003505730125900371
    ],
    "bin-edges": [
        1000,
        1500,
        2000,
        2250,
        2500,
        2750,
        3000,
        3250,
        3500,
        1000000000
    ]
}