{
    "data": [
        4.3743762513218485,
        0.570762671723936,
        0.07368407226736187,
        0.03438325437093939,
        0.016509551028075154,
        0.008401808675553011,
        0.0042307506390440045,
        0.0022085198965720583,
        0.002602685933778729
    ],
    "SM": [
        4.5145069415441865,
        0.6045635325241778,
        0.08186269816744852,
        0.03815641672552023,
        0.018731220233535028,
        0.00989638304822995,
        0.0050051078727850855,
        0.0027211086997800745,
        0.003505730125900371
    ],
    "bin-edges": [
        1000,
        1500,
        2000,
        2250,
        2500,
        2750,
        3000,
        3250,
        3500,
        1000000000
    ]
}