{
    "data": [
        4.137419431716999,
        0.5277503585435197,
        0.0780496856029728,
        0.04879879369900678,
        0.03888557807072041,
        0.03821639750580695,
        0.040891121531819036,
        0.04944611614071866,
        0.18061698898990192
    ],
    "SM": [
        4.5145069415441865,
        0.6045635325241778,
        0.08186269816744852,
        0.03815641672552023,
        0.018731220233535028,
        0.00989638304822995,
        0.0050051078727850855,
        0.0027211086997800745,
        0.003505730125900371
    ],
    "bin-edges": [
        1000,
        1500,
        2000,
        2250,
        2500,
        2750,
        3000,
        3250,
        3500,
        1000000000
    ]
}