{
    "data": [
        76.98660506252577,
        13.265700088043543,
        3.1714984874345125,
        0.9439413285537951,
        0.3124176297719004,
        0.11127299832643506,
        0.04019691319979751,
        0.013956269548484978,
        0.005791960680547489,
        0.0017328107832624983,
        0.0008177242893124984,
        0.0003701720122424999,
        0.004637894812700008
    ],
    "SM": [
        83.0363615275492,
        15.113109394957803,
        4.041701949411257,
        1.2982441016659283,
        0.49939366162194354,
        0.21034611614839588,
        0.09576057909099175,
        0.04472517798210099,
        0.021546563578200274,
        0.011733459354599905,
        0.006052402715699887,
        0.003264810401099951,
        0.004015564002599662
    ],
    "bin-edges": [
        500,
        750,
        1000,
        1250,
        1500,
        1750,
        2000,
        2250,
        2500,
        2750,
        3000,
        3250,
        3500,
        1000000000
    ]
}