{
    "data": [
        4.388986675630381,
        0.580143078867021,
        0.07458125571289063,
        0.03587754650814717,
        0.01687290517476851,
        0.008570809821947144,
        0.004288888310735319,
        0.0023224292826277597,
        0.003269985038355519
    ],
    "SM": [
        4.5145069415441865,
        0.6045635325241778,
        0.08186269816744852,
        0.03815641672552023,
        0.018731220233535028,
        0.00989638304822995,
        0.0050051078727850855,
        0.0027211086997800745,
        0.003505730125900371
    ],
    "bin-edges": [
        1000,
        1500,
        2000,
        2250,
        2500,
        2750,
        3000,
        3250,
        3500,
        1000000000
    ]
}