{
    "data": [
        4.472009398101713,
        0.600463914197292,
        0.08106892368151737,
        0.03664284583750948,
        0.018835064718689943,
        0.009485875330275348,
        0.0048624874321602585,
        0.002788699730894971,
        0.003724164015064688
    ],
    "SM": [
        4.5145069415441865,
        0.6045635325241778,
        0.08186269816744852,
        0.03815641672552023,
        0.018731220233535028,
        0.00989638304822995,
        0.0050051078727850855,
        0.0027211086997800745,
        0.003505730125900371
    ],
    "bin-edges": [
        1000,
        1500,
        2000,
        2250,
        2500,
        2750,
        3000,
        3250,
        3500,
        1000000000
    ]
}