{
    "data": [
        4.554245737877184,
        0.5941358525851796,
        0.08113947471784375,
        0.03748485314688166,
        0.018084696876527206,
        0.009614513981544507,
        0.0051011229195733875,
        0.0027789668393575447,
        0.0034268115030148404
    ],
    "SM": [
        4.5145069415441865,
        0.6045635325241778,
        0.08186269816744852,
        0.03815641672552023,
        0.018731220233535028,
        0.00989638304822995,
        0.0050051078727850855,
        0.0027211086997800745,
        0.003505730125900371
    ],
    "bin-edges": [
        1000,
        1500,
        2000,
        2250,
        2500,
        2750,
        3000,
        3250,
        3500,
        1000000000
    ]
}