{
    "data": [
        4.53456032211386,
        0.5886529167960507,
        0.0799525875059488,
        0.03677991726157064,
        0.017659058947881112,
        0.009338393767876001,
        0.004924938308452801,
        0.002664455337933997,
        0.003367197253685518
    ],
    "SM": [
        4.5145069415441865,
        0.6045635325241778,
        0.08186269816744852,
        0.03815641672552023,
        0.018731220233535028,
        0.00989638304822995,
        0.0050051078727850855,
        0.0027211086997800745,
        0.003505730125900371
    ],
    "bin-edges": [
        1000,
        1500,
        2000,
        2250,
        2500,
        2750,
        3000,
        3250,
        3500,
        1000000000
    ]
}