{
    "data": [
        4.450350954508957,
        0.5925479346053765,
        0.07912391847972308,
        0.036425772252228955,
        0.01866114037412401,
        0.009284822499054497,
        0.004925664988713904,
        0.0025908312205434984,
        0.003211999633294648
    ],
    "SM": [
        4.5145069415441865,
        0.6045635325241778,
        0.08186269816744852,
        0.03815641672552023,
        0.018731220233535028,
        0.00989638304822995,
        0.0050051078727850855,
        0.0027211086997800745,
        0.003505730125900371
    ],
    "bin-edges": [
        1000,
        1500,
        2000,
        2250,
        2500,
        2750,
        3000,
        3250,
        3500,
        1000000000
    ]
}