{
    "data": [
        4.469390560241317,
        0.599809810995765,
        0.07744106992903924,
        0.03764352970327815,
        0.018419043301299776,
        0.009559601447259536,
        0.005083352668438583,
        0.0029127707121819947,
        0.007756655345763261
    ],
    "SM": [
        4.5145069415441865,
        0.6045635325241778,
        0.08186269816744852,
        0.03815641672552023,
        0.018731220233535028,
        0.00989638304822995,
        0.0050051078727850855,
        0.0027211086997800745,
        0.003505730125900371
    ],
    "bin-edges": [
        1000,
        1500,
        2000,
        2250,
        2500,
        2750,
        3000,
        3250,
        3500,
        1000000000
    ]
}