{
    "data": [
        4.449958461559868,
        0.5972542154800481,
        0.07816676536645359,
        0.03809548939919722,
        0.018196800537617193,
        0.00940804449754157,
        0.004804830969215058,
        0.002658919120595563,
        0.0033793326004926375
    ],
    "SM": [
        4.5145069415441865,
        0.6045635325241778,
        0.08186269816744852,
        0.03815641672552023,
        0.018731220233535028,
        0.00989638304822995,
        0.0050051078727850855,
        0.0027211086997800745,
        0.003505730125900371
    ],
    "bin-edges": [
        1000,
        1500,
        2000,
        2250,
        2500,
        2750,
        3000,
        3250,
        3500,
        1000000000
    ]
}