{
    "data": [
        4.353159773784418,
        0.5540444826508606,
        0.07136174712337234,
        0.03126703770299573,
        0.016150660330986236,
        0.007451487652730834,
        0.0037808813505706244,
        0.0019279932880732755,
        0.0032462164271073292
    ],
    "SM": [
        4.5145069415441865,
        0.6045635325241778,
        0.08186269816744852,
        0.03815641672552023,
        0.018731220233535028,
        0.00989638304822995,
        0.0050051078727850855,
        0.0027211086997800745,
        0.003505730125900371
    ],
    "bin-edges": [
        1000,
        1500,
        2000,
        2250,
        2500,
        2750,
        3000,
        3250,
        3500,
        1000000000
    ]
}