{
    "data": [
        81.10460808180001,
        14.798275815977448,
        3.825415175795584,
        1.262606255312593,
        0.47658813386463433,
        0.1999384225633357,
        0.0888389534791733,
        0.040179210533960494,
        0.020849104487934936,
        0.010110740332161836,
        0.005355352588961969,
        0.002796684829025707,
        0.003140003491160257
    ],
    "SM": [
        83.0363615275492,
        15.113109394957803,
        4.041701949411257,
        1.2982441016659283,
        0.49939366162194354,
        0.21034611614839588,
        0.09576057909099175,
        0.04472517798210099,
        0.021546563578200274,
        0.011733459354599905,
        0.006052402715699887,
        0.003264810401099951,
        0.004015564002599662
    ],
    "bin-edges": [
        500,
        750,
        1000,
        1250,
        1500,
        1750,
        2000,
        2250,
        2500,
        2750,
        3000,
        3250,
        3500,
        1000000000
    ]
}