{
    "data": [
        4.472341045031855,
        0.6047904514127123,
        0.07959487346947336,
        0.03778763649964602,
        0.018798245484464127,
        0.009393395000489416,
        0.005059922969747267,
        0.0027666623010846113,
        0.0035938448298813053
    ],
    "SM": [
        4.5145069415441865,
        0.6045635325241778,
        0.08186269816744852,
        0.03815641672552023,
        0.018731220233535028,
        0.00989638304822995,
        0.0050051078727850855,
        0.0027211086997800745,
        0.003505730125900371
    ],
    "bin-edges": [
        1000,
        1500,
        2000,
        2250,
        2500,
        2750,
        3000,
        3250,
        3500,
        1000000000
    ]
}