{
    "data": [
        4.334169070056742,
        0.5688718499967196,
        0.07848196921540505,
        0.042291649525145636,
        0.027296980687390573,
        0.021718399310871727,
        0.020774581680197926,
        0.023052200867864102,
        0.08394525680383097
    ],
    "SM": [
        4.5145069415441865,
        0.6045635325241778,
        0.08186269816744852,
        0.03815641672552023,
        0.018731220233535028,
        0.00989638304822995,
        0.0050051078727850855,
        0.0027211086997800745,
        0.003505730125900371
    ],
    "bin-edges": [
        1000,
        1500,
        2000,
        2250,
        2500,
        2750,
        3000,
        3250,
        3500,
        1000000000
    ]
}