{
    "data": [
        4.333369607427482,
        0.5646676436064167,
        0.07137095112583962,
        0.03390713681377515,
        0.01570760758449643,
        0.007841780704933642,
        0.0038488592752388903,
        0.0020393114466939043,
        0.0032657746595014126
    ],
    "SM": [
        4.5145069415441865,
        0.6045635325241778,
        0.08186269816744852,
        0.03815641672552023,
        0.018731220233535028,
        0.00989638304822995,
        0.0050051078727850855,
        0.0027211086997800745,
        0.003505730125900371
    ],
    "bin-edges": [
        1000,
        1500,
        2000,
        2250,
        2500,
        2750,
        3000,
        3250,
        3500,
        1000000000
    ]
}