{
    "data": [
        80.51112308679917,
        14.327378138768434,
        3.626141578285433,
        1.173991760605663,
        0.4249672124845534,
        0.1750313771033358,
        0.07377074577945417,
        0.03243228752903161,
        0.015197947011991002,
        0.007176500305243994,
        0.0036613724485882373,
        0.0019797841914437515,
        0.015311629399223193
    ],
    "SM": [
        83.0363615275492,
        15.113109394957803,
        4.041701949411257,
        1.2982441016659283,
        0.49939366162194354,
        0.21034611614839588,
        0.09576057909099175,
        0.04472517798210099,
        0.021546563578200274,
        0.011733459354599905,
        0.006052402715699887,
        0.003264810401099951,
        0.004015564002599662
    ],
    "bin-edges": [
        500,
        750,
        1000,
        1250,
        1500,
        1750,
        2000,
        2250,
        2500,
        2750,
        3000,
        3250,
        3500,
        1000000000
    ]
}