{
    "data": [
        4.460485198129845,
        0.5834981765184482,
        0.07759897353933064,
        0.03485066730887803,
        0.018504380120392974,
        0.008833407868027008,
        0.004650452326664003,
        0.002468985500683002,
        0.0032941046300998937
    ],
    "SM": [
        4.5145069415441865,
        0.6045635325241778,
        0.08186269816744852,
        0.03815641672552023,
        0.018731220233535028,
        0.00989638304822995,
        0.0050051078727850855,
        0.0027211086997800745,
        0.003505730125900371
    ],
    "bin-edges": [
        1000,
        1500,
        2000,
        2250,
        2500,
        2750,
        3000,
        3250,
        3500,
        1000000000
    ]
}