{
    "data": [
        4.364664172435645,
        0.5741059340009618,
        0.07313884689082585,
        0.03390229645035838,
        0.016426885605533202,
        0.008009802190815797,
        0.0042210262966382,
        0.00227825438809338,
        0.006931424393099081
    ],
    "SM": [
        4.5145069415441865,
        0.6045635325241778,
        0.08186269816744852,
        0.03815641672552023,
        0.018731220233535028,
        0.00989638304822995,
        0.0050051078727850855,
        0.0027211086997800745,
        0.003505730125900371
    ],
    "bin-edges": [
        1000,
        1500,
        2000,
        2250,
        2500,
        2750,
        3000,
        3250,
        3500,
        1000000000
    ]
}