{
    "data": [
        4.077410534908983,
        0.5159334140267259,
        0.07832862701685278,
        0.050987848714582513,
        0.042789891155234794,
        0.043827528520572506,
        0.047353351365316106,
        0.05791790763443572,
        0.21013028406058376
    ],
    "SM": [
        4.5145069415441865,
        0.6045635325241778,
        0.08186269816744852,
        0.03815641672552023,
        0.018731220233535028,
        0.00989638304822995,
        0.0050051078727850855,
        0.0027211086997800745,
        0.003505730125900371
    ],
    "bin-edges": [
        1000,
        1500,
        2000,
        2250,
        2500,
        2750,
        3000,
        3250,
        3500,
        1000000000
    ]
}