{
    "data": [
        4.329812140969838,
        0.5476995321749571,
        0.07003309389089878,
        0.030510317615496163,
        0.01565962874139663,
        0.007166534090217569,
        0.0036056654184582516,
        0.0018214784970401058,
        0.0032733369015393666
    ],
    "SM": [
        4.5145069415441865,
        0.6045635325241778,
        0.08186269816744852,
        0.03815641672552023,
        0.018731220233535028,
        0.00989638304822995,
        0.0050051078727850855,
        0.0027211086997800745,
        0.003505730125900371
    ],
    "bin-edges": [
        1000,
        1500,
        2000,
        2250,
        2500,
        2750,
        3000,
        3250,
        3500,
        1000000000
    ]
}