{
    "data": [
        4.455618472755184,
        0.596000683170267,
        0.0796319374993142,
        0.03872367197053213,
        0.020926353867285585,
        0.01285029028470506,
        0.009073478044720558,
        0.00781453904630502,
        0.023940021591565577
    ],
    "SM": [
        4.5145069415441865,
        0.6045635325241778,
        0.08186269816744852,
        0.03815641672552023,
        0.018731220233535028,
        0.00989638304822995,
        0.0050051078727850855,
        0.0027211086997800745,
        0.003505730125900371
    ],
    "bin-edges": [
        1000,
        1500,
        2000,
        2250,
        2500,
        2750,
        3000,
        3250,
        3500,
        1000000000
    ]
}