{
    "data": [
        3.994425662073658,
        0.4975969643045975,
        0.07727820582287408,
        0.05015049536697822,
        0.04949008109827423,
        0.046079225583072404,
        0.06134545830814344,
        0.06243923838074648,
        0.27088626646032915
    ],
    "SM": [
        4.5145069415441865,
        0.6045635325241778,
        0.08186269816744852,
        0.03815641672552023,
        0.018731220233535028,
        0.00989638304822995,
        0.0050051078727850855,
        0.0027211086997800745,
        0.003505730125900371
    ],
    "bin-edges": [
        1000,
        1500,
        2000,
        2250,
        2500,
        2750,
        3000,
        3250,
        3500,
        1000000000
    ]
}