{
    "data": [
        4.4745393755442775,
        0.5791382311857814,
        0.07546890886298724,
        0.035473950277003834,
        0.017510363849929902,
        0.008656439586168503,
        0.004503690367958658,
        0.0023404185252389603,
        0.00279084130052903
    ],
    "SM": [
        4.5145069415441865,
        0.6045635325241778,
        0.08186269816744852,
        0.03815641672552023,
        0.018731220233535028,
        0.00989638304822995,
        0.0050051078727850855,
        0.0027211086997800745,
        0.003505730125900371
    ],
    "bin-edges": [
        1000,
        1500,
        2000,
        2250,
        2500,
        2750,
        3000,
        3250,
        3500,
        1000000000
    ]
}