{
    "data": [
        79.31144182246666,
        13.528252994969641,
        3.3821328872780696,
        1.0548206989942255,
        0.37888885017099944,
        0.16463650146659997,
        0.09017942968564993,
        0.07055144774567498,
        0.06449700807367495,
        0.07156810770025011,
        0.0768333605481747,
        0.09258364627250001,
        0.3776214209195021
    ],
    "SM": [
        83.0363615275492,
        15.113109394957803,
        4.041701949411257,
        1.2982441016659283,
        0.49939366162194354,
        0.21034611614839588,
        0.09576057909099175,
        0.04472517798210099,
        0.021546563578200274,
        0.011733459354599905,
        0.006052402715699887,
        0.003264810401099951,
        0.004015564002599662
    ],
    "bin-edges": [
        500,
        750,
        1000,
        1250,
        1500,
        1750,
        2000,
        2250,
        2500,
        2750,
        3000,
        3250,
        3500,
        1000000000
    ]
}