{
    "data": [
        4.456262103822382,
        0.5934169315118915,
        0.0784029321383623,
        0.03721844845726213,
        0.018232511839833404,
        0.009489361251720004,
        0.004904482264736227,
        0.0026411402268021003,
        0.0032346690302557826
    ],
    "SM": [
        4.5145069415441865,
        0.6045635325241778,
        0.08186269816744852,
        0.03815641672552023,
        0.018731220233535028,
        0.00989638304822995,
        0.0050051078727850855,
        0.0027211086997800745,
        0.003505730125900371
    ],
    "bin-edges": [
        1000,
        1500,
        2000,
        2250,
        2500,
        2750,
        3000,
        3250,
        3500,
        1000000000
    ]
}