{
    "data": [
        4.545275495523275,
        0.5984255321123378,
        0.07946168247735538,
        0.03781893083392383,
        0.018974034109273404,
        0.00954366749559072,
        0.005061525740063041,
        0.0026882870398829786,
        0.003415994040717056
    ],
    "SM": [
        4.5145069415441865,
        0.6045635325241778,
        0.08186269816744852,
        0.03815641672552023,
        0.018731220233535028,
        0.00989638304822995,
        0.0050051078727850855,
        0.0027211086997800745,
        0.003505730125900371
    ],
    "bin-edges": [
        1000,
        1500,
        2000,
        2250,
        2500,
        2750,
        3000,
        3250,
        3500,
        1000000000
    ]
}