{
    "data": [
        4.4396369261108015,
        0.5731484185451698,
        0.07647132593500454,
        0.03751420745573549,
        0.017286884329072463,
        0.008745966470584858,
        0.004425861375405248,
        0.0024024244491030124,
        0.0027021470141571817
    ],
    "SM": [
        4.5145069415441865,
        0.6045635325241778,
        0.08186269816744852,
        0.03815641672552023,
        0.018731220233535028,
        0.00989638304822995,
        0.0050051078727850855,
        0.0027211086997800745,
        0.003505730125900371
    ],
    "bin-edges": [
        1000,
        1500,
        2000,
        2250,
        2500,
        2750,
        3000,
        3250,
        3500,
        1000000000
    ]
}