{
    "data": [
        4.118384363780005,
        0.4972427276822683,
        0.06132409411293047,
        0.027252963114502936,
        0.014424726708296412,
        0.008943399571303603,
        0.006887938365310495,
        0.005849563464739852,
        0.0642437516997042
    ],
    "SM": [
        4.5145069415441865,
        0.6045635325241778,
        0.08186269816744852,
        0.03815641672552023,
        0.018731220233535028,
        0.00989638304822995,
        0.0050051078727850855,
        0.0027211086997800745,
        0.003505730125900371
    ],
    "bin-edges": [
        1000,
        1500,
        2000,
        2250,
        2500,
        2750,
        3000,
        3250,
        3500,
        1000000000
    ]
}