{
    "data": [
        4.432667199154136,
        0.590783552588735,
        0.07938573636558732,
        0.03937841980383236,
        0.022106513217753445,
        0.014469238771432899,
        0.011261879244541615,
        0.010633307058056539,
        0.03536456112606436
    ],
    "SM": [
        4.5145069415441865,
        0.6045635325241778,
        0.08186269816744852,
        0.03815641672552023,
        0.018731220233535028,
        0.00989638304822995,
        0.0050051078727850855,
        0.0027211086997800745,
        0.003505730125900371
    ],
    "bin-edges": [
        1000,
        1500,
        2000,
        2250,
        2500,
        2750,
        3000,
        3250,
        3500,
        1000000000
    ]
}