{
    "data": [
        4.427032129821595,
        0.5775988526359022,
        0.0750206833351149,
        0.034919273276143255,
        0.01733627848635157,
        0.008534623665559876,
        0.0044095490374635995,
        0.0023178693741604424,
        0.0027182835729544093
    ],
    "SM": [
        4.5145069415441865,
        0.6045635325241778,
        0.08186269816744852,
        0.03815641672552023,
        0.018731220233535028,
        0.00989638304822995,
        0.0050051078727850855,
        0.0027211086997800745,
        0.003505730125900371
    ],
    "bin-edges": [
        1000,
        1500,
        2000,
        2250,
        2500,
        2750,
        3000,
        3250,
        3500,
        1000000000
    ]
}