{
    "data": [
        4.483467698506221,
        0.589865233648151,
        0.07896172437260965,
        0.03563970305782249,
        0.019028524036423636,
        0.009143972865893002,
        0.004849814538932944,
        0.002595864424436,
        0.0033389288420159475
    ],
    "SM": [
        4.5145069415441865,
        0.6045635325241778,
        0.08186269816744852,
        0.03815641672552023,
        0.018731220233535028,
        0.00989638304822995,
        0.0050051078727850855,
        0.0027211086997800745,
        0.003505730125900371
    ],
    "bin-edges": [
        1000,
        1500,
        2000,
        2250,
        2500,
        2750,
        3000,
        3250,
        3500,
        1000000000
    ]
}