{
    "data": [
        4.412515230685787,
        0.565858163575223,
        0.07493059487487408,
        0.03659167764682953,
        0.016738818286274208,
        0.0084055631094881,
        0.004217961063510774,
        0.0022676405683364014,
        0.0024867643469495128
    ],
    "SM": [
        4.5145069415441865,
        0.6045635325241778,
        0.08186269816744852,
        0.03815641672552023,
        0.018731220233535028,
        0.00989638304822995,
        0.0050051078727850855,
        0.0027211086997800745,
        0.003505730125900371
    ],
    "bin-edges": [
        1000,
        1500,
        2000,
        2250,
        2500,
        2750,
        3000,
        3250,
        3500,
        1000000000
    ]
}