{
    "data": [
        79.75909355854978,
        14.291627039646226,
        3.605777185562352,
        1.1533599477938397,
        0.4188255133985498,
        0.1677597829393523,
        0.07043971277310003,
        0.029742123706112455,
        0.014187864760322511,
        0.006236422217842494,
        0.002935883566967498,
        0.001330337075770003,
        0.0017488617862049989
    ],
    "SM": [
        83.0363615275492,
        15.113109394957803,
        4.041701949411257,
        1.2982441016659283,
        0.49939366162194354,
        0.21034611614839588,
        0.09576057909099175,
        0.04472517798210099,
        0.021546563578200274,
        0.011733459354599905,
        0.006052402715699887,
        0.003264810401099951,
        0.004015564002599662
    ],
    "bin-edges": [
        500,
        750,
        1000,
        1250,
        1500,
        1750,
        2000,
        2250,
        2500,
        2750,
        3000,
        3250,
        3500,
        1000000000
    ]
}