{
    "data": [
        4.548040767130128,
        0.5991831536585284,
        0.07961931438628006,
        0.03791185019549328,
        0.019032272785487768,
        0.009579138943564783,
        0.005083941449540563,
        0.0027023465854041796,
        0.003441877078584645
    ],
    "SM": [
        4.5145069415441865,
        0.6045635325241778,
        0.08186269816744852,
        0.03815641672552023,
        0.018731220233535028,
        0.00989638304822995,
        0.0050051078727850855,
        0.0027211086997800745,
        0.003505730125900371
    ],
    "bin-edges": [
        1000,
        1500,
        2000,
        2250,
        2500,
        2750,
        3000,
        3250,
        3500,
        1000000000
    ]
}