{
    "data": [
        4.430389687758207,
        0.5917461206393618,
        0.0770085302733827,
        0.037377125555349715,
        0.017766726973515598,
        0.0091350678413424,
        0.004635456119536017,
        0.0025479721666868006,
        0.0033322696487034192
    ],
    "SM": [
        4.5145069415441865,
        0.6045635325241778,
        0.08186269816744852,
        0.03815641672552023,
        0.018731220233535028,
        0.00989638304822995,
        0.0050051078727850855,
        0.0027211086997800745,
        0.003505730125900371
    ],
    "bin-edges": [
        1000,
        1500,
        2000,
        2250,
        2500,
        2750,
        3000,
        3250,
        3500,
        1000000000
    ]
}