{
    "data": [
        4.3220331577827675,
        0.5431404313387438,
        0.06828859627414106,
        0.030994388247105743,
        0.014910035469132115,
        0.007441333194590692,
        0.0036516409001916546,
        0.001961030445306649,
        0.009501930035059687
    ],
    "SM": [
        4.5145069415441865,
        0.6045635325241778,
        0.08186269816744852,
        0.03815641672552023,
        0.018731220233535028,
        0.00989638304822995,
        0.0050051078727850855,
        0.0027211086997800745,
        0.003505730125900371
    ],
    "bin-edges": [
        1000,
        1500,
        2000,
        2250,
        2500,
        2750,
        3000,
        3250,
        3500,
        1000000000
    ]
}