{
    "data": [
        4.462010876036918,
        0.5957629783649394,
        0.07979997717750607,
        0.03682057244642898,
        0.018910264020179535,
        0.00943778876339051,
        0.005022546511380503,
        0.002651833576151999,
        0.0033220374638110017
    ],
    "SM": [
        4.5145069415441865,
        0.6045635325241778,
        0.08186269816744852,
        0.03815641672552023,
        0.018731220233535028,
        0.00989638304822995,
        0.0050051078727850855,
        0.0027211086997800745,
        0.003505730125900371
    ],
    "bin-edges": [
        1000,
        1500,
        2000,
        2250,
        2500,
        2750,
        3000,
        3250,
        3500,
        1000000000
    ]
}