{
    "data": [
        4.353467060059159,
        0.5702448490107357,
        0.0725242884299199,
        0.034613280296846106,
        0.016123963458276585,
        0.008101310879706163,
        0.0040044570969856134,
        0.002138989181709924,
        0.003256871279524339
    ],
    "SM": [
        4.5145069415441865,
        0.6045635325241778,
        0.08186269816744852,
        0.03815641672552023,
        0.018731220233535028,
        0.00989638304822995,
        0.0050051078727850855,
        0.0027211086997800745,
        0.003505730125900371
    ],
    "bin-edges": [
        1000,
        1500,
        2000,
        2250,
        2500,
        2750,
        3000,
        3250,
        3500,
        1000000000
    ]
}