{
    "data": [
        4.435931414339684,
        0.5990038598631474,
        0.0786851569967656,
        0.03750512965312771,
        0.018733136332650464,
        0.009436976580863968,
        0.004920299404681555,
        0.002604303486394892,
        0.0031512094414922463
    ],
    "SM": [
        4.5145069415441865,
        0.6045635325241778,
        0.08186269816744852,
        0.03815641672552023,
        0.018731220233535028,
        0.00989638304822995,
        0.0050051078727850855,
        0.0027211086997800745,
        0.003505730125900371
    ],
    "bin-edges": [
        1000,
        1500,
        2000,
        2250,
        2500,
        2750,
        3000,
        3250,
        3500,
        1000000000
    ]
}