{
    "data": [
        78.90065832658246,
        13.730866061796293,
        3.36805752497718,
        1.0464248774220306,
        0.3591892242682232,
        0.13874714726305754,
        0.05377660759404276,
        0.021607552024117505,
        0.009185756883197501,
        0.004254611451499992,
        0.002555290862547499,
        0.0019312145981575045,
        0.03341009567555238
    ],
    "SM": [
        83.0363615275492,
        15.113109394957803,
        4.041701949411257,
        1.2982441016659283,
        0.49939366162194354,
        0.21034611614839588,
        0.09576057909099175,
        0.04472517798210099,
        0.021546563578200274,
        0.011733459354599905,
        0.006052402715699887,
        0.003264810401099951,
        0.004015564002599662
    ],
    "bin-edges": [
        500,
        750,
        1000,
        1250,
        1500,
        1750,
        2000,
        2250,
        2500,
        2750,
        3000,
        3250,
        3500,
        1000000000
    ]
}