{
    "data": [
        4.4362190313315475,
        0.5903916513895463,
        0.07558769849583227,
        0.03660288636050956,
        0.017908884109972247,
        0.00939870912114412,
        0.005173492647999319,
        0.0031700715937478803,
        0.013202417964846497
    ],
    "SM": [
        4.5145069415441865,
        0.6045635325241778,
        0.08186269816744852,
        0.03815641672552023,
        0.018731220233535028,
        0.00989638304822995,
        0.0050051078727850855,
        0.0027211086997800745,
        0.003505730125900371
    ],
    "bin-edges": [
        1000,
        1500,
        2000,
        2250,
        2500,
        2750,
        3000,
        3250,
        3500,
        1000000000
    ]
}