{
    "data": [
        4.331210897202288,
        0.5609283301540952,
        0.06987347020687684,
        0.033470675828572806,
        0.016444843538857185,
        0.009014353261982397,
        0.0055905089524184,
        0.0040503238059118,
        0.030575660728150992
    ],
    "SM": [
        4.5145069415441865,
        0.6045635325241778,
        0.08186269816744852,
        0.03815641672552023,
        0.018731220233535028,
        0.00989638304822995,
        0.0050051078727850855,
        0.0027211086997800745,
        0.003505730125900371
    ],
    "bin-edges": [
        1000,
        1500,
        2000,
        2250,
        2500,
        2750,
        3000,
        3250,
        3500,
        1000000000
    ]
}