{
    "data": [
        4.4962750950941945,
        0.5876747400468484,
        0.08008662569660507,
        0.036239379911964006,
        0.01813353571525197,
        0.009524398441140504,
        0.004865179041366003,
        0.0027251840842739987,
        0.0032956856918021594
    ],
    "SM": [
        4.5145069415441865,
        0.6045635325241778,
        0.08186269816744852,
        0.03815641672552023,
        0.018731220233535028,
        0.00989638304822995,
        0.0050051078727850855,
        0.0027211086997800745,
        0.003505730125900371
    ],
    "bin-edges": [
        1000,
        1500,
        2000,
        2250,
        2500,
        2750,
        3000,
        3250,
        3500,
        1000000000
    ]
}