{
    "data": [
        4.131271201288732,
        0.5064100420610996,
        0.059751455373038304,
        0.028318233998893112,
        0.014384646779162936,
        0.00887411943422034,
        0.00691251334463492,
        0.00614510825851222,
        0.06441863009759434
    ],
    "SM": [
        4.5145069415441865,
        0.6045635325241778,
        0.08186269816744852,
        0.03815641672552023,
        0.018731220233535028,
        0.00989638304822995,
        0.0050051078727850855,
        0.0027211086997800745,
        0.003505730125900371
    ],
    "bin-edges": [
        1000,
        1500,
        2000,
        2250,
        2500,
        2750,
        3000,
        3250,
        3500,
        1000000000
    ]
}