{
    "data": [
        4.29714252415066,
        0.5514878974266176,
        0.0680758058914692,
        0.032514275469861784,
        0.016023677213897802,
        0.0089335679316268,
        0.0057677236937932,
        0.004366115355159,
        0.03626763238341883
    ],
    "SM": [
        4.5145069415441865,
        0.6045635325241778,
        0.08186269816744852,
        0.03815641672552023,
        0.018731220233535028,
        0.00989638304822995,
        0.0050051078727850855,
        0.0027211086997800745,
        0.003505730125900371
    ],
    "bin-edges": [
        1000,
        1500,
        2000,
        2250,
        2500,
        2750,
        3000,
        3250,
        3500,
        1000000000
    ]
}