{
    "data": [
        4.420358066965937,
        0.5947181812505017,
        0.0777950643571034,
        0.0369907869619839,
        0.018405421329055854,
        0.009235132464148026,
        0.0047949182065102625,
        0.0025247470817437614,
        0.003013430093361578
    ],
    "SM": [
        4.5145069415441865,
        0.6045635325241778,
        0.08186269816744852,
        0.03815641672552023,
        0.018731220233535028,
        0.00989638304822995,
        0.0050051078727850855,
        0.0027211086997800745,
        0.003505730125900371
    ],
    "bin-edges": [
        1000,
        1500,
        2000,
        2250,
        2500,
        2750,
        3000,
        3250,
        3500,
        1000000000
    ]
}