{
    "data": [
        4.446567929542267,
        0.5796526848574395,
        0.07677833980256697,
        0.03437649334917469,
        0.018190383764253016,
        0.00864777301582475,
        0.004531897470011405,
        0.0023940498801731107,
        0.0032726901698558186
    ],
    "SM": [
        4.5145069415441865,
        0.6045635325241778,
        0.08186269816744852,
        0.03815641672552023,
        0.018731220233535028,
        0.00989638304822995,
        0.0050051078727850855,
        0.0027211086997800745,
        0.003505730125900371
    ],
    "bin-edges": [
        1000,
        1500,
        2000,
        2250,
        2500,
        2750,
        3000,
        3250,
        3500,
        1000000000
    ]
}