{
    "data": [
        4.478591255815574,
        0.598172432693109,
        0.07905015280804621,
        0.037037227466829976,
        0.018897803035870925,
        0.009936398381727283,
        0.005479340820070187,
        0.00303899924488949,
        0.004878319309702235
    ],
    "SM": [
        4.5145069415441865,
        0.6045635325241778,
        0.08186269816744852,
        0.03815641672552023,
        0.018731220233535028,
        0.00989638304822995,
        0.0050051078727850855,
        0.0027211086997800745,
        0.003505730125900371
    ],
    "bin-edges": [
        1000,
        1500,
        2000,
        2250,
        2500,
        2750,
        3000,
        3250,
        3500,
        1000000000
    ]
}