{
    "data": [
        4.404844565312004,
        0.5854969673401622,
        0.07551982675600206,
        0.035328035004069884,
        0.017291368335311787,
        0.00850869355673595,
        0.00451915395297195,
        0.0024499759331120174,
        0.0056139884130841245
    ],
    "SM": [
        4.5145069415441865,
        0.6045635325241778,
        0.08186269816744852,
        0.03815641672552023,
        0.018731220233535028,
        0.00989638304822995,
        0.0050051078727850855,
        0.0027211086997800745,
        0.003505730125900371
    ],
    "bin-edges": [
        1000,
        1500,
        2000,
        2250,
        2500,
        2750,
        3000,
        3250,
        3500,
        1000000000
    ]
}