{
    "data": [
        4.526341654557116,
        0.5932453640985802,
        0.07838547210828116,
        0.03718520713306474,
        0.018577320306674742,
        0.009302362010979653,
        0.004909264811499046,
        0.002592940064632393,
        0.003241613704883219
    ],
    "SM": [
        4.5145069415441865,
        0.6045635325241778,
        0.08186269816744852,
        0.03815641672552023,
        0.018731220233535028,
        0.00989638304822995,
        0.0050051078727850855,
        0.0027211086997800745,
        0.003505730125900371
    ],
    "bin-edges": [
        1000,
        1500,
        2000,
        2250,
        2500,
        2750,
        3000,
        3250,
        3500,
        1000000000
    ]
}