{
    "data": [
        4.477970682152907,
        0.5994657817310984,
        0.07967271747111238,
        0.03798585765080732,
        0.018702118580444283,
        0.009787987901459023,
        0.00509140042870944,
        0.002762172459046196,
        0.0034254564713321863
    ],
    "SM": [
        4.5145069415441865,
        0.6045635325241778,
        0.08186269816744852,
        0.03815641672552023,
        0.018731220233535028,
        0.00989638304822995,
        0.0050051078727850855,
        0.0027211086997800745,
        0.003505730125900371
    ],
    "bin-edges": [
        1000,
        1500,
        2000,
        2250,
        2500,
        2750,
        3000,
        3250,
        3500,
        1000000000
    ]
}