{
    "data": [
        4.432265311461325,
        0.5708990254695231,
        0.07587661117196436,
        0.03376867678933339,
        0.01696217226094351,
        0.008309557719384747,
        0.004330304799017504,
        0.0022462749784794966,
        0.0027264671734003503
    ],
    "SM": [
        4.5145069415441865,
        0.6045635325241778,
        0.08186269816744852,
        0.03815641672552023,
        0.018731220233535028,
        0.00989638304822995,
        0.0050051078727850855,
        0.0027211086997800745,
        0.003505730125900371
    ],
    "bin-edges": [
        1000,
        1500,
        2000,
        2250,
        2500,
        2750,
        3000,
        3250,
        3500,
        1000000000
    ]
}