{
    "data": [
        4.457079204166097,
        0.588837562126786,
        0.07847337343024684,
        0.036381077767095274,
        0.018642807112040496,
        0.009424211182350069,
        0.005268287324960016,
        0.0029437153381099697,
        0.007784458221364172
    ],
    "SM": [
        4.5145069415441865,
        0.6045635325241778,
        0.08186269816744852,
        0.03815641672552023,
        0.018731220233535028,
        0.00989638304822995,
        0.0050051078727850855,
        0.0027211086997800745,
        0.003505730125900371
    ],
    "bin-edges": [
        1000,
        1500,
        2000,
        2250,
        2500,
        2750,
        3000,
        3250,
        3500,
        1000000000
    ]
}