{
    "data": [
        4.451781458090237,
        0.5764216410316649,
        0.07716509404092245,
        0.03793050452342145,
        0.017534815011108474,
        0.008900414312754502,
        0.004520508397423999,
        0.002464035185716448,
        0.0028025801661534493
    ],
    "SM": [
        4.5145069415441865,
        0.6045635325241778,
        0.08186269816744852,
        0.03815641672552023,
        0.018731220233535028,
        0.00989638304822995,
        0.0050051078727850855,
        0.0027211086997800745,
        0.003505730125900371
    ],
    "bin-edges": [
        1000,
        1500,
        2000,
        2250,
        2500,
        2750,
        3000,
        3250,
        3500,
        1000000000
    ]
}