{
    "data": [
        4.013389307929537,
        0.5037112931221384,
        0.07884328009317214,
        0.053443891510118635,
        0.04715117743476954,
        0.05012347139745867,
        0.05441438368909612,
        0.06717197014014459,
        0.24163500516331518
    ],
    "SM": [
        4.5145069415441865,
        0.6045635325241778,
        0.08186269816744852,
        0.03815641672552023,
        0.018731220233535028,
        0.00989638304822995,
        0.0050051078727850855,
        0.0027211086997800745,
        0.003505730125900371
    ],
    "bin-edges": [
        1000,
        1500,
        2000,
        2250,
        2500,
        2750,
        3000,
        3250,
        3500,
        1000000000
    ]
}