{
    "data": [
        4.489445584406617,
        0.5857995093120723,
        0.079682842261331,
        0.036006552443230505,
        0.01798852919267646,
        0.009431437797144,
        0.004807938975257508,
        0.0026870494935245003,
        0.0032347716060383094
    ],
    "SM": [
        4.5145069415441865,
        0.6045635325241778,
        0.08186269816744852,
        0.03815641672552023,
        0.018731220233535028,
        0.00989638304822995,
        0.0050051078727850855,
        0.0027211086997800745,
        0.003505730125900371
    ],
    "bin-edges": [
        1000,
        1500,
        2000,
        2250,
        2500,
        2750,
        3000,
        3250,
        3500,
        1000000000
    ]
}