{
    "data": [
        4.460354048566705,
        0.5867519399985869,
        0.07691451345488762,
        0.0360445710548996,
        0.018029547364106984,
        0.008956862904494201,
        0.0046744583084225985,
        0.002485268768776598,
        0.003004785453079698
    ],
    "SM": [
        4.5145069415441865,
        0.6045635325241778,
        0.08186269816744852,
        0.03815641672552023,
        0.018731220233535028,
        0.00989638304822995,
        0.0050051078727850855,
        0.0027211086997800745,
        0.003505730125900371
    ],
    "bin-edges": [
        1000,
        1500,
        2000,
        2250,
        2500,
        2750,
        3000,
        3250,
        3500,
        1000000000
    ]
}