{
    "data": [
        4.4047232375080805,
        0.5844836613372097,
        0.07909607219467721,
        0.04018364214897419,
        0.023552217214065994,
        0.016470620138946793,
        0.013933343432218803,
        0.014105580470989603,
        0.049200591750214635
    ],
    "SM": [
        4.5145069415441865,
        0.6045635325241778,
        0.08186269816744852,
        0.03815641672552023,
        0.018731220233535028,
        0.00989638304822995,
        0.0050051078727850855,
        0.0027211086997800745,
        0.003505730125900371
    ],
    "bin-edges": [
        1000,
        1500,
        2000,
        2250,
        2500,
        2750,
        3000,
        3250,
        3500,
        1000000000
    ]
}