{
    "data": [
        4.501867590269095,
        0.5892116611135704,
        0.08041782761718344,
        0.03643049885718049,
        0.01825264394295034,
        0.009600829154141097,
        0.004912272505665008,
        0.0027565880760110364,
        0.003346029784334823
    ],
    "SM": [
        4.5145069415441865,
        0.6045635325241778,
        0.08186269816744852,
        0.03815641672552023,
        0.018731220233535028,
        0.00989638304822995,
        0.0050051078727850855,
        0.0027211086997800745,
        0.003505730125900371
    ],
    "bin-edges": [
        1000,
        1500,
        2000,
        2250,
        2500,
        2750,
        3000,
        3250,
        3500,
        1000000000
    ]
}