{
    "data": [
        4.463077831481129,
        0.5953141395680034,
        0.07880076435276129,
        0.03745867823285483,
        0.018379381393147022,
        0.009582665285976436,
        0.004962800282419291,
        0.002678857418544339,
        0.0032933671376670923
    ],
    "SM": [
        4.5145069415441865,
        0.6045635325241778,
        0.08186269816744852,
        0.03815641672552023,
        0.018731220233535028,
        0.00989638304822995,
        0.0050051078727850855,
        0.0027211086997800745,
        0.003505730125900371
    ],
    "bin-edges": [
        1000,
        1500,
        2000,
        2250,
        2500,
        2750,
        3000,
        3250,
        3500,
        1000000000
    ]
}