{
    "data": [
        4.457310606183038,
        0.5993275869301629,
        0.07860375430852912,
        0.038366949425555845,
        0.01835957235373787,
        0.009511708039703646,
        0.0048694070863947786,
        0.0027013040759966004,
        0.0033997476158178054
    ],
    "SM": [
        4.5145069415441865,
        0.6045635325241778,
        0.08186269816744852,
        0.03815641672552023,
        0.018731220233535028,
        0.00989638304822995,
        0.0050051078727850855,
        0.0027211086997800745,
        0.003505730125900371
    ],
    "bin-edges": [
        1000,
        1500,
        2000,
        2250,
        2500,
        2750,
        3000,
        3250,
        3500,
        1000000000
    ]
}