{
    "data": [
        4.426546075358601,
        0.5696262210621349,
        0.07572616657809239,
        0.03706768815749131,
        0.017021375079400207,
        0.008580881562287295,
        0.004324912671537225,
        0.0023368817043478945,
        0.002596648671918339
    ],
    "SM": [
        4.5145069415441865,
        0.6045635325241778,
        0.08186269816744852,
        0.03815641672552023,
        0.018731220233535028,
        0.00989638304822995,
        0.0050051078727850855,
        0.0027211086997800745,
        0.003505730125900371
    ],
    "bin-edges": [
        1000,
        1500,
        2000,
        2250,
        2500,
        2750,
        3000,
        3250,
        3500,
        1000000000
    ]
}