{
    "data": [
        4.55001658553278,
        0.5997246490386158,
        0.07973201466568766,
        0.03797829934277384,
        0.019073931575496767,
        0.009604518311128237,
        0.005099986058024917,
        0.0027124137829732347,
        0.00346044109203745
    ],
    "SM": [
        4.5145069415441865,
        0.6045635325241778,
        0.08186269816744852,
        0.03815641672552023,
        0.018731220233535028,
        0.00989638304822995,
        0.0050051078727850855,
        0.0027211086997800745,
        0.003505730125900371
    ],
    "bin-edges": [
        1000,
        1500,
        2000,
        2250,
        2500,
        2750,
        3000,
        3250,
        3500,
        1000000000
    ]
}