{
    "data": [
        4.519647892714908,
        0.5914170449990294,
        0.07800629291736026,
        0.0369622135551182,
        0.018437925545847392,
        0.0092177148811552,
        0.004855946868781802,
        0.0025596180177924,
        0.0031811814987385985
    ],
    "SM": [
        4.5145069415441865,
        0.6045635325241778,
        0.08186269816744852,
        0.03815641672552023,
        0.018731220233535028,
        0.00989638304822995,
        0.0050051078727850855,
        0.0027211086997800745,
        0.003505730125900371
    ],
    "bin-edges": [
        1000,
        1500,
        2000,
        2250,
        2500,
        2750,
        3000,
        3250,
        3500,
        1000000000
    ]
}