{
    "data": [
        4.390060540160693,
        0.5773736011578305,
        0.07304497029087258,
        0.03519347532221796,
        0.017235928605239908,
        0.009205482609624022,
        0.005332409176539985,
        0.003541367939877995,
        0.020809969451792143
    ],
    "SM": [
        4.5145069415441865,
        0.6045635325241778,
        0.08186269816744852,
        0.03815641672552023,
        0.018731220233535028,
        0.00989638304822995,
        0.0050051078727850855,
        0.0027211086997800745,
        0.003505730125900371
    ],
    "bin-edges": [
        1000,
        1500,
        2000,
        2250,
        2500,
        2750,
        3000,
        3250,
        3500,
        1000000000
    ]
}