{
    "data": [
        4.508446366601575,
        0.6000347674456465,
        0.07967881109926402,
        0.03769449663963668,
        0.019050857434115845,
        0.009582488196394746,
        0.00506958405333227,
        0.0027368322735370665,
        0.0034510148720227913
    ],
    "SM": [
        4.5145069415441865,
        0.6045635325241778,
        0.08186269816744852,
        0.03815641672552023,
        0.018731220233535028,
        0.00989638304822995,
        0.0050051078727850855,
        0.0027211086997800745,
        0.003505730125900371
    ],
    "bin-edges": [
        1000,
        1500,
        2000,
        2250,
        2500,
        2750,
        3000,
        3250,
        3500,
        1000000000
    ]
}