{
    "data": [
        4.501138992033333,
        0.5980110556569401,
        0.0792564592265575,
        0.03744187043874359,
        0.0188941122287293,
        0.009486226689798332,
        0.0050085884717546054,
        0.002697855766145365,
        0.003380684032161454
    ],
    "SM": [
        4.5145069415441865,
        0.6045635325241778,
        0.08186269816744852,
        0.03815641672552023,
        0.018731220233535028,
        0.00989638304822995,
        0.0050051078727850855,
        0.0027211086997800745,
        0.003505730125900371
    ],
    "bin-edges": [
        1000,
        1500,
        2000,
        2250,
        2500,
        2750,
        3000,
        3250,
        3500,
        1000000000
    ]
}