{
    "data": [
        4.260050653638456,
        0.5412780774505811,
        0.06615179275968401,
        0.031508634821121796,
        0.015597169338723408,
        0.008871419722083199,
        0.00598341036797,
        0.0047286172808518,
        0.0424986403312672
    ],
    "SM": [
        4.5145069415441865,
        0.6045635325241778,
        0.08186269816744852,
        0.03815641672552023,
        0.018731220233535028,
        0.00989638304822995,
        0.0050051078727850855,
        0.0027211086997800745,
        0.003505730125900371
    ],
    "bin-edges": [
        1000,
        1500,
        2000,
        2250,
        2500,
        2750,
        3000,
        3250,
        3500,
        1000000000
    ]
}