{
    "data": [
        4.438942204380164,
        0.588603739617584,
        0.07739543596978299,
        0.03661090165911794,
        0.01786167029344887,
        0.009254136411395964,
        0.004757827509737783,
        0.002546445206885404,
        0.0030896758816240637
    ],
    "SM": [
        4.5145069415441865,
        0.6045635325241778,
        0.08186269816744852,
        0.03815641672552023,
        0.018731220233535028,
        0.00989638304822995,
        0.0050051078727850855,
        0.0027211086997800745,
        0.003505730125900371
    ],
    "bin-edges": [
        1000,
        1500,
        2000,
        2250,
        2500,
        2750,
        3000,
        3250,
        3500,
        1000000000
    ]
}