{
    "data": [
        4.541935877288129,
        0.5907051733304136,
        0.08039649072838972,
        0.03704322970727761,
        0.01781811134169999,
        0.009441303731723508,
        0.004990578579542351,
        0.0027071924150639487,
        0.0033894118628913406
    ],
    "SM": [
        4.5145069415441865,
        0.6045635325241778,
        0.08186269816744852,
        0.03815641672552023,
        0.018731220233535028,
        0.00989638304822995,
        0.0050051078727850855,
        0.0027211086997800745,
        0.003505730125900371
    ],
    "bin-edges": [
        1000,
        1500,
        2000,
        2250,
        2500,
        2750,
        3000,
        3250,
        3500,
        1000000000
    ]
}