{
    "data": [
        4.4482154787600185,
        0.5911793597444269,
        0.07793424250624521,
        0.03693566888324301,
        0.018059799155344194,
        0.009379739849025,
        0.004836073075992579,
        0.0025969385648496003,
        0.003166565123916
    ],
    "SM": [
        4.5145069415441865,
        0.6045635325241778,
        0.08186269816744852,
        0.03815641672552023,
        0.018731220233535028,
        0.00989638304822995,
        0.0050051078727850855,
        0.0027211086997800745,
        0.003505730125900371
    ],
    "bin-edges": [
        1000,
        1500,
        2000,
        2250,
        2500,
        2750,
        3000,
        3250,
        3500,
        1000000000
    ]
}