{
    "data": [
        4.391257278186834,
        0.5867336247077053,
        0.07614193611426853,
        0.03603755057487421,
        0.017799723883700696,
        0.0088632164708966,
        0.004564652345713931,
        0.0023792691075240784,
        0.0027655336918499286
    ],
    "SM": [
        4.5145069415441865,
        0.6045635325241778,
        0.08186269816744852,
        0.03815641672552023,
        0.018731220233535028,
        0.00989638304822995,
        0.0050051078727850855,
        0.0027211086997800745,
        0.003505730125900371
    ],
    "bin-edges": [
        1000,
        1500,
        2000,
        2250,
        2500,
        2750,
        3000,
        3250,
        3500,
        1000000000
    ]
}