{
    "data": [
        4.421656971929368,
        0.5902845477027443,
        0.07652595362262377,
        0.035933147758422004,
        0.01766054083454799,
        0.008723758223348001,
        0.004649135037667401,
        0.0025257906675520015,
        0.00508810648194992
    ],
    "SM": [
        4.5145069415441865,
        0.6045635325241778,
        0.08186269816744852,
        0.03815641672552023,
        0.018731220233535028,
        0.00989638304822995,
        0.0050051078727850855,
        0.0027211086997800745,
        0.003505730125900371
    ],
    "bin-edges": [
        1000,
        1500,
        2000,
        2250,
        2500,
        2750,
        3000,
        3250,
        3500,
        1000000000
    ]
}