{
    "data": [
        4.462973962931453,
        0.579443046283674,
        0.07780657299439005,
        0.03831590816836299,
        0.017764678437693464,
        0.00904385340896602,
        0.0046085786379844946,
        0.0025214982356355003,
        0.0028973215191601493
    ],
    "SM": [
        4.5145069415441865,
        0.6045635325241778,
        0.08186269816744852,
        0.03815641672552023,
        0.018731220233535028,
        0.00989638304822995,
        0.0050051078727850855,
        0.0027211086997800745,
        0.003505730125900371
    ],
    "bin-edges": [
        1000,
        1500,
        2000,
        2250,
        2500,
        2750,
        3000,
        3250,
        3500,
        1000000000
    ]
}