{
    "data": [
        4.475124199862633,
        0.5906855234187126,
        0.08206573108962785,
        0.036696095435855496,
        0.01892815073111398,
        0.009442743581317001,
        0.005079016693134993,
        0.0027362403866169997,
        0.0033911741344561613
    ],
    "SM": [
        4.5145069415441865,
        0.6045635325241778,
        0.08186269816744852,
        0.03815641672552023,
        0.018731220233535028,
        0.00989638304822995,
        0.0050051078727850855,
        0.0027211086997800745,
        0.003505730125900371
    ],
    "bin-edges": [
        1000,
        1500,
        2000,
        2250,
        2500,
        2750,
        3000,
        3250,
        3500,
        1000000000
    ]
}