{
    "data": [
        4.418186694108429,
        0.5883190621261631,
        0.07628983523755536,
        0.03693226522741194,
        0.01750097717167592,
        0.008966890106677975,
        0.004531643635321957,
        0.0024801865648699933,
        0.0033086150440820718
    ],
    "SM": [
        4.5145069415441865,
        0.6045635325241778,
        0.08186269816744852,
        0.03815641672552023,
        0.018731220233535028,
        0.00989638304822995,
        0.0050051078727850855,
        0.0027211086997800745,
        0.003505730125900371
    ],
    "bin-edges": [
        1000,
        1500,
        2000,
        2250,
        2500,
        2750,
        3000,
        3250,
        3500,
        1000000000
    ]
}