{
    "data": [
        4.450195007508727,
        0.5839569859715942,
        0.07633525050832635,
        0.0356999270467426,
        0.017816927282236,
        0.008827144169505401,
        0.0045929144650763195,
        0.002433630796327859,
        0.002915463907856908
    ],
    "SM": [
        4.5145069415441865,
        0.6045635325241778,
        0.08186269816744852,
        0.03815641672552023,
        0.018731220233535028,
        0.00989638304822995,
        0.0050051078727850855,
        0.0027211086997800745,
        0.003505730125900371
    ],
    "bin-edges": [
        1000,
        1500,
        2000,
        2250,
        2500,
        2750,
        3000,
        3250,
        3500,
        1000000000
    ]
}