{
    "data": [
        4.446508533725587,
        0.5747584176999927,
        0.07670224929659337,
        0.03424033177708704,
        0.017257211594947454,
        0.008489436133788547,
        0.004444875397390496,
        0.0023183432283550003,
        0.0028302331464979485
    ],
    "SM": [
        4.5145069415441865,
        0.6045635325241778,
        0.08186269816744852,
        0.03815641672552023,
        0.018731220233535028,
        0.00989638304822995,
        0.0050051078727850855,
        0.0027211086997800745,
        0.003505730125900371
    ],
    "bin-edges": [
        1000,
        1500,
        2000,
        2250,
        2500,
        2750,
        3000,
        3250,
        3500,
        1000000000
    ]
}