{
    "data": [
        4.247554732545953,
        0.5313972276362458,
        0.06735677657901,
        0.03037459993536758,
        0.015739094285400088,
        0.0088573620241418,
        0.0060725280694262,
        0.004577739164283945,
        0.0424890014295308
    ],
    "SM": [
        4.5145069415441865,
        0.6045635325241778,
        0.08186269816744852,
        0.03815641672552023,
        0.018731220233535028,
        0.00989638304822995,
        0.0050051078727850855,
        0.0027211086997800745,
        0.003505730125900371
    ],
    "bin-edges": [
        1000,
        1500,
        2000,
        2250,
        2500,
        2750,
        3000,
        3250,
        3500,
        1000000000
    ]
}