{
    "data": [
        4.469794556387819,
        0.5979119659231182,
        0.08025245343271599,
        0.03708511649518148,
        0.019077335998148506,
        0.009540507968473002,
        0.0050877744855986895,
        0.0026928941649904995,
        0.003396475435799604
    ],
    "SM": [
        4.5145069415441865,
        0.6045635325241778,
        0.08186269816744852,
        0.03815641672552023,
        0.018731220233535028,
        0.00989638304822995,
        0.0050051078727850855,
        0.0027211086997800745,
        0.003505730125900371
    ],
    "bin-edges": [
        1000,
        1500,
        2000,
        2250,
        2500,
        2750,
        3000,
        3250,
        3500,
        1000000000
    ]
}