{
    "data": [
        4.398878575392288,
        0.5643649323077939,
        0.07272575961198048,
        0.03356345602579351,
        0.016493803744612495,
        0.00836656767637549,
        0.0041559582376696535,
        0.002226925087706503,
        0.006917595501411572
    ],
    "SM": [
        4.5145069415441865,
        0.6045635325241778,
        0.08186269816744852,
        0.03815641672552023,
        0.018731220233535028,
        0.00989638304822995,
        0.0050051078727850855,
        0.0027211086997800745,
        0.003505730125900371
    ],
    "bin-edges": [
        1000,
        1500,
        2000,
        2250,
        2500,
        2750,
        3000,
        3250,
        3500,
        1000000000
    ]
}