{
    "data": [
        4.317245271860231,
        0.5634625003562425,
        0.07779077779999366,
        0.04068208861553871,
        0.027851224767156485,
        0.02225717163840119,
        0.021730713635667313,
        0.021505647058182982,
        0.08804510521912459
    ],
    "SM": [
        4.5145069415441865,
        0.6045635325241778,
        0.08186269816744852,
        0.03815641672552023,
        0.018731220233535028,
        0.00989638304822995,
        0.0050051078727850855,
        0.0027211086997800745,
        0.003505730125900371
    ],
    "bin-edges": [
        1000,
        1500,
        2000,
        2250,
        2500,
        2750,
        3000,
        3250,
        3500,
        1000000000
    ]
}