{
    "data": [
        4.47573331690796,
        0.6057649487910612,
        0.07980160381502077,
        0.037913200329021686,
        0.018875594071422242,
        0.009439415005346622,
        0.005088011191957574,
        0.0027821950542865903,
        0.003497374908042406
    ],
    "SM": [
        4.5145069415441865,
        0.6045635325241778,
        0.08186269816744852,
        0.03815641672552023,
        0.018731220233535028,
        0.00989638304822995,
        0.0050051078727850855,
        0.0027211086997800745,
        0.003505730125900371
    ],
    "bin-edges": [
        1000,
        1500,
        2000,
        2250,
        2500,
        2750,
        3000,
        3250,
        3500,
        1000000000
    ]
}