{
    "data": [
        4.372010722011057,
        0.5754058742314749,
        0.07359521879601234,
        0.03527073693093026,
        0.016512887818790584,
        0.008344714848803279,
        0.00415145312026702,
        0.00223359970508533,
        0.003259103782649417
    ],
    "SM": [
        4.5145069415441865,
        0.6045635325241778,
        0.08186269816744852,
        0.03815641672552023,
        0.018731220233535028,
        0.00989638304822995,
        0.0050051078727850855,
        0.0027211086997800745,
        0.003505730125900371
    ],
    "bin-edges": [
        1000,
        1500,
        2000,
        2250,
        2500,
        2750,
        3000,
        3250,
        3500,
        1000000000
    ]
}