{
    "data": [
        80.89362256012967,
        14.901378983204777,
        3.7861232500156485,
        1.2567553992494065,
        0.4755396787715118,
        0.19285010203735153,
        0.08735663905686894,
        0.04033211038715279,
        0.019471052821038903,
        0.009567206397175988,
        0.0049160180661248195,
        0.0026860292268295724,
        0.0037351895082721287
    ],
    "SM": [
        83.0363615275492,
        15.113109394957803,
        4.041701949411257,
        1.2982441016659283,
        0.49939366162194354,
        0.21034611614839588,
        0.09576057909099175,
        0.04472517798210099,
        0.021546563578200274,
        0.011733459354599905,
        0.006052402715699887,
        0.003264810401099951,
        0.004015564002599662
    ],
    "bin-edges": [
        500,
        750,
        1000,
        1250,
        1500,
        1750,
        2000,
        2250,
        2500,
        2750,
        3000,
        3250,
        3500,
        1000000000
    ]
}