{
    "data": [
        61.070520263916485,
        2.2575014215503337,
        0.9152509834423712,
        0.4139339154779966,
        0.20275495588925205,
        0.10715732807157595,
        0.06594101164161914,
        0.031411836738303965,
        0.016117731869376196,
        0.008597877934794204,
        0.0045664938945620005,
        0.002583900233203998,
        0.003430004079813978
    ],
    "SM": [
        60.25916124504478,
        2.2422684993115873,
        0.9203466855058059,
        0.4090608838488947,
        0.19888226515431023,
        0.10491646516404689,
        0.06563602518633181,
        0.03108287299032102,
        0.016139894791585317,
        0.008328116660264505,
        0.0045723480661745254,
        0.0025369031905349195,
        0.0033979989188504087
    ],
    "bin-edges": [
        500,
        1000,
        1200,
        1400,
        1600,
        1800,
        2000,
        2250,
        2500,
        2750,
        3000,
        3250,
        3500,
        1000000000
    ]
}