{
    "data": [
        59.992642426014896,
        2.204192014616894,
        0.8808872393732909,
        0.39767209549220855,
        0.18905153032267444,
        0.09649167470636799,
        0.05948358882428265,
        0.02812320053144137,
        0.013635243617468578,
        0.007022086071721093,
        0.003621072399278549,
        0.001974240963795777,
        0.002398518978217141
    ],
    "SM": [
        60.25916124504478,
        2.2422684993115873,
        0.9203466855058059,
        0.4090608838488947,
        0.19888226515431023,
        0.10491646516404689,
        0.06563602518633181,
        0.03108287299032102,
        0.016139894791585317,
        0.008328116660264505,
        0.0045723480661745254,
        0.0025369031905349195,
        0.0033979989188504087
    ],
    "bin-edges": [
        500,
        1000,
        1200,
        1400,
        1600,
        1800,
        2000,
        2250,
        2500,
        2750,
        3000,
        3250,
        3500,
        1000000000
    ]
}