{
    "data": [
        46.50093310759436,
        7.239482646897263,
        6.126164057919342,
        2.1796725890597175,
        0.8900153511362024,
        0.3942796621359066,
        0.18674885024189763,
        0.09637025687241844,
        0.05921542301247398,
        0.02713740258636601,
        0.013332521765874798,
        0.007034906953383296,
        0.0035477769898321037,
        0.0018028155514229988,
        0.003933131943147843
    ],
    "SM": [
        46.6384177627363,
        7.36751656452855,
        6.253226917780813,
        2.2422684993115873,
        0.9203466855058059,
        0.4090608838488947,
        0.19888226515431023,
        0.10491646516404689,
        0.06563602518633181,
        0.03108287299032102,
        0.016139894791585317,
        0.008328116660264505,
        0.0045723480661745254,
        0.0025369031905349195,
        0.0033979989188504087
    ],
    "bin-edges": [
        500,
        700,
        800,
        1000,
        1200,
        1400,
        1600,
        1800,
        2000,
        2250,
        2500,
        2750,
        3000,
        3250,
        3500,
        1000000000
    ]
}