{
    "data": [
        34.06302633022696,
        6.835011692597376,
        1.9424435187389388,
        0.6579284867865656,
        0.24868246347842138,
        0.10298592688453413,
        0.04455112940548513,
        0.02089618563391906,
        0.0106482155880795,
        0.006485992716305258,
        0.005309863231767745,
        0.006239897791122497,
        0.32301415985574083
    ],
    "SM": [
        34.56364936589915,
        7.088210872585725,
        2.061399673244676,
        0.727174056910506,
        0.28785291505946387,
        0.12496182803960505,
        0.05966555133154265,
        0.028442229012138796,
        0.015114616666590275,
        0.007961931094105439,
        0.004312491630738567,
        0.002421457163248142,
        0.003287051221145139
    ],
    "bin-edges": [
        500,
        750,
        1000,
        1250,
        1500,
        1750,
        2000,
        2250,
        2500,
        2750,
        3000,
        3250,
        3500,
        1000000
    ]
}