{
    "data": [
        46.38421048993715,
        6.950450920235977,
        6.075086017500961,
        2.1159887545391514,
        0.8439920710600952,
        0.3691808016927629,
        0.1760022474507083,
        0.08778582751943702,
        0.052328218183063366,
        0.023938071578657228,
        0.011281898611520368,
        0.005884495770295602,
        0.002898401917610147,
        0.0015413918511277493,
        0.0032737710237513446
    ],
    "SM": [
        46.6384177627363,
        7.36751656452855,
        6.253226917780813,
        2.2422684993115873,
        0.9203466855058059,
        0.4090608838488947,
        0.19888226515431023,
        0.10491646516404689,
        0.06563602518633181,
        0.03108287299032102,
        0.016139894791585317,
        0.008328116660264505,
        0.0045723480661745254,
        0.0025369031905349195,
        0.0033979989188504087
    ],
    "bin-edges": [
        500,
        700,
        800,
        1000,
        1200,
        1400,
        1600,
        1800,
        2000,
        2250,
        2500,
        2750,
        3000,
        3250,
        3500,
        1000000000
    ]
}