{
    "data": [
        46.60870879049305,
        7.267073721286651,
        6.160144172528907,
        2.198246320455102,
        0.9009178084474694,
        0.4007828887669314,
        0.19071486701995455,
        0.09896656110360698,
        0.06127806639987743,
        0.028332812301683132,
        0.014069860133218443,
        0.007497620365130924,
        0.003831452271570041,
        0.0019797179298668512,
        0.003591518962443481
    ],
    "SM": [
        46.6384177627363,
        7.36751656452855,
        6.253226917780813,
        2.2422684993115873,
        0.9203466855058059,
        0.4090608838488947,
        0.19888226515431023,
        0.10491646516404689,
        0.06563602518633181,
        0.03108287299032102,
        0.016139894791585317,
        0.008328116660264505,
        0.0045723480661745254,
        0.0025369031905349195,
        0.0033979989188504087
    ],
    "bin-edges": [
        500,
        700,
        800,
        1000,
        1200,
        1400,
        1600,
        1800,
        2000,
        2250,
        2500,
        2750,
        3000,
        3250,
        3500,
        1000000000
    ]
}