{
    "data": [
        46.79107948195337,
        7.0955299668272165,
        6.281874111228968,
        2.2635689338462766,
        0.9145101580562492,
        0.4146993426790784,
        0.19670617661762677,
        0.10491004848756615,
        0.06586824590191528,
        0.031466373205490235,
        0.016192708538373488,
        0.00854540810009203,
        0.004714672352212637,
        0.00251953572312574,
        0.003618432499329513
    ],
    "SM": [
        46.6384177627363,
        7.36751656452855,
        6.253226917780813,
        2.2422684993115873,
        0.9203466855058059,
        0.4090608838488947,
        0.19888226515431023,
        0.10491646516404689,
        0.06563602518633181,
        0.03108287299032102,
        0.016139894791585317,
        0.008328116660264505,
        0.0045723480661745254,
        0.0025369031905349195,
        0.0033979989188504087
    ],
    "bin-edges": [
        500,
        700,
        800,
        1000,
        1200,
        1400,
        1600,
        1800,
        2000,
        2250,
        2500,
        2750,
        3000,
        3250,
        3500,
        1000000000
    ]
}