{
    "data": [
        47.11084509205343,
        7.124537775869965,
        6.300485041671124,
        2.2417750995939514,
        0.9150682652205652,
        0.41171734868532806,
        0.202597664582661,
        0.10514122958451246,
        0.06532808780167354,
        0.03159544046084278,
        0.015923322498728035,
        0.008660465988749434,
        0.004547859361522173,
        0.0025142195307256755,
        0.0033331488709171042
    ],
    "SM": [
        46.6384177627363,
        7.36751656452855,
        6.253226917780813,
        2.2422684993115873,
        0.9203466855058059,
        0.4090608838488947,
        0.19888226515431023,
        0.10491646516404689,
        0.06563602518633181,
        0.03108287299032102,
        0.016139894791585317,
        0.008328116660264505,
        0.0045723480661745254,
        0.0025369031905349195,
        0.0033979989188504087
    ],
    "bin-edges": [
        500,
        700,
        800,
        1000,
        1200,
        1400,
        1600,
        1800,
        2000,
        2250,
        2500,
        2750,
        3000,
        3250,
        3500,
        1000000000
    ]
}