{
    "data": [
        1216.367707153919,
        258.52340437339126,
        77.87131686046041,
        32.1184498567828,
        14.749538683262077,
        7.238200202595735,
        3.961558949417919,
        2.2576291130438895,
        1.3487533766902067,
        0.855361586772064,
        0.5459109309670505,
        0.3567224140129232,
        0.23985076977289885,
        0.16315558121106938,
        0.11362628757568456,
        0.08090687562223106,
        0.054974101284578004,
        0.040929234294199535,
        0.052792885058719013,
        0.029091226008262392,
        0.016503028517472228,
        0.009436997425182793,
        0.00553415709054421,
        0.006098431871945931,
        0.002644085599016146
    ],
    "SM": [
        1503.009761992703,
        256.10375633877396,
        84.40629214423133,
        32.5976823051051,
        14.717942799174036,
        7.171908016124162,
        4.033531768911663,
        2.2520318562571724,
        1.3945232846275775,
        0.868087675981476,
        0.5534863302602925,
        0.36552878401011335,
        0.24184986552848142,
        0.16792994847237047,
        0.11898416189489563,
        0.08360600864192513,
        0.05926880395710149,
        0.04372599936598046,
        0.056300693246619814,
        0.030737812916820574,
        0.01845190772276544,
        0.010641419082607873,
        0.006222948611078697,
        0.007208178872970599,
        0.0034027064619119684
    ],
    "bin-edges": [
        200,
        300,
        400,
        500,
        600,
        700,
        800,
        900,
        1000,
        1100,
        1200,
        1300,
        1400,
        1500,
        1600,
        1700,
        1800,
        1900,
        2000,
        2200,
        2400,
        2600,
        2800,
        3000,
        3500,
        1000000000
    ]
}