{
    "data": [
        60.52314332004125,
        2.158315099793727,
        0.8613420013973265,
        0.3842844601099109,
        0.18206503719898828,
        0.08964302493499297,
        0.054382939788666866,
        0.025147084280744223,
        0.011998085229932362,
        0.00616239550575568,
        0.003879418325937181,
        0.004201988428331659,
        0.22494374251827629
    ],
    "SM": [
        60.25916124504478,
        2.2422684993115873,
        0.9203466855058059,
        0.4090608838488947,
        0.19888226515431023,
        0.10491646516404689,
        0.06563602518633181,
        0.03108287299032102,
        0.016139894791585317,
        0.008328116660264505,
        0.0045723480661745254,
        0.0025369031905349195,
        0.0033979989188504087
    ],
    "bin-edges": [
        500,
        1000,
        1200,
        1400,
        1600,
        1800,
        2000,
        2250,
        2500,
        2750,
        3000,
        3250,
        3500,
        1000000000
    ]
}