{
    "data": [
        60.202242654392506,
        2.246112228717609,
        0.9205072516405058,
        0.41076674516073025,
        0.20045165669430812,
        0.10150630153380232,
        0.06553497249635003,
        0.03126212143665652,
        0.016138784496627975,
        0.008418795247359641,
        0.004568148231323003,
        0.0024979959103388844,
        0.0034449166032698856
    ],
    "SM": [
        60.25916124504478,
        2.2422684993115873,
        0.9203466855058059,
        0.4090608838488947,
        0.19888226515431023,
        0.10491646516404689,
        0.06563602518633181,
        0.03108287299032102,
        0.016139894791585317,
        0.008328116660264505,
        0.0045723480661745254,
        0.0025369031905349195,
        0.0033979989188504087
    ],
    "bin-edges": [
        500,
        1000,
        1200,
        1400,
        1600,
        1800,
        2000,
        2250,
        2500,
        2750,
        3000,
        3250,
        3500,
        1000000000
    ]
}