{
    "data": [
        46.84802913562563,
        7.288579390433064,
        6.286483059157851,
        2.230970097426815,
        0.8928472154129365,
        0.4038158165370978,
        0.19768767932861023,
        0.10166840108245614,
        0.06222816729914739,
        0.030705284234774935,
        0.015048763764447484,
        0.007845091309758339,
        0.004092807351035012,
        0.0021980137623951535,
        0.016060317824405868
    ],
    "SM": [
        46.6384177627363,
        7.36751656452855,
        6.253226917780813,
        2.2422684993115873,
        0.9203466855058059,
        0.4090608838488947,
        0.19888226515431023,
        0.10491646516404689,
        0.06563602518633181,
        0.03108287299032102,
        0.016139894791585317,
        0.008328116660264505,
        0.0045723480661745254,
        0.0025369031905349195,
        0.0033979989188504087
    ],
    "bin-edges": [
        500,
        700,
        800,
        1000,
        1200,
        1400,
        1600,
        1800,
        2000,
        2250,
        2500,
        2750,
        3000,
        3250,
        3500,
        1000000000
    ]
}