{
    "data": [
        60.17665530222452,
        2.1748956778693156,
        0.8827665390046838,
        0.3919498150297133,
        0.18944122602677502,
        0.09545116447388272,
        0.058897273171832486,
        0.027456420573121965,
        0.013617216260978131,
        0.006799167368150472,
        0.0034460748439309567,
        0.0018562266004839736,
        0.010048929671596379
    ],
    "SM": [
        60.25916124504478,
        2.2422684993115873,
        0.9203466855058059,
        0.4090608838488947,
        0.19888226515431023,
        0.10491646516404689,
        0.06563602518633181,
        0.03108287299032102,
        0.016139894791585317,
        0.008328116660264505,
        0.0045723480661745254,
        0.0025369031905349195,
        0.0033979989188504087
    ],
    "bin-edges": [
        500,
        1000,
        1200,
        1400,
        1600,
        1800,
        2000,
        2250,
        2500,
        2750,
        3000,
        3250,
        3500,
        1000000000
    ]
}