{
    "data": [
        1309.6510824442312,
        258.6796567882794,
        80.15153543706664,
        32.85372057637992,
        14.7712475021446,
        7.2150471818852555,
        3.9971423948953384,
        2.2273135965149,
        1.3681523280672319,
        0.8287105462146606,
        0.5383269541916819,
        0.35129955276622876,
        0.23492271159313843,
        0.1616053595106861,
        0.11275763957889487,
        0.07947519820828908,
        0.05692527546101947,
        0.03997692023645958,
        0.052124405039454744,
        0.028063941630144272,
        0.01589766035250566,
        0.00931568336638689,
        0.005404480292982549,
        0.005866174319279903,
        0.0025164268356005458
    ],
    "SM": [
        1503.009761992703,
        256.10375633877396,
        84.40629214423133,
        32.5976823051051,
        14.717942799174036,
        7.171908016124162,
        4.033531768911663,
        2.2520318562571724,
        1.3945232846275775,
        0.868087675981476,
        0.5534863302602925,
        0.36552878401011335,
        0.24184986552848142,
        0.16792994847237047,
        0.11898416189489563,
        0.08360600864192513,
        0.05926880395710149,
        0.04372599936598046,
        0.056300693246619814,
        0.030737812916820574,
        0.01845190772276544,
        0.010641419082607873,
        0.006222948611078697,
        0.007208178872970599,
        0.0034027064619119684
    ],
    "bin-edges": [
        200,
        300,
        400,
        500,
        600,
        700,
        800,
        900,
        1000,
        1100,
        1200,
        1300,
        1400,
        1500,
        1600,
        1700,
        1800,
        1900,
        2000,
        2200,
        2400,
        2600,
        2800,
        3000,
        3500,
        1000000000
    ]
}