{
    "data": [
        46.70602185450359,
        7.027255329592006,
        6.1741169942731275,
        2.1708377070540577,
        0.8746853570519321,
        0.38733577412013703,
        0.1871883271598953,
        0.09496083936115543,
        0.0575677111761529,
        0.02691441829281875,
        0.013001843971377384,
        0.0068447475903414415,
        0.0034148984509143995,
        0.0018031790650649478,
        0.002599960846075499
    ],
    "SM": [
        46.6384177627363,
        7.36751656452855,
        6.253226917780813,
        2.2422684993115873,
        0.9203466855058059,
        0.4090608838488947,
        0.19888226515431023,
        0.10491646516404689,
        0.06563602518633181,
        0.03108287299032102,
        0.016139894791585317,
        0.008328116660264505,
        0.0045723480661745254,
        0.0025369031905349195,
        0.0033979989188504087
    ],
    "bin-edges": [
        500,
        700,
        800,
        1000,
        1200,
        1400,
        1600,
        1800,
        2000,
        2250,
        2500,
        2750,
        3000,
        3250,
        3500,
        1000000000
    ]
}