{
    "data": [
        34.26599428980669,
        6.922527500910564,
        2.0064643422936044,
        0.6122903385790068,
        0.27293380254129473,
        0.1078385783624418,
        0.05083376352002358,
        0.021707816888408338,
        0.011723445816733333,
        0.006292161287166667,
        0.0029780015937499985,
        0.001623057534861249,
        0.05144897905129283
    ],
    "SM": [
        34.56364936589915,
        7.088210872585725,
        2.061399673244676,
        0.727174056910506,
        0.28785291505946387,
        0.12496182803960505,
        0.05966555133154265,
        0.028442229012138796,
        0.015114616666590275,
        0.007961931094105439,
        0.004312491630738567,
        0.002421457163248142,
        0.003287051221145139
    ],
    "bin-edges": [
        500,
        750,
        1000,
        1250,
        1500,
        1750,
        2000,
        2250,
        2500,
        2750,
        3000,
        3250,
        3500,
        1000000
    ]
}