{
    "data": [
        59.38722807302876,
        2.1594004977971175,
        0.8730030663522709,
        0.38558205728889733,
        0.18530041944408462,
        0.09486423524010489,
        0.057036151721941,
        0.027275184743152353,
        0.013155346299275358,
        0.006654532026019626,
        0.0034079235797652044,
        0.0017950448993746997,
        0.002634876635575662
    ],
    "SM": [
        60.25916124504478,
        2.2422684993115873,
        0.9203466855058059,
        0.4090608838488947,
        0.19888226515431023,
        0.10491646516404689,
        0.06563602518633181,
        0.03108287299032102,
        0.016139894791585317,
        0.008328116660264505,
        0.0045723480661745254,
        0.0025369031905349195,
        0.0033979989188504087
    ],
    "bin-edges": [
        500,
        1000,
        1200,
        1400,
        1600,
        1800,
        2000,
        2250,
        2500,
        2750,
        3000,
        3250,
        3500,
        1000000000
    ]
}