{
    "data": [
        47.084631903689775,
        7.291220025365537,
        6.299928931598786,
        2.1961710252282995,
        0.9105234583465727,
        0.40689432203513315,
        0.19867355146022928,
        0.10284826507648721,
        0.06254188109388395,
        0.031192813182641197,
        0.015346958041840924,
        0.008024901578650434,
        0.0042290463077997486,
        0.0023046490704699257,
        0.002944797055280483
    ],
    "SM": [
        46.6384177627363,
        7.36751656452855,
        6.253226917780813,
        2.2422684993115873,
        0.9203466855058059,
        0.4090608838488947,
        0.19888226515431023,
        0.10491646516404689,
        0.06563602518633181,
        0.03108287299032102,
        0.016139894791585317,
        0.008328116660264505,
        0.0045723480661745254,
        0.0025369031905349195,
        0.0033979989188504087
    ],
    "bin-edges": [
        500,
        700,
        800,
        1000,
        1200,
        1400,
        1600,
        1800,
        2000,
        2250,
        2500,
        2750,
        3000,
        3250,
        3500,
        1000000000
    ]
}