{
    "data": [
        44.23110181703978,
        6.521988839501619,
        5.381345586099861,
        1.7750856721025163,
        0.6620829574623597,
        0.26834289809748474,
        0.12225218563595977,
        0.06586218824026502,
        0.049947982916054984,
        0.03896810152605143,
        0.036234112790614975,
        0.04994015663058506,
        0.06122636922847505,
        0.10310754870739998,
        1.2219398666937102
    ],
    "SM": [
        46.6384177627363,
        7.36751656452855,
        6.253226917780813,
        2.2422684993115873,
        0.9203466855058059,
        0.4090608838488947,
        0.19888226515431023,
        0.10491646516404689,
        0.06563602518633181,
        0.03108287299032102,
        0.016139894791585317,
        0.008328116660264505,
        0.0045723480661745254,
        0.0025369031905349195,
        0.0033979989188504087
    ],
    "bin-edges": [
        500,
        700,
        800,
        1000,
        1200,
        1400,
        1600,
        1800,
        2000,
        2250,
        2500,
        2750,
        3000,
        3250,
        3500,
        1000000000
    ]
}