{
    "data": [
        33.8153275001661,
        6.724569340816122,
        1.889005333997902,
        0.6314249597987138,
        0.23416162643181104,
        0.0949835560907578,
        0.04038072943292159,
        0.019680180113511758,
        0.010883318433313516,
        0.007909054075599994,
        0.008250632867924991,
        0.011696546116442509,
        0.4559831588534098
    ],
    "SM": [
        34.56364936589915,
        7.088210872585725,
        2.061399673244676,
        0.727174056910506,
        0.28785291505946387,
        0.12496182803960505,
        0.05966555133154265,
        0.028442229012138796,
        0.015114616666590275,
        0.007961931094105439,
        0.004312491630738567,
        0.002421457163248142,
        0.003287051221145139
    ],
    "bin-edges": [
        500,
        750,
        1000,
        1250,
        1500,
        1750,
        2000,
        2250,
        2500,
        2750,
        3000,
        3250,
        3500,
        1000000
    ]
}