{
    "data": [
        56.711210694901006,
        1.7797707416559492,
        0.6561338681638123,
        0.27552815691886895,
        0.12415736456413193,
        0.06355759337206787,
        0.04955119167282619,
        0.040977488886204026,
        0.03846357573763,
        0.04252305089079277,
        0.0603401779759571,
        0.10077241937043406,
        1.2273478799040616
    ],
    "SM": [
        60.25916124504478,
        2.2422684993115873,
        0.9203466855058059,
        0.4090608838488947,
        0.19888226515431023,
        0.10491646516404689,
        0.06563602518633181,
        0.03108287299032102,
        0.016139894791585317,
        0.008328116660264505,
        0.0045723480661745254,
        0.0025369031905349195,
        0.0033979989188504087
    ],
    "bin-edges": [
        500,
        1000,
        1200,
        1400,
        1600,
        1800,
        2000,
        2250,
        2500,
        2750,
        3000,
        3250,
        3500,
        1000000000
    ]
}