{
    "data": [
        60.09154678285736,
        2.1113965027524904,
        0.8338491747460502,
        0.36790751048814435,
        0.1716417275059166,
        0.08308466741117805,
        0.04961981021288087,
        0.02251571522780458,
        0.011073558299626588,
        0.006224150882118457,
        0.005159763521714577,
        0.0077354916470353885,
        0.3457795447864482
    ],
    "SM": [
        60.25916124504478,
        2.2422684993115873,
        0.9203466855058059,
        0.4090608838488947,
        0.19888226515431023,
        0.10491646516404689,
        0.06563602518633181,
        0.03108287299032102,
        0.016139894791585317,
        0.008328116660264505,
        0.0045723480661745254,
        0.0025369031905349195,
        0.0033979989188504087
    ],
    "bin-edges": [
        500,
        1000,
        1200,
        1400,
        1600,
        1800,
        2000,
        2250,
        2500,
        2750,
        3000,
        3250,
        3500,
        1000000000
    ]
}