{
    "data": [
        58.199621938840245,
        2.0833478710477698,
        0.8049616215789434,
        0.3492654789048535,
        0.16356435720208123,
        0.07695368623834835,
        0.046141305457793574,
        0.020748107026109602,
        0.009968231461480395,
        0.0051986615850428,
        0.003343662008484397,
        0.002633982754855999,
        0.12194413864385216
    ],
    "SM": [
        60.25916124504478,
        2.2422684993115873,
        0.9203466855058059,
        0.4090608838488947,
        0.19888226515431023,
        0.10491646516404689,
        0.06563602518633181,
        0.03108287299032102,
        0.016139894791585317,
        0.008328116660264505,
        0.0045723480661745254,
        0.0025369031905349195,
        0.0033979989188504087
    ],
    "bin-edges": [
        500,
        1000,
        1200,
        1400,
        1600,
        1800,
        2000,
        2250,
        2500,
        2750,
        3000,
        3250,
        3500,
        1000000000
    ]
}