{
    "data": [
        58.62845829578898,
        2.0119596841230227,
        0.790980258740368,
        0.33878824228404336,
        0.1570809306771163,
        0.07552292290528607,
        0.04427182339983576,
        0.01993081441433119,
        0.0097017852973578,
        0.0051458133788936,
        0.0030964682350480004,
        0.0022672464478682,
        0.040682832538444826
    ],
    "SM": [
        60.25916124504478,
        2.2422684993115873,
        0.9203466855058059,
        0.4090608838488947,
        0.19888226515431023,
        0.10491646516404689,
        0.06563602518633181,
        0.03108287299032102,
        0.016139894791585317,
        0.008328116660264505,
        0.0045723480661745254,
        0.0025369031905349195,
        0.0033979989188504087
    ],
    "bin-edges": [
        500,
        1000,
        1200,
        1400,
        1600,
        1800,
        2000,
        2250,
        2500,
        2750,
        3000,
        3250,
        3500,
        1000000000
    ]
}