{
    "data": [
        1220.9512457835249,
        256.2330771546882,
        78.04012509383482,
        31.762369275403127,
        14.925704069251616,
        7.24152994978949,
        3.978557876584622,
        2.3214178020669665,
        1.382285537694374,
        0.8520006973058784,
        0.5507987176200673,
        0.36122889999452723,
        0.2397125978934234,
        0.17063279551858737,
        0.11507485553904695,
        0.0828446274400695,
        0.05799605532648312,
        0.04245662690023553,
        0.05430405155876161,
        0.030866896163001978,
        0.017774652908010884,
        0.01058596165810597,
        0.005243107842602044,
        0.006796037550104485,
        0.03550585436430997
    ],
    "SM": [
        1503.009761992703,
        256.10375633877396,
        84.40629214423133,
        32.5976823051051,
        14.717942799174036,
        7.171908016124162,
        4.033531768911663,
        2.2520318562571724,
        1.3945232846275775,
        0.868087675981476,
        0.5534863302602925,
        0.36552878401011335,
        0.24184986552848142,
        0.16792994847237047,
        0.11898416189489563,
        0.08360600864192513,
        0.05926880395710149,
        0.04372599936598046,
        0.056300693246619814,
        0.030737812916820574,
        0.01845190772276544,
        0.010641419082607873,
        0.006222948611078697,
        0.007208178872970599,
        0.0034027064619119684
    ],
    "bin-edges": [
        200,
        300,
        400,
        500,
        600,
        700,
        800,
        900,
        1000,
        1100,
        1200,
        1300,
        1400,
        1500,
        1600,
        1700,
        1800,
        1900,
        2000,
        2200,
        2400,
        2600,
        2800,
        3000,
        3500,
        1000000000
    ]
}