{
    "data": [
        34.09875649159709,
        6.829471548963021,
        1.935080743074856,
        0.6599876276219747,
        0.2509613406986829,
        0.10572808810236298,
        0.047062836107860884,
        0.0218665941379287,
        0.010223440489893492,
        0.004955317879442006,
        0.0026508624825805002,
        0.0014911378031130015,
        0.020138806312560882
    ],
    "SM": [
        34.56364936589915,
        7.088210872585725,
        2.061399673244676,
        0.727174056910506,
        0.28785291505946387,
        0.12496182803960505,
        0.05966555133154265,
        0.028442229012138796,
        0.015114616666590275,
        0.007961931094105439,
        0.004312491630738567,
        0.002421457163248142,
        0.003287051221145139
    ],
    "bin-edges": [
        500,
        750,
        1000,
        1250,
        1500,
        1750,
        2000,
        2250,
        2500,
        2750,
        3000,
        3250,
        3500,
        1000000
    ]
}