{
    "data": [
        47.38276131679433,
        7.21814539742676,
        6.475840910935742,
        2.240920494665307,
        0.916555778113566,
        0.41622132118559596,
        0.20068891567850208,
        0.10488734859775731,
        0.06463773981955473,
        0.03201777999092447,
        0.01634861196920709,
        0.00859433006864948,
        0.004615568018624515,
        0.0025277163882257334,
        0.0034240877651096654
    ],
    "SM": [
        46.6384177627363,
        7.36751656452855,
        6.253226917780813,
        2.2422684993115873,
        0.9203466855058059,
        0.4090608838488947,
        0.19888226515431023,
        0.10491646516404689,
        0.06563602518633181,
        0.03108287299032102,
        0.016139894791585317,
        0.008328116660264505,
        0.0045723480661745254,
        0.0025369031905349195,
        0.0033979989188504087
    ],
    "bin-edges": [
        500,
        700,
        800,
        1000,
        1200,
        1400,
        1600,
        1800,
        2000,
        2250,
        2500,
        2750,
        3000,
        3250,
        3500,
        1000000000
    ]
}