{
    "data": [
        35.021830303473486,
        6.919425055391856,
        2.0246379754592474,
        0.7087304239326468,
        0.2789504478806406,
        0.11991462623187343,
        0.05549305613875923,
        0.027202164609749484,
        0.013433565512499409,
        0.007165328780000115,
        0.003834042865625361,
        0.0020226042622500827,
        0.002655090879374902
    ],
    "SM": [
        34.56364936589915,
        7.088210872585725,
        2.061399673244676,
        0.727174056910506,
        0.28785291505946387,
        0.12496182803960505,
        0.05966555133154265,
        0.028442229012138796,
        0.015114616666590275,
        0.007961931094105439,
        0.004312491630738567,
        0.002421457163248142,
        0.003287051221145139
    ],
    "bin-edges": [
        500,
        750,
        1000,
        1250,
        1500,
        1750,
        2000,
        2250,
        2500,
        2750,
        3000,
        3250,
        3500,
        1000000
    ]
}