{
    "data": [
        46.376602124490134,
        7.088764789251132,
        6.024215166215043,
        2.111664397963399,
        0.8393986732987235,
        0.3628818686900342,
        0.16977689874385907,
        0.0851710565517808,
        0.05035702740187589,
        0.022071539062584702,
        0.010895694674169051,
        0.006160873718579909,
        0.005321080480330184,
        0.008116052071832651,
        0.34589923666565664
    ],
    "SM": [
        46.6384177627363,
        7.36751656452855,
        6.253226917780813,
        2.2422684993115873,
        0.9203466855058059,
        0.4090608838488947,
        0.19888226515431023,
        0.10491646516404689,
        0.06563602518633181,
        0.03108287299032102,
        0.016139894791585317,
        0.008328116660264505,
        0.0045723480661745254,
        0.0025369031905349195,
        0.0033979989188504087
    ],
    "bin-edges": [
        500,
        700,
        800,
        1000,
        1200,
        1400,
        1600,
        1800,
        2000,
        2250,
        2500,
        2750,
        3000,
        3250,
        3500,
        1000000000
    ]
}