{
    "data": [
        59.75071968508067,
        2.1992900960178305,
        0.8961740903419039,
        0.3993652538801293,
        0.1940984277040537,
        0.10051082894662669,
        0.061340510729973194,
        0.029878109359861852,
        0.014733139216935722,
        0.00765414326035814,
        0.0040151350827509385,
        0.0021611829062219857,
        0.002828366620529054
    ],
    "SM": [
        60.25916124504478,
        2.2422684993115873,
        0.9203466855058059,
        0.4090608838488947,
        0.19888226515431023,
        0.10491646516404689,
        0.06563602518633181,
        0.03108287299032102,
        0.016139894791585317,
        0.008328116660264505,
        0.0045723480661745254,
        0.0025369031905349195,
        0.0033979989188504087
    ],
    "bin-edges": [
        500,
        1000,
        1200,
        1400,
        1600,
        1800,
        2000,
        2250,
        2500,
        2750,
        3000,
        3250,
        3500,
        1000000000
    ]
}