{
    "data": [
        46.939463058848354,
        7.0832648474806925,
        6.246749502531869,
        2.2114866299939107,
        0.8977373550302399,
        0.40119096323472475,
        0.1958969226371728,
        0.10067843335345607,
        0.06188782939375267,
        0.029489569161875496,
        0.014586068393392004,
        0.007811217631098206,
        0.004004115314124278,
        0.0021625583072781823,
        0.0028083603104555495
    ],
    "SM": [
        46.6384177627363,
        7.36751656452855,
        6.253226917780813,
        2.2422684993115873,
        0.9203466855058059,
        0.4090608838488947,
        0.19888226515431023,
        0.10491646516404689,
        0.06563602518633181,
        0.03108287299032102,
        0.016139894791585317,
        0.008328116660264505,
        0.0045723480661745254,
        0.0025369031905349195,
        0.0033979989188504087
    ],
    "bin-edges": [
        500,
        700,
        800,
        1000,
        1200,
        1400,
        1600,
        1800,
        2000,
        2250,
        2500,
        2750,
        3000,
        3250,
        3500,
        1000000000
    ]
}