{
    "data": [
        47.288451201294215,
        7.19451281146855,
        6.446093493525488,
        2.2247124634243933,
        0.9071813049265123,
        0.4103355156426845,
        0.1970551257566325,
        0.10256509142846158,
        0.06277836802357198,
        0.030864121276920474,
        0.015586146044703188,
        0.00812053619335201,
        0.004298530533484004,
        0.002324788597443304,
        0.003027950867073985
    ],
    "SM": [
        46.6384177627363,
        7.36751656452855,
        6.253226917780813,
        2.2422684993115873,
        0.9203466855058059,
        0.4090608838488947,
        0.19888226515431023,
        0.10491646516404689,
        0.06563602518633181,
        0.03108287299032102,
        0.016139894791585317,
        0.008328116660264505,
        0.0045723480661745254,
        0.0025369031905349195,
        0.0033979989188504087
    ],
    "bin-edges": [
        500,
        700,
        800,
        1000,
        1200,
        1400,
        1600,
        1800,
        2000,
        2250,
        2500,
        2750,
        3000,
        3250,
        3500,
        1000000000
    ]
}