{
    "data": [
        47.127323768884786,
        7.302648580804701,
        6.313634508484381,
        2.20360426169639,
        0.9148624130736243,
        0.4095351333219968,
        0.200320472400455,
        0.10396655503936945,
        0.06340034986980987,
        0.031726444384309015,
        0.015667274810169537,
        0.00823460834603201,
        0.004361574400832003,
        0.0023905732085887977,
        0.0031089047576460314
    ],
    "SM": [
        46.6384177627363,
        7.36751656452855,
        6.253226917780813,
        2.2422684993115873,
        0.9203466855058059,
        0.4090608838488947,
        0.19888226515431023,
        0.10491646516404689,
        0.06563602518633181,
        0.03108287299032102,
        0.016139894791585317,
        0.008328116660264505,
        0.0045723480661745254,
        0.0025369031905349195,
        0.0033979989188504087
    ],
    "bin-edges": [
        500,
        700,
        800,
        1000,
        1200,
        1400,
        1600,
        1800,
        2000,
        2250,
        2500,
        2750,
        3000,
        3250,
        3500,
        1000000000
    ]
}