{
    "data": [
        56.94209898121382,
        1.9547133283894036,
        0.7352905851326812,
        0.31121798597893024,
        0.1419467151931504,
        0.06574410872168,
        0.03983698123075142,
        0.01952660420033222,
        0.011509797522290402,
        0.008363202239667992,
        0.008047202862448196,
        0.008000317550588203,
        0.220694564465945
    ],
    "SM": [
        60.25916124504478,
        2.2422684993115873,
        0.9203466855058059,
        0.4090608838488947,
        0.19888226515431023,
        0.10491646516404689,
        0.06563602518633181,
        0.03108287299032102,
        0.016139894791585317,
        0.008328116660264505,
        0.0045723480661745254,
        0.0025369031905349195,
        0.0033979989188504087
    ],
    "bin-edges": [
        500,
        1000,
        1200,
        1400,
        1600,
        1800,
        2000,
        2250,
        2500,
        2750,
        3000,
        3250,
        3500,
        1000000000
    ]
}