{
    "data": [
        34.7713224069435,
        7.204321040314818,
        2.0492888387016186,
        0.7125898759762502,
        0.2872599619167024,
        0.1251726409769751,
        0.058311475192925,
        0.028558614935049926,
        0.014631032509199985,
        0.007776077680974973,
        0.004197395642225,
        0.0023192931285999957,
        0.003048695496826091
    ],
    "SM": [
        34.56364936589915,
        7.088210872585725,
        2.061399673244676,
        0.727174056910506,
        0.28785291505946387,
        0.12496182803960505,
        0.05966555133154265,
        0.028442229012138796,
        0.015114616666590275,
        0.007961931094105439,
        0.004312491630738567,
        0.002421457163248142,
        0.003287051221145139
    ],
    "bin-edges": [
        500,
        750,
        1000,
        1250,
        1500,
        1750,
        2000,
        2250,
        2500,
        2750,
        3000,
        3250,
        3500,
        1000000
    ]
}