{
    "data": [
        34.593347330330644,
        6.916342369592074,
        1.996757507064816,
        0.7127821854041305,
        0.2768647521603117,
        0.11854951962446991,
        0.0545390773982639,
        0.026696394532772744,
        0.013308326601698846,
        0.006792242930575011,
        0.0036038228295251283,
        0.0018918201503252405,
        0.003392990477625301
    ],
    "SM": [
        34.56364936589915,
        7.088210872585725,
        2.061399673244676,
        0.727174056910506,
        0.28785291505946387,
        0.12496182803960505,
        0.05966555133154265,
        0.028442229012138796,
        0.015114616666590275,
        0.007961931094105439,
        0.004312491630738567,
        0.002421457163248142,
        0.003287051221145139
    ],
    "bin-edges": [
        500,
        750,
        1000,
        1250,
        1500,
        1750,
        2000,
        2250,
        2500,
        2750,
        3000,
        3250,
        3500,
        1000000
    ]
}