{
    "data": [
        34.757125171085825,
        6.943819808142169,
        2.0426619939932427,
        0.7246928945408317,
        0.2871091180448247,
        0.1243210977366645,
        0.058671649679379365,
        0.02887885519577049,
        0.014809442599301493,
        0.007768441387520453,
        0.004306486875353241,
        0.002331574642944324,
        0.003249529856056237
    ],
    "SM": [
        34.56364936589915,
        7.088210872585725,
        2.061399673244676,
        0.727174056910506,
        0.28785291505946387,
        0.12496182803960505,
        0.05966555133154265,
        0.028442229012138796,
        0.015114616666590275,
        0.007961931094105439,
        0.004312491630738567,
        0.002421457163248142,
        0.003287051221145139
    ],
    "bin-edges": [
        500,
        750,
        1000,
        1250,
        1500,
        1750,
        2000,
        2250,
        2500,
        2750,
        3000,
        3250,
        3500,
        1000000
    ]
}