{
    "data": [
        59.4069568933986,
        2.214543816397667,
        0.8796636106602742,
        0.39289278915896597,
        0.1909322998680033,
        0.09347476121000081,
        0.0588447635988562,
        0.02767390374880016,
        0.013539830865238207,
        0.006734865179348366,
        0.0034722850824300414,
        0.0018222660463713236,
        0.03576678724829163
    ],
    "SM": [
        60.25916124504478,
        2.2422684993115873,
        0.9203466855058059,
        0.4090608838488947,
        0.19888226515431023,
        0.10491646516404689,
        0.06563602518633181,
        0.03108287299032102,
        0.016139894791585317,
        0.008328116660264505,
        0.0045723480661745254,
        0.0025369031905349195,
        0.0033979989188504087
    ],
    "bin-edges": [
        500,
        1000,
        1200,
        1400,
        1600,
        1800,
        2000,
        2250,
        2500,
        2750,
        3000,
        3250,
        3500,
        1000000000
    ]
}