{
    "data": [
        46.96608797045558,
        7.318941938743807,
        6.3254156373644745,
        2.2519504533303136,
        0.9050601632649674,
        0.41127398425033024,
        0.20254772520487585,
        0.10494849879368963,
        0.06483706553159596,
        0.03246174039884602,
        0.0161084942217587,
        0.008625650716555845,
        0.004609163106283183,
        0.002524693817159322,
        0.003912307372611347
    ],
    "SM": [
        46.6384177627363,
        7.36751656452855,
        6.253226917780813,
        2.2422684993115873,
        0.9203466855058059,
        0.4090608838488947,
        0.19888226515431023,
        0.10491646516404689,
        0.06563602518633181,
        0.03108287299032102,
        0.016139894791585317,
        0.008328116660264505,
        0.0045723480661745254,
        0.0025369031905349195,
        0.0033979989188504087
    ],
    "bin-edges": [
        500,
        700,
        800,
        1000,
        1200,
        1400,
        1600,
        1800,
        2000,
        2250,
        2500,
        2750,
        3000,
        3250,
        3500,
        1000000000
    ]
}