{
    "data": [
        1216.8671186467582,
        258.88418089271244,
        78.06642098178934,
        32.2406888184143,
        14.827891313731476,
        7.29064663054429,
        3.9971635101443637,
        2.2853159204070117,
        1.3684344244474926,
        0.8717107324603063,
        0.5577410938205117,
        0.36527274104911334,
        0.24676880164675644,
        0.16856363325112217,
        0.11791409842119135,
        0.08459591251214946,
        0.05756866088272696,
        0.04304275489427179,
        0.05611277131627045,
        0.031370971388816386,
        0.01805192653768548,
        0.01049605475969946,
        0.006263989696515007,
        0.007113176321186684,
        0.003341019488140239
    ],
    "SM": [
        1503.009761992703,
        256.10375633877396,
        84.40629214423133,
        32.5976823051051,
        14.717942799174036,
        7.171908016124162,
        4.033531768911663,
        2.2520318562571724,
        1.3945232846275775,
        0.868087675981476,
        0.5534863302602925,
        0.36552878401011335,
        0.24184986552848142,
        0.16792994847237047,
        0.11898416189489563,
        0.08360600864192513,
        0.05926880395710149,
        0.04372599936598046,
        0.056300693246619814,
        0.030737812916820574,
        0.01845190772276544,
        0.010641419082607873,
        0.006222948611078697,
        0.007208178872970599,
        0.0034027064619119684
    ],
    "bin-edges": [
        200,
        300,
        400,
        500,
        600,
        700,
        800,
        900,
        1000,
        1100,
        1200,
        1300,
        1400,
        1500,
        1600,
        1700,
        1800,
        1900,
        2000,
        2200,
        2400,
        2600,
        2800,
        3000,
        3500,
        1000000000
    ]
}