{
    "data": [
        47.1013890519673,
        7.286298482233128,
        6.256612113898558,
        2.2421487524378914,
        0.91528831160674,
        0.41010357989548946,
        0.20003310058514367,
        0.10525478384115435,
        0.06620421445297452,
        0.03198876417684,
        0.01567289497160492,
        0.008518914250581294,
        0.004393777940932524,
        0.002637196205435926,
        0.0166138491109409
    ],
    "SM": [
        46.6384177627363,
        7.36751656452855,
        6.253226917780813,
        2.2422684993115873,
        0.9203466855058059,
        0.4090608838488947,
        0.19888226515431023,
        0.10491646516404689,
        0.06563602518633181,
        0.03108287299032102,
        0.016139894791585317,
        0.008328116660264505,
        0.0045723480661745254,
        0.0025369031905349195,
        0.0033979989188504087
    ],
    "bin-edges": [
        500,
        700,
        800,
        1000,
        1200,
        1400,
        1600,
        1800,
        2000,
        2250,
        2500,
        2750,
        3000,
        3250,
        3500,
        1000000000
    ]
}