{
    "data": [
        46.59453945782921,
        7.044599329369312,
        6.216939878481759,
        2.2277716781970858,
        0.8935650395903362,
        0.40191517084549766,
        0.18893579470663358,
        0.0996417328321191,
        0.061551254508531335,
        0.028801147274120833,
        0.014468441045884729,
        0.007453719906161498,
        0.0039532312826617445,
        0.002041120617386863,
        0.007418806326468344
    ],
    "SM": [
        46.6384177627363,
        7.36751656452855,
        6.253226917780813,
        2.2422684993115873,
        0.9203466855058059,
        0.4090608838488947,
        0.19888226515431023,
        0.10491646516404689,
        0.06563602518633181,
        0.03108287299032102,
        0.016139894791585317,
        0.008328116660264505,
        0.0045723480661745254,
        0.0025369031905349195,
        0.0033979989188504087
    ],
    "bin-edges": [
        500,
        700,
        800,
        1000,
        1200,
        1400,
        1600,
        1800,
        2000,
        2250,
        2500,
        2750,
        3000,
        3250,
        3500,
        1000000000
    ]
}