{
    "data": [
        47.12595922677654,
        7.128183755459337,
        6.30524043533069,
        2.244464047693881,
        0.9166129407909742,
        0.4126598254744853,
        0.20320087463700892,
        0.10554539988737903,
        0.06564221109838274,
        0.031789747085761925,
        0.01604821411593071,
        0.008740945049660314,
        0.004600257781031707,
        0.002548749212128877,
        0.003394556587393437
    ],
    "SM": [
        46.6384177627363,
        7.36751656452855,
        6.253226917780813,
        2.2422684993115873,
        0.9203466855058059,
        0.4090608838488947,
        0.19888226515431023,
        0.10491646516404689,
        0.06563602518633181,
        0.03108287299032102,
        0.016139894791585317,
        0.008328116660264505,
        0.0045723480661745254,
        0.0025369031905349195,
        0.0033979989188504087
    ],
    "bin-edges": [
        500,
        700,
        800,
        1000,
        1200,
        1400,
        1600,
        1800,
        2000,
        2250,
        2500,
        2750,
        3000,
        3250,
        3500,
        1000000000
    ]
}