{
    "data": [
        60.23311651609634,
        2.249593679550613,
        0.9225598437257735,
        0.4120049758997231,
        0.20125249924287475,
        0.1020096594538711,
        0.06595852459590804,
        0.0315217533291963,
        0.016312585625832515,
        0.008531387445828497,
        0.004641994550283438,
        0.00254792843613931,
        0.0034693347816797167
    ],
    "SM": [
        60.25916124504478,
        2.2422684993115873,
        0.9203466855058059,
        0.4090608838488947,
        0.19888226515431023,
        0.10491646516404689,
        0.06563602518633181,
        0.03108287299032102,
        0.016139894791585317,
        0.008328116660264505,
        0.0045723480661745254,
        0.0025369031905349195,
        0.0033979989188504087
    ],
    "bin-edges": [
        500,
        1000,
        1200,
        1400,
        1600,
        1800,
        2000,
        2250,
        2500,
        2750,
        3000,
        3250,
        3500,
        1000000000
    ]
}