{
    "data": [
        58.63494735340168,
        1.9602329303131867,
        0.748609780780018,
        0.3198287520807151,
        0.14331298674850798,
        0.06733250409128923,
        0.04103123455818318,
        0.021496691977193987,
        0.014988072240520015,
        0.013676396861816395,
        0.01874934071062659,
        0.03377600455869799,
        0.7407518354663666
    ],
    "SM": [
        60.25916124504478,
        2.2422684993115873,
        0.9203466855058059,
        0.4090608838488947,
        0.19888226515431023,
        0.10491646516404689,
        0.06563602518633181,
        0.03108287299032102,
        0.016139894791585317,
        0.008328116660264505,
        0.0045723480661745254,
        0.0025369031905349195,
        0.0033979989188504087
    ],
    "bin-edges": [
        500,
        1000,
        1200,
        1400,
        1600,
        1800,
        2000,
        2250,
        2500,
        2750,
        3000,
        3250,
        3500,
        1000000000
    ]
}