{
    "data": [
        33.80778585264731,
        6.7226153587523445,
        1.9039339102054924,
        0.5634269613835639,
        0.24376978572106975,
        0.0930108424182217,
        0.045461301167149984,
        0.015983297448624995,
        0.008078694694986668,
        0.0057335369669175,
        0.003225804736414995,
        0.0023076355745000002,
        0.11388447077946957
    ],
    "SM": [
        34.56364936589915,
        7.088210872585725,
        2.061399673244676,
        0.727174056910506,
        0.28785291505946387,
        0.12496182803960505,
        0.05966555133154265,
        0.028442229012138796,
        0.015114616666590275,
        0.007961931094105439,
        0.004312491630738567,
        0.002421457163248142,
        0.003287051221145139
    ],
    "bin-edges": [
        500,
        750,
        1000,
        1250,
        1500,
        1750,
        2000,
        2250,
        2500,
        2750,
        3000,
        3250,
        3500,
        1000000
    ]
}