{
    "data": [
        46.72214618092002,
        7.077645813483365,
        6.259043869976334,
        2.2509537168717104,
        0.907107520098541,
        0.41016550671457525,
        0.19393971342149643,
        0.10302476159123468,
        0.0643133578627641,
        0.030497797750543648,
        0.015559742688453053,
        0.008139245401346015,
        0.004426537160227421,
        0.0023345766944614923,
        0.004870774639801956
    ],
    "SM": [
        46.6384177627363,
        7.36751656452855,
        6.253226917780813,
        2.2422684993115873,
        0.9203466855058059,
        0.4090608838488947,
        0.19888226515431023,
        0.10491646516404689,
        0.06563602518633181,
        0.03108287299032102,
        0.016139894791585317,
        0.008328116660264505,
        0.0045723480661745254,
        0.0025369031905349195,
        0.0033979989188504087
    ],
    "bin-edges": [
        500,
        700,
        800,
        1000,
        1200,
        1400,
        1600,
        1800,
        2000,
        2250,
        2500,
        2750,
        3000,
        3250,
        3500,
        1000000000
    ]
}