{
    "data": [
        59.94432304683139,
        2.149711485053631,
        0.8682751898982632,
        0.3833193072943022,
        0.18399794088910457,
        0.09193961637615687,
        0.05613920103847118,
        0.025867044955399,
        0.012629692433416176,
        0.006219074914831779,
        0.003111483712755777,
        0.0016675969092431,
        0.013569032509603215
    ],
    "SM": [
        60.25916124504478,
        2.2422684993115873,
        0.9203466855058059,
        0.4090608838488947,
        0.19888226515431023,
        0.10491646516404689,
        0.06563602518633181,
        0.03108287299032102,
        0.016139894791585317,
        0.008328116660264505,
        0.0045723480661745254,
        0.0025369031905349195,
        0.0033979989188504087
    ],
    "bin-edges": [
        500,
        1000,
        1200,
        1400,
        1600,
        1800,
        2000,
        2250,
        2500,
        2750,
        3000,
        3250,
        3500,
        1000000000
    ]
}