{
    "data": [
        34.64644867648833,
        6.9492023131446805,
        2.026408519764919,
        0.7069156134902014,
        0.2815483771190574,
        0.11734257984776442,
        0.05537312195925391,
        0.026560528200497684,
        0.013052007294250377,
        0.006775637842499772,
        0.003836445700249961,
        0.0024259382179999773,
        0.08560645656203068
    ],
    "SM": [
        34.56364936589915,
        7.088210872585725,
        2.061399673244676,
        0.727174056910506,
        0.28785291505946387,
        0.12496182803960505,
        0.05966555133154265,
        0.028442229012138796,
        0.015114616666590275,
        0.007961931094105439,
        0.004312491630738567,
        0.002421457163248142,
        0.003287051221145139
    ],
    "bin-edges": [
        500,
        750,
        1000,
        1250,
        1500,
        1750,
        2000,
        2250,
        2500,
        2750,
        3000,
        3250,
        3500,
        1000000
    ]
}