{
    "data": [
        1310.4945049662438,
        259.0278633317949,
        80.34675073213783,
        32.974589299513255,
        14.84784003956585,
        7.266098280622226,
        4.032750995805437,
        2.253600276774459,
        1.3867484753070078,
        0.8428008996181792,
        0.5492697627171321,
        0.3597250680112223,
        0.24127786449230845,
        0.166812316739275,
        0.11682307613795402,
        0.08273139665191244,
        0.059635316177872495,
        0.042127861352052036,
        0.055351993383822046,
        0.03005761702771297,
        0.017252639509991004,
        0.01027846220265441,
        0.0060857568365404995,
        0.0067723703702307425,
        0.0031153264200644666
    ],
    "SM": [
        1503.009761992703,
        256.10375633877396,
        84.40629214423133,
        32.5976823051051,
        14.717942799174036,
        7.171908016124162,
        4.033531768911663,
        2.2520318562571724,
        1.3945232846275775,
        0.868087675981476,
        0.5534863302602925,
        0.36552878401011335,
        0.24184986552848142,
        0.16792994847237047,
        0.11898416189489563,
        0.08360600864192513,
        0.05926880395710149,
        0.04372599936598046,
        0.056300693246619814,
        0.030737812916820574,
        0.01845190772276544,
        0.010641419082607873,
        0.006222948611078697,
        0.007208178872970599,
        0.0034027064619119684
    ],
    "bin-edges": [
        200,
        300,
        400,
        500,
        600,
        700,
        800,
        900,
        1000,
        1100,
        1200,
        1300,
        1400,
        1500,
        1600,
        1700,
        1800,
        1900,
        2000,
        2200,
        2400,
        2600,
        2800,
        3000,
        3500,
        1000000000
    ]
}