{
    "data": [
        46.80093932522356,
        7.098089861200077,
        6.285144417621247,
        2.2653786222597163,
        0.9155739501915039,
        0.4153522262474914,
        0.19710545277675628,
        0.10518302108494076,
        0.06609416379294593,
        0.03160783556251989,
        0.01628529143164554,
        0.008605702810674075,
        0.00475789596475654,
        0.002547319270758319,
        0.003453471053322241
    ],
    "SM": [
        46.6384177627363,
        7.36751656452855,
        6.253226917780813,
        2.2422684993115873,
        0.9203466855058059,
        0.4090608838488947,
        0.19888226515431023,
        0.10491646516404689,
        0.06563602518633181,
        0.03108287299032102,
        0.016139894791585317,
        0.008328116660264505,
        0.0045723480661745254,
        0.0025369031905349195,
        0.0033979989188504087
    ],
    "bin-edges": [
        500,
        700,
        800,
        1000,
        1200,
        1400,
        1600,
        1800,
        2000,
        2250,
        2500,
        2750,
        3000,
        3250,
        3500,
        1000000000
    ]
}