{
    "data": [
        45.52233130313449,
        6.770153608816598,
        5.871744540236329,
        2.0421784402193603,
        0.7884377787703468,
        0.34025744916803935,
        0.1532531258943612,
        0.07692969650737765,
        0.044626391657373025,
        0.019730021014424032,
        0.009655412957520983,
        0.005268445341254502,
        0.003254064095799002,
        0.0021875788410524993,
        0.04027270850558364
    ],
    "SM": [
        46.6384177627363,
        7.36751656452855,
        6.253226917780813,
        2.2422684993115873,
        0.9203466855058059,
        0.4090608838488947,
        0.19888226515431023,
        0.10491646516404689,
        0.06563602518633181,
        0.03108287299032102,
        0.016139894791585317,
        0.008328116660264505,
        0.0045723480661745254,
        0.0025369031905349195,
        0.0033979989188504087
    ],
    "bin-edges": [
        500,
        700,
        800,
        1000,
        1200,
        1400,
        1600,
        1800,
        2000,
        2250,
        2500,
        2750,
        3000,
        3250,
        3500,
        1000000000
    ]
}