{
    "data": [
        46.792853694191855,
        7.070975727662661,
        6.291537094970582,
        2.141354028593581,
        0.8595666057599834,
        0.38089097322926346,
        0.1792014563085373,
        0.09139288250787726,
        0.05407604734652704,
        0.025661386229182508,
        0.012293966797690174,
        0.006183704354224615,
        0.003085398256183293,
        0.0016060227207329995,
        0.0023728915706992555
    ],
    "SM": [
        46.6384177627363,
        7.36751656452855,
        6.253226917780813,
        2.2422684993115873,
        0.9203466855058059,
        0.4090608838488947,
        0.19888226515431023,
        0.10491646516404689,
        0.06563602518633181,
        0.03108287299032102,
        0.016139894791585317,
        0.008328116660264505,
        0.0045723480661745254,
        0.0025369031905349195,
        0.0033979989188504087
    ],
    "bin-edges": [
        500,
        700,
        800,
        1000,
        1200,
        1400,
        1600,
        1800,
        2000,
        2250,
        2500,
        2750,
        3000,
        3250,
        3500,
        1000000000
    ]
}