{
    "data": [
        59.829428054539335,
        2.2620750417403914,
        0.9074512162821285,
        0.40965917448094596,
        0.20190378735753786,
        0.10047453926647157,
        0.06469741316104126,
        0.031317547657001815,
        0.015860432477778866,
        0.00824850622481875,
        0.004511394004925152,
        0.002466172594951273,
        0.007819992050157897
    ],
    "SM": [
        60.25916124504478,
        2.2422684993115873,
        0.9203466855058059,
        0.4090608838488947,
        0.19888226515431023,
        0.10491646516404689,
        0.06563602518633181,
        0.03108287299032102,
        0.016139894791585317,
        0.008328116660264505,
        0.0045723480661745254,
        0.0025369031905349195,
        0.0033979989188504087
    ],
    "bin-edges": [
        500,
        1000,
        1200,
        1400,
        1600,
        1800,
        2000,
        2250,
        2500,
        2750,
        3000,
        3250,
        3500,
        1000000000
    ]
}