{
    "data": [
        1407.6416244342613,
        255.99009973316475,
        79.19176455285506,
        32.31034284473597,
        14.737841402133926,
        7.294342104911365,
        3.9519606515212606,
        2.367840862669628,
        1.404015404209998,
        0.8624765293966257,
        0.5494057453779483,
        0.36245307091329854,
        0.24671056206367242,
        0.17169502555346955,
        0.11911132901141155,
        0.0841860451858001,
        0.06112534240009149,
        0.04350396309855097,
        0.057051309364105476,
        0.031142051803323478,
        0.01750515197036301,
        0.010563982442297991,
        0.0063612013769404905,
        0.007247318703834512,
        0.0034425150597976887
    ],
    "SM": [
        1503.009761992703,
        256.10375633877396,
        84.40629214423133,
        32.5976823051051,
        14.717942799174036,
        7.171908016124162,
        4.033531768911663,
        2.2520318562571724,
        1.3945232846275775,
        0.868087675981476,
        0.5534863302602925,
        0.36552878401011335,
        0.24184986552848142,
        0.16792994847237047,
        0.11898416189489563,
        0.08360600864192513,
        0.05926880395710149,
        0.04372599936598046,
        0.056300693246619814,
        0.030737812916820574,
        0.01845190772276544,
        0.010641419082607873,
        0.006222948611078697,
        0.007208178872970599,
        0.0034027064619119684
    ],
    "bin-edges": [
        200,
        300,
        400,
        500,
        600,
        700,
        800,
        900,
        1000,
        1100,
        1200,
        1300,
        1400,
        1500,
        1600,
        1700,
        1800,
        1900,
        2000,
        2200,
        2400,
        2600,
        2800,
        3000,
        3500,
        1000000000
    ]
}