{
    "data": [
        46.26923418840324,
        7.1406612465389605,
        6.098213043350779,
        2.1308178074481594,
        0.8354871217401094,
        0.3694749369848041,
        0.17586669115591524,
        0.08740309780078992,
        0.05135964746732451,
        0.023873746235533046,
        0.01129438736774298,
        0.005425881881989497,
        0.002870731939304008,
        0.0016828595635989994,
        0.07830448205989014
    ],
    "SM": [
        46.6384177627363,
        7.36751656452855,
        6.253226917780813,
        2.2422684993115873,
        0.9203466855058059,
        0.4090608838488947,
        0.19888226515431023,
        0.10491646516404689,
        0.06563602518633181,
        0.03108287299032102,
        0.016139894791585317,
        0.008328116660264505,
        0.0045723480661745254,
        0.0025369031905349195,
        0.0033979989188504087
    ],
    "bin-edges": [
        500,
        700,
        800,
        1000,
        1200,
        1400,
        1600,
        1800,
        2000,
        2250,
        2500,
        2750,
        3000,
        3250,
        3500,
        1000000000
    ]
}