{
    "data": [
        46.64638249320393,
        7.161964899771734,
        6.109892945078958,
        2.1593182310148653,
        0.8667783070605815,
        0.3796345199190619,
        0.18027352398484875,
        0.09191180235658959,
        0.055408858986993666,
        0.02491773702759515,
        0.011940832970431461,
        0.006110856954609397,
        0.003930537854399557,
        0.004451029712640149,
        0.22500368011316543
    ],
    "SM": [
        46.6384177627363,
        7.36751656452855,
        6.253226917780813,
        2.2422684993115873,
        0.9203466855058059,
        0.4090608838488947,
        0.19888226515431023,
        0.10491646516404689,
        0.06563602518633181,
        0.03108287299032102,
        0.016139894791585317,
        0.008328116660264505,
        0.0045723480661745254,
        0.0025369031905349195,
        0.0033979989188504087
    ],
    "bin-edges": [
        500,
        700,
        800,
        1000,
        1200,
        1400,
        1600,
        1800,
        2000,
        2250,
        2500,
        2750,
        3000,
        3250,
        3500,
        1000000000
    ]
}