{
    "data": [
        34.662984779088134,
        6.944923421876388,
        2.0110529738807643,
        0.7207323793171043,
        0.2812979297973255,
        0.12115693399587969,
        0.05610217449381494,
        0.02764483986767508,
        0.013935643820702517,
        0.007172934917067508,
        0.003855334035608515,
        0.002049559394237506,
        0.003246297272871893
    ],
    "SM": [
        34.56364936589915,
        7.088210872585725,
        2.061399673244676,
        0.727174056910506,
        0.28785291505946387,
        0.12496182803960505,
        0.05966555133154265,
        0.028442229012138796,
        0.015114616666590275,
        0.007961931094105439,
        0.004312491630738567,
        0.002421457163248142,
        0.003287051221145139
    ],
    "bin-edges": [
        500,
        750,
        1000,
        1250,
        1500,
        1750,
        2000,
        2250,
        2500,
        2750,
        3000,
        3250,
        3500,
        1000000
    ]
}