{
    "data": [
        61.05519856985609,
        2.2557950105215867,
        0.9142676599434217,
        0.4133375972460349,
        0.20237358641942335,
        0.1069086108015234,
        0.06574521882932155,
        0.03129252915149079,
        0.016041872444244393,
        0.008547759742565799,
        0.004534659340046601,
        0.002562526677905801,
        0.003386815281115941
    ],
    "SM": [
        60.25916124504478,
        2.2422684993115873,
        0.9203466855058059,
        0.4090608838488947,
        0.19888226515431023,
        0.10491646516404689,
        0.06563602518633181,
        0.03108287299032102,
        0.016139894791585317,
        0.008328116660264505,
        0.0045723480661745254,
        0.0025369031905349195,
        0.0033979989188504087
    ],
    "bin-edges": [
        500,
        1000,
        1200,
        1400,
        1600,
        1800,
        2000,
        2250,
        2500,
        2750,
        3000,
        3250,
        3500,
        1000000000
    ]
}