{
    "data": [
        46.334594164395256,
        6.977525639027864,
        6.1318206447061785,
        2.181244165689329,
        0.8666340955702203,
        0.38568959341597253,
        0.17922419602683093,
        0.09318382722872424,
        0.05640073139548631,
        0.025738869622857,
        0.0125747791103169,
        0.006328531826772489,
        0.0032376742423520016,
        0.0016427464717976507,
        0.013577757271443188
    ],
    "SM": [
        46.6384177627363,
        7.36751656452855,
        6.253226917780813,
        2.2422684993115873,
        0.9203466855058059,
        0.4090608838488947,
        0.19888226515431023,
        0.10491646516404689,
        0.06563602518633181,
        0.03108287299032102,
        0.016139894791585317,
        0.008328116660264505,
        0.0045723480661745254,
        0.0025369031905349195,
        0.0033979989188504087
    ],
    "bin-edges": [
        500,
        700,
        800,
        1000,
        1200,
        1400,
        1600,
        1800,
        2000,
        2250,
        2500,
        2750,
        3000,
        3250,
        3500,
        1000000000
    ]
}