{
    "data": [
        1310.783507102996,
        259.1472386533898,
        80.413731571992,
        33.01610390462728,
        14.874180505672204,
        7.28368274763196,
        4.04503730382862,
        2.262687866316785,
        1.3931918908982541,
        0.8476949566372434,
        0.5530808683135486,
        0.3626681136859579,
        0.2435048797011467,
        0.16864340907711037,
        0.11825783693490823,
        0.08388536991032099,
        0.06059978701527902,
        0.04289728019069049,
        0.05651438742051545,
        0.030783991758835914,
        0.01775234636476599,
        0.010638699328841008,
        0.006344917619086999,
        0.0071275787288367885,
        0.003388493078686805
    ],
    "SM": [
        1503.009761992703,
        256.10375633877396,
        84.40629214423133,
        32.5976823051051,
        14.717942799174036,
        7.171908016124162,
        4.033531768911663,
        2.2520318562571724,
        1.3945232846275775,
        0.868087675981476,
        0.5534863302602925,
        0.36552878401011335,
        0.24184986552848142,
        0.16792994847237047,
        0.11898416189489563,
        0.08360600864192513,
        0.05926880395710149,
        0.04372599936598046,
        0.056300693246619814,
        0.030737812916820574,
        0.01845190772276544,
        0.010641419082607873,
        0.006222948611078697,
        0.007208178872970599,
        0.0034027064619119684
    ],
    "bin-edges": [
        200,
        300,
        400,
        500,
        600,
        700,
        800,
        900,
        1000,
        1100,
        1200,
        1300,
        1400,
        1500,
        1600,
        1700,
        1800,
        1900,
        2000,
        2200,
        2400,
        2600,
        2800,
        3000,
        3500,
        1000000000
    ]
}