{
    "data": [
        1216.0693600044374,
        258.30790137747744,
        77.75489265274012,
        32.045603117976086,
        14.702917393074806,
        7.207054309156156,
        3.9404604314178746,
        2.241264658195905,
        1.3371530420239168,
        0.8457548025510006,
        0.5389829822816663,
        0.35173368464531324,
        0.2358317267695052,
        0.16002759035010183,
        0.11115798704159584,
        0.07879524006175744,
        0.05349743503172592,
        0.0397333299054555,
        0.050933355053950524,
        0.027833106147508682,
        0.01566349604303598,
        0.008874969253558027,
        0.005155636251993414,
        0.005596356464692287,
        0.0023981772564807954
    ],
    "SM": [
        1503.009761992703,
        256.10375633877396,
        84.40629214423133,
        32.5976823051051,
        14.717942799174036,
        7.171908016124162,
        4.033531768911663,
        2.2520318562571724,
        1.3945232846275775,
        0.868087675981476,
        0.5534863302602925,
        0.36552878401011335,
        0.24184986552848142,
        0.16792994847237047,
        0.11898416189489563,
        0.08360600864192513,
        0.05926880395710149,
        0.04372599936598046,
        0.056300693246619814,
        0.030737812916820574,
        0.01845190772276544,
        0.010641419082607873,
        0.006222948611078697,
        0.007208178872970599,
        0.0034027064619119684
    ],
    "bin-edges": [
        200,
        300,
        400,
        500,
        600,
        700,
        800,
        900,
        1000,
        1100,
        1200,
        1300,
        1400,
        1500,
        1600,
        1700,
        1800,
        1900,
        2000,
        2200,
        2400,
        2600,
        2800,
        3000,
        3500,
        1000000000
    ]
}