{
    "data": [
        61.02457391703453,
        2.252387205043823,
        0.9123050572400404,
        0.4121482273853721,
        0.20161353811169558,
        0.1064133862249552,
        0.0653558082256286,
        0.031055590756016983,
        0.015891473655482217,
        0.0084485804338984,
        0.004471797865559404,
        0.0025204197076902,
        0.0033026764592127005
    ],
    "SM": [
        60.25916124504478,
        2.2422684993115873,
        0.9203466855058059,
        0.4090608838488947,
        0.19888226515431023,
        0.10491646516404689,
        0.06563602518633181,
        0.03108287299032102,
        0.016139894791585317,
        0.008328116660264505,
        0.0045723480661745254,
        0.0025369031905349195,
        0.0033979989188504087
    ],
    "bin-edges": [
        500,
        1000,
        1200,
        1400,
        1600,
        1800,
        2000,
        2250,
        2500,
        2750,
        3000,
        3250,
        3500,
        1000000000
    ]
}