{
    "data": [
        46.85277247591775,
        7.329752937748012,
        6.237615174138568,
        2.2408534433985943,
        0.9261233170956295,
        0.41596050655816214,
        0.2000733490543049,
        0.10517738489358827,
        0.06629917244607021,
        0.031314792010650565,
        0.015966707254970458,
        0.008734849044219726,
        0.004627610159912231,
        0.002509029419771387,
        0.003438066263762143
    ],
    "SM": [
        46.6384177627363,
        7.36751656452855,
        6.253226917780813,
        2.2422684993115873,
        0.9203466855058059,
        0.4090608838488947,
        0.19888226515431023,
        0.10491646516404689,
        0.06563602518633181,
        0.03108287299032102,
        0.016139894791585317,
        0.008328116660264505,
        0.0045723480661745254,
        0.0025369031905349195,
        0.0033979989188504087
    ],
    "bin-edges": [
        500,
        700,
        800,
        1000,
        1200,
        1400,
        1600,
        1800,
        2000,
        2250,
        2500,
        2750,
        3000,
        3250,
        3500,
        1000000000
    ]
}