{
    "data": [
        61.19259413496472,
        2.2328679779216434,
        0.9058643199134623,
        0.4114929340422512,
        0.19992480792822975,
        0.10140452886755463,
        0.06363305994756352,
        0.03120472136897454,
        0.015240549754648286,
        0.00786434140467256,
        0.004232834385893657,
        0.002408995721926731,
        0.03495892941230866
    ],
    "SM": [
        60.25916124504478,
        2.2422684993115873,
        0.9203466855058059,
        0.4090608838488947,
        0.19888226515431023,
        0.10491646516404689,
        0.06563602518633181,
        0.03108287299032102,
        0.016139894791585317,
        0.008328116660264505,
        0.0045723480661745254,
        0.0025369031905349195,
        0.0033979989188504087
    ],
    "bin-edges": [
        500,
        1000,
        1200,
        1400,
        1600,
        1800,
        2000,
        2250,
        2500,
        2750,
        3000,
        3250,
        3500,
        1000000000
    ]
}