{
    "data": [
        1024.9861050407712,
        256.76267717658453,
        83.52539018602954,
        31.85398555960361,
        14.692767186942753,
        7.241738697245401,
        3.8624477362592544,
        2.2264975918228815,
        1.2899833612705236,
        0.7959121458536816,
        0.5233491262396854,
        0.3276678142819238,
        0.22081086102683334,
        0.15321897927254044,
        0.09936296575934753,
        0.06959214280443782,
        0.05094265949532217,
        0.03559202170315746,
        0.04515952063474013,
        0.02360604920890574,
        0.01288821796443194,
        0.007006317254962647,
        0.004066033238219098,
        0.00434467205096945,
        0.02081105749219913
    ],
    "SM": [
        1503.009761992703,
        256.10375633877396,
        84.40629214423133,
        32.5976823051051,
        14.717942799174036,
        7.171908016124162,
        4.033531768911663,
        2.2520318562571724,
        1.3945232846275775,
        0.868087675981476,
        0.5534863302602925,
        0.36552878401011335,
        0.24184986552848142,
        0.16792994847237047,
        0.11898416189489563,
        0.08360600864192513,
        0.05926880395710149,
        0.04372599936598046,
        0.056300693246619814,
        0.030737812916820574,
        0.01845190772276544,
        0.010641419082607873,
        0.006222948611078697,
        0.007208178872970599,
        0.0034027064619119684
    ],
    "bin-edges": [
        200,
        300,
        400,
        500,
        600,
        700,
        800,
        900,
        1000,
        1100,
        1200,
        1300,
        1400,
        1500,
        1600,
        1700,
        1800,
        1900,
        2000,
        2200,
        2400,
        2600,
        2800,
        3000,
        3500,
        1000000000
    ]
}