{
    "data": [
        34.23088004662815,
        6.9674930254839795,
        1.9362127681971057,
        0.6541602421632124,
        0.2540585492442897,
        0.1059234131727693,
        0.047092117817425984,
        0.02203153868204896,
        0.010525196681819992,
        0.005345072368125247,
        0.002721069090146995,
        0.0014144601840252481,
        0.002973300841968005
    ],
    "SM": [
        34.56364936589915,
        7.088210872585725,
        2.061399673244676,
        0.727174056910506,
        0.28785291505946387,
        0.12496182803960505,
        0.05966555133154265,
        0.028442229012138796,
        0.015114616666590275,
        0.007961931094105439,
        0.004312491630738567,
        0.002421457163248142,
        0.003287051221145139
    ],
    "bin-edges": [
        500,
        750,
        1000,
        1250,
        1500,
        1750,
        2000,
        2250,
        2500,
        2750,
        3000,
        3250,
        3500,
        1000000
    ]
}