{
    "data": [
        46.94138276727882,
        7.2424546474455935,
        6.204711111384182,
        2.2126752715637967,
        0.8979015702530773,
        0.39907378710288977,
        0.19280838659946983,
        0.1002823690656062,
        0.06206603341120708,
        0.029177545048886717,
        0.014087504652543742,
        0.007310783549467799,
        0.0037999687589039977,
        0.002669050233775956,
        0.09043975170552547
    ],
    "SM": [
        46.6384177627363,
        7.36751656452855,
        6.253226917780813,
        2.2422684993115873,
        0.9203466855058059,
        0.4090608838488947,
        0.19888226515431023,
        0.10491646516404689,
        0.06563602518633181,
        0.03108287299032102,
        0.016139894791585317,
        0.008328116660264505,
        0.0045723480661745254,
        0.0025369031905349195,
        0.0033979989188504087
    ],
    "bin-edges": [
        500,
        700,
        800,
        1000,
        1200,
        1400,
        1600,
        1800,
        2000,
        2250,
        2500,
        2750,
        3000,
        3250,
        3500,
        1000000000
    ]
}