{
    "data": [
        47.20220747325808,
        7.322715649598031,
        6.337728611141917,
        2.2166976915069903,
        0.9225238158668458,
        0.4142114439453629,
        0.20324665602766553,
        0.10596113810382941,
        0.06493905115772376,
        0.03268910161035805,
        0.01624931355788696,
        0.008618951472450976,
        0.004606768776975017,
        0.0025513060584705137,
        0.003433383296516863
    ],
    "SM": [
        46.6384177627363,
        7.36751656452855,
        6.253226917780813,
        2.2422684993115873,
        0.9203466855058059,
        0.4090608838488947,
        0.19888226515431023,
        0.10491646516404689,
        0.06563602518633181,
        0.03108287299032102,
        0.016139894791585317,
        0.008328116660264505,
        0.0045723480661745254,
        0.0025369031905349195,
        0.0033979989188504087
    ],
    "bin-edges": [
        500,
        700,
        800,
        1000,
        1200,
        1400,
        1600,
        1800,
        2000,
        2250,
        2500,
        2750,
        3000,
        3250,
        3500,
        1000000000
    ]
}