{
    "data": [
        1315.220935464346,
        254.16381946157222,
        79.43592330821582,
        32.35188775884648,
        14.613205306464543,
        7.202712883535706,
        3.9884893756779602,
        2.2265855663831484,
        1.327842200506273,
        0.837379645315615,
        0.5278618832189242,
        0.3476403061824812,
        0.23588936913905456,
        0.15748165043466947,
        0.10745883296767245,
        0.07925139543542278,
        0.05417551548842693,
        0.03959559379321321,
        0.0505511356805829,
        0.026863426272676166,
        0.014824236878582505,
        0.00869440989052169,
        0.005154562848779109,
        0.005454591366000756,
        0.002283088299810451
    ],
    "SM": [
        1503.009761992703,
        256.10375633877396,
        84.40629214423133,
        32.5976823051051,
        14.717942799174036,
        7.171908016124162,
        4.033531768911663,
        2.2520318562571724,
        1.3945232846275775,
        0.868087675981476,
        0.5534863302602925,
        0.36552878401011335,
        0.24184986552848142,
        0.16792994847237047,
        0.11898416189489563,
        0.08360600864192513,
        0.05926880395710149,
        0.04372599936598046,
        0.056300693246619814,
        0.030737812916820574,
        0.01845190772276544,
        0.010641419082607873,
        0.006222948611078697,
        0.007208178872970599,
        0.0034027064619119684
    ],
    "bin-edges": [
        200,
        300,
        400,
        500,
        600,
        700,
        800,
        900,
        1000,
        1100,
        1200,
        1300,
        1400,
        1500,
        1600,
        1700,
        1800,
        1900,
        2000,
        2200,
        2400,
        2600,
        2800,
        3000,
        3500,
        1000000000
    ]
}