{
    "data": [
        34.59771594001349,
        7.127656726190838,
        2.012296522399257,
        0.6932079654988573,
        0.2760497574526131,
        0.11852897706114543,
        0.05433302637247773,
        0.02616431643946001,
        0.013061726610622496,
        0.0067967805098674864,
        0.0035573884268974964,
        0.0018930829015499973,
        0.0025331963838557433
    ],
    "SM": [
        34.56364936589915,
        7.088210872585725,
        2.061399673244676,
        0.727174056910506,
        0.28785291505946387,
        0.12496182803960505,
        0.05966555133154265,
        0.028442229012138796,
        0.015114616666590275,
        0.007961931094105439,
        0.004312491630738567,
        0.002421457163248142,
        0.003287051221145139
    ],
    "bin-edges": [
        500,
        750,
        1000,
        1250,
        1500,
        1750,
        2000,
        2250,
        2500,
        2750,
        3000,
        3250,
        3500,
        1000000
    ]
}