{
    "data": [
        1316.0978676208154,
        254.6827633149978,
        79.7299003866396,
        32.534741539201804,
        14.726410853114686,
        7.283351300186976,
        4.043306467467549,
        2.266188799469935,
        1.356607512992859,
        0.8591940084363988,
        0.5444342884235425,
        0.3597522838902954,
        0.24623476659095667,
        0.16507568989238722,
        0.11351557431937365,
        0.08436806224712039,
        0.058139537765339824,
        0.04273434665287509,
        0.05520803860720053,
        0.02987706205284564,
        0.01681681930899537,
        0.0100769605382735,
        0.006118616046751827,
        0.006727743634742162,
        0.003033967258854602
    ],
    "SM": [
        1503.009761992703,
        256.10375633877396,
        84.40629214423133,
        32.5976823051051,
        14.717942799174036,
        7.171908016124162,
        4.033531768911663,
        2.2520318562571724,
        1.3945232846275775,
        0.868087675981476,
        0.5534863302602925,
        0.36552878401011335,
        0.24184986552848142,
        0.16792994847237047,
        0.11898416189489563,
        0.08360600864192513,
        0.05926880395710149,
        0.04372599936598046,
        0.056300693246619814,
        0.030737812916820574,
        0.01845190772276544,
        0.010641419082607873,
        0.006222948611078697,
        0.007208178872970599,
        0.0034027064619119684
    ],
    "bin-edges": [
        200,
        300,
        400,
        500,
        600,
        700,
        800,
        900,
        1000,
        1100,
        1200,
        1300,
        1400,
        1500,
        1600,
        1700,
        1800,
        1900,
        2000,
        2200,
        2400,
        2600,
        2800,
        3000,
        3500,
        1000000000
    ]
}