{
    "data": [
        60.03290170415723,
        2.2306607361827773,
        0.9145614942530679,
        0.41042226318203817,
        0.20124688738711788,
        0.10517007752084728,
        0.06496515581815694,
        0.032127794965729484,
        0.0161430039825523,
        0.008584339427067895,
        0.004609222648961996,
        0.0025422459205059087,
        0.0034139676460582585
    ],
    "SM": [
        60.25916124504478,
        2.2422684993115873,
        0.9203466855058059,
        0.4090608838488947,
        0.19888226515431023,
        0.10491646516404689,
        0.06563602518633181,
        0.03108287299032102,
        0.016139894791585317,
        0.008328116660264505,
        0.0045723480661745254,
        0.0025369031905349195,
        0.0033979989188504087
    ],
    "bin-edges": [
        500,
        1000,
        1200,
        1400,
        1600,
        1800,
        2000,
        2250,
        2500,
        2750,
        3000,
        3250,
        3500,
        1000000000
    ]
}