{
    "data": [
        1314.5967179499721,
        255.69798038677115,
        79.8768421355221,
        32.46388444773429,
        14.523985553666591,
        7.349866989093293,
        3.917995749384854,
        2.2428885879392153,
        1.3690500118815785,
        0.8452804443685946,
        0.5365339533307355,
        0.3504008534953249,
        0.24450165743474425,
        0.16265224220511565,
        0.1113199584471062,
        0.08009857489219419,
        0.055657114956370005,
        0.03970773311613948,
        0.051828104156132676,
        0.028090473609092836,
        0.016035937804086495,
        0.009236192779130497,
        0.005320152226922507,
        0.005790287577565477,
        0.002688204708848851
    ],
    "SM": [
        1503.009761992703,
        256.10375633877396,
        84.40629214423133,
        32.5976823051051,
        14.717942799174036,
        7.171908016124162,
        4.033531768911663,
        2.2520318562571724,
        1.3945232846275775,
        0.868087675981476,
        0.5534863302602925,
        0.36552878401011335,
        0.24184986552848142,
        0.16792994847237047,
        0.11898416189489563,
        0.08360600864192513,
        0.05926880395710149,
        0.04372599936598046,
        0.056300693246619814,
        0.030737812916820574,
        0.01845190772276544,
        0.010641419082607873,
        0.006222948611078697,
        0.007208178872970599,
        0.0034027064619119684
    ],
    "bin-edges": [
        200,
        300,
        400,
        500,
        600,
        700,
        800,
        900,
        1000,
        1100,
        1200,
        1300,
        1400,
        1500,
        1600,
        1700,
        1800,
        1900,
        2000,
        2200,
        2400,
        2600,
        2800,
        3000,
        3500,
        1000000000
    ]
}