{
    "data": [
        60.99660394716249,
        2.2108277850959754,
        0.8925984849062358,
        0.4033015377071828,
        0.19449084996250515,
        0.09776416633408264,
        0.06069756809651451,
        0.02918122061782382,
        0.014065410102157096,
        0.007140219035510076,
        0.0038393304526025385,
        0.0024876716414384,
        0.0908074288635718
    ],
    "SM": [
        60.25916124504478,
        2.2422684993115873,
        0.9203466855058059,
        0.4090608838488947,
        0.19888226515431023,
        0.10491646516404689,
        0.06563602518633181,
        0.03108287299032102,
        0.016139894791585317,
        0.008328116660264505,
        0.0045723480661745254,
        0.0025369031905349195,
        0.0033979989188504087
    ],
    "bin-edges": [
        500,
        1000,
        1200,
        1400,
        1600,
        1800,
        2000,
        2250,
        2500,
        2750,
        3000,
        3250,
        3500,
        1000000000
    ]
}