{
    "data": [
        1407.6501703138033,
        255.99461780151313,
        79.19422192516637,
        32.311871574699616,
        14.738816660255615,
        7.295016525901593,
        3.9524180397043276,
        2.368187927365395,
        1.4042691705799604,
        0.8626685631532625,
        0.5495478877415338,
        0.3625623661717955,
        0.2467980773817961,
        0.17176309808840687,
        0.11916573902197986,
        0.08423062388943772,
        0.061160721144181106,
        0.043532564786634975,
        0.057095139806290066,
        0.03117130048573698,
        0.017524417371137517,
        0.010577474331527044,
        0.006370905247680009,
        0.00726083061156851,
        0.0034532640310129346
    ],
    "SM": [
        1503.009761992703,
        256.10375633877396,
        84.40629214423133,
        32.5976823051051,
        14.717942799174036,
        7.171908016124162,
        4.033531768911663,
        2.2520318562571724,
        1.3945232846275775,
        0.868087675981476,
        0.5534863302602925,
        0.36552878401011335,
        0.24184986552848142,
        0.16792994847237047,
        0.11898416189489563,
        0.08360600864192513,
        0.05926880395710149,
        0.04372599936598046,
        0.056300693246619814,
        0.030737812916820574,
        0.01845190772276544,
        0.010641419082607873,
        0.006222948611078697,
        0.007208178872970599,
        0.0034027064619119684
    ],
    "bin-edges": [
        200,
        300,
        400,
        500,
        600,
        700,
        800,
        900,
        1000,
        1100,
        1200,
        1300,
        1400,
        1500,
        1600,
        1700,
        1800,
        1900,
        2000,
        2200,
        2400,
        2600,
        2800,
        3000,
        3500,
        1000000000
    ]
}