{
    "data": [
        34.81961639588794,
        7.126547794978529,
        2.0411892920155053,
        0.7210872386202123,
        0.28823643989691744,
        0.12479919410686892,
        0.057994308252181284,
        0.028899169066926734,
        0.015223666872670369,
        0.007913338654118751,
        0.004173751666531608,
        0.0024101810716796296,
        0.003660018963130277
    ],
    "SM": [
        34.56364936589915,
        7.088210872585725,
        2.061399673244676,
        0.727174056910506,
        0.28785291505946387,
        0.12496182803960505,
        0.05966555133154265,
        0.028442229012138796,
        0.015114616666590275,
        0.007961931094105439,
        0.004312491630738567,
        0.002421457163248142,
        0.003287051221145139
    ],
    "bin-edges": [
        500,
        750,
        1000,
        1250,
        1500,
        1750,
        2000,
        2250,
        2500,
        2750,
        3000,
        3250,
        3500,
        1000000
    ]
}