{
    "data": [
        46.050256505984514,
        7.000758247852858,
        5.921931989683779,
        2.0555133637387657,
        0.8077003607724856,
        0.3439704332200394,
        0.15834808386306534,
        0.07822658159905523,
        0.04562608872977356,
        0.020011641413487925,
        0.01082541690258099,
        0.007756767318580011,
        0.00863183540592501,
        0.01511852463252001,
        0.48918779389007133
    ],
    "SM": [
        46.6384177627363,
        7.36751656452855,
        6.253226917780813,
        2.2422684993115873,
        0.9203466855058059,
        0.4090608838488947,
        0.19888226515431023,
        0.10491646516404689,
        0.06563602518633181,
        0.03108287299032102,
        0.016139894791585317,
        0.008328116660264505,
        0.0045723480661745254,
        0.0025369031905349195,
        0.0033979989188504087
    ],
    "bin-edges": [
        500,
        700,
        800,
        1000,
        1200,
        1400,
        1600,
        1800,
        2000,
        2250,
        2500,
        2750,
        3000,
        3250,
        3500,
        1000000000
    ]
}