{
    "data": [
        35.07472461072929,
        6.021094274111705,
        2.0875307303501462,
        0.7736870425265038,
        0.2835623468469984,
        0.1243882302464659,
        0.05735402312524991,
        0.02824978465499993,
        0.01417571951399999,
        0.007322014031089038,
        0.004378316210530822,
        0.0020223189280821918,
        0.005509780359027398
    ],
    "SM": [
        34.56364936589915,
        7.088210872585725,
        2.061399673244676,
        0.727174056910506,
        0.28785291505946387,
        0.12496182803960505,
        0.05966555133154265,
        0.028442229012138796,
        0.015114616666590275,
        0.007961931094105439,
        0.004312491630738567,
        0.002421457163248142,
        0.003287051221145139
    ],
    "bin-edges": [
        500,
        750,
        1000,
        1250,
        1500,
        1750,
        2000,
        2250,
        2500,
        2750,
        3000,
        3250,
        3500,
        1000000
    ]
}