{
    "data": [
        58.80136668815234,
        2.1478510808698683,
        0.8412945658001367,
        0.3701920109691993,
        0.1764423077679405,
        0.08452415347478179,
        0.05170479482908616,
        0.023535020588186413,
        0.011163246051233606,
        0.0054337029989108,
        0.002867460618481999,
        0.0017230901743578017,
        0.07785522620250196
    ],
    "SM": [
        60.25916124504478,
        2.2422684993115873,
        0.9203466855058059,
        0.4090608838488947,
        0.19888226515431023,
        0.10491646516404689,
        0.06563602518633181,
        0.03108287299032102,
        0.016139894791585317,
        0.008328116660264505,
        0.0045723480661745254,
        0.0025369031905349195,
        0.0033979989188504087
    ],
    "bin-edges": [
        500,
        1000,
        1200,
        1400,
        1600,
        1800,
        2000,
        2250,
        2500,
        2750,
        3000,
        3250,
        3500,
        1000000000
    ]
}