{
    "data": [
        1216.850692827491,
        253.34600516484153,
        76.53991318062927,
        30.800079960906803,
        14.299552374836335,
        6.824410336250961,
        3.6834742351433714,
        2.1090587724959,
        1.227260235535416,
        0.7339632979147208,
        0.4643796757565744,
        0.29331117574593074,
        0.18845068925081504,
        0.1289755657739903,
        0.08441026902758016,
        0.058467997785850066,
        0.04024044253849998,
        0.027529695623260006,
        0.03457683543701757,
        0.019761522914059963,
        0.013862296508046004,
        0.012290399294114974,
        0.009875438298806008,
        0.05298586867317356,
        0.7387971447034368
    ],
    "SM": [
        1503.009761992703,
        256.10375633877396,
        84.40629214423133,
        32.5976823051051,
        14.717942799174036,
        7.171908016124162,
        4.033531768911663,
        2.2520318562571724,
        1.3945232846275775,
        0.868087675981476,
        0.5534863302602925,
        0.36552878401011335,
        0.24184986552848142,
        0.16792994847237047,
        0.11898416189489563,
        0.08360600864192513,
        0.05926880395710149,
        0.04372599936598046,
        0.056300693246619814,
        0.030737812916820574,
        0.01845190772276544,
        0.010641419082607873,
        0.006222948611078697,
        0.007208178872970599,
        0.0034027064619119684
    ],
    "bin-edges": [
        200,
        300,
        400,
        500,
        600,
        700,
        800,
        900,
        1000,
        1100,
        1200,
        1300,
        1400,
        1500,
        1600,
        1700,
        1800,
        1900,
        2000,
        2200,
        2400,
        2600,
        2800,
        3000,
        3500,
        1000000000
    ]
}