{
    "data": [
        60.4938539120873,
        2.2601574721556124,
        0.9129456654249726,
        0.4170348057633979,
        0.20111404000014915,
        0.10441751843770518,
        0.06570090496849272,
        0.031878975016363276,
        0.01600051166041196,
        0.008499396800639311,
        0.004557881508537998,
        0.0025935809083718346,
        0.0033624884039887525
    ],
    "SM": [
        60.25916124504478,
        2.2422684993115873,
        0.9203466855058059,
        0.4090608838488947,
        0.19888226515431023,
        0.10491646516404689,
        0.06563602518633181,
        0.03108287299032102,
        0.016139894791585317,
        0.008328116660264505,
        0.0045723480661745254,
        0.0025369031905349195,
        0.0033979989188504087
    ],
    "bin-edges": [
        500,
        1000,
        1200,
        1400,
        1600,
        1800,
        2000,
        2250,
        2500,
        2750,
        3000,
        3250,
        3500,
        1000000000
    ]
}