{
    "data": [
        45.882079666178875,
        7.042618155851834,
        5.974783393397312,
        2.066425989450658,
        0.7995246633257455,
        0.3486456506565173,
        0.16319607558097501,
        0.07960937267163684,
        0.04595186098014293,
        0.02101340817528702,
        0.010167397210738498,
        0.005164864685186511,
        0.003332959932495005,
        0.0023717231030050004,
        0.12288389598646526
    ],
    "SM": [
        46.6384177627363,
        7.36751656452855,
        6.253226917780813,
        2.2422684993115873,
        0.9203466855058059,
        0.4090608838488947,
        0.19888226515431023,
        0.10491646516404689,
        0.06563602518633181,
        0.03108287299032102,
        0.016139894791585317,
        0.008328116660264505,
        0.0045723480661745254,
        0.0025369031905349195,
        0.0033979989188504087
    ],
    "bin-edges": [
        500,
        700,
        800,
        1000,
        1200,
        1400,
        1600,
        1800,
        2000,
        2250,
        2500,
        2750,
        3000,
        3250,
        3500,
        1000000000
    ]
}