{
    "data": [
        35.07421163383556,
        6.9415805332649,
        2.035827059907007,
        0.7145756395904759,
        0.2822978980564999,
        0.12187641192097529,
        0.056708725757417464,
        0.02793226467352491,
        0.01389703714700002,
        0.007464953616799995,
        0.004034187138325017,
        0.0021499047452750064,
        0.0028087629521817464
    ],
    "SM": [
        34.56364936589915,
        7.088210872585725,
        2.061399673244676,
        0.727174056910506,
        0.28785291505946387,
        0.12496182803960505,
        0.05966555133154265,
        0.028442229012138796,
        0.015114616666590275,
        0.007961931094105439,
        0.004312491630738567,
        0.002421457163248142,
        0.003287051221145139
    ],
    "bin-edges": [
        500,
        750,
        1000,
        1250,
        1500,
        1750,
        2000,
        2250,
        2500,
        2750,
        3000,
        3250,
        3500,
        1000000
    ]
}