{
    "data": [
        34.49216679956742,
        7.02944695969489,
        2.038739550362724,
        0.7074075793706751,
        0.2772300218219701,
        0.12018425894298952,
        0.05494278119124936,
        0.026312140713753766,
        0.013215125316999869,
        0.007136976230749892,
        0.003763211186500046,
        0.0022817405260000256,
        0.08496278767600979
    ],
    "SM": [
        34.56364936589915,
        7.088210872585725,
        2.061399673244676,
        0.727174056910506,
        0.28785291505946387,
        0.12496182803960505,
        0.05966555133154265,
        0.028442229012138796,
        0.015114616666590275,
        0.007961931094105439,
        0.004312491630738567,
        0.002421457163248142,
        0.003287051221145139
    ],
    "bin-edges": [
        500,
        750,
        1000,
        1250,
        1500,
        1750,
        2000,
        2250,
        2500,
        2750,
        3000,
        3250,
        3500,
        1000000
    ]
}