{
    "data": [
        46.793422455522624,
        7.314485968042106,
        6.218710407970186,
        2.230423522278663,
        0.9199287552878894,
        0.41221274714370093,
        0.19774999322001918,
        0.10362525643426267,
        0.06503402177145402,
        0.030554938643459855,
        0.015476824078852074,
        0.008410101739388984,
        0.004414550272604128,
        0.0023640779454885503,
        0.003392471841932697
    ],
    "SM": [
        46.6384177627363,
        7.36751656452855,
        6.253226917780813,
        2.2422684993115873,
        0.9203466855058059,
        0.4090608838488947,
        0.19888226515431023,
        0.10491646516404689,
        0.06563602518633181,
        0.03108287299032102,
        0.016139894791585317,
        0.008328116660264505,
        0.0045723480661745254,
        0.0025369031905349195,
        0.0033979989188504087
    ],
    "bin-edges": [
        500,
        700,
        800,
        1000,
        1200,
        1400,
        1600,
        1800,
        2000,
        2250,
        2500,
        2750,
        3000,
        3250,
        3500,
        1000000000
    ]
}