{
    "data": [
        47.173656976063036,
        7.31506167386254,
        6.328534322528317,
        2.2116973739606274,
        0.9195952125370062,
        0.4124219179634935,
        0.20212540843068758,
        0.10519572875628096,
        0.0643474747306543,
        0.032318087683876014,
        0.01602438188006297,
        0.008469944845193512,
        0.004511379339767989,
        0.002488524488845002,
        0.003304225142162068
    ],
    "SM": [
        46.6384177627363,
        7.36751656452855,
        6.253226917780813,
        2.2422684993115873,
        0.9203466855058059,
        0.4090608838488947,
        0.19888226515431023,
        0.10491646516404689,
        0.06563602518633181,
        0.03108287299032102,
        0.016139894791585317,
        0.008328116660264505,
        0.0045723480661745254,
        0.0025369031905349195,
        0.0033979989188504087
    ],
    "bin-edges": [
        500,
        700,
        800,
        1000,
        1200,
        1400,
        1600,
        1800,
        2000,
        2250,
        2500,
        2750,
        3000,
        3250,
        3500,
        1000000000
    ]
}