{
    "data": [
        46.07414331856811,
        6.910658417988587,
        6.047432378438849,
        2.1355866546620064,
        0.8405557813771751,
        0.37023327867267825,
        0.17015882336565635,
        0.08731013801318517,
        0.05189709702864499,
        0.02321281287273266,
        0.011133190147035373,
        0.0055748252803034005,
        0.0028640657987660466,
        0.0015166596012866024,
        0.020954238277461536
    ],
    "SM": [
        46.6384177627363,
        7.36751656452855,
        6.253226917780813,
        2.2422684993115873,
        0.9203466855058059,
        0.4090608838488947,
        0.19888226515431023,
        0.10491646516404689,
        0.06563602518633181,
        0.03108287299032102,
        0.016139894791585317,
        0.008328116660264505,
        0.0045723480661745254,
        0.0025369031905349195,
        0.0033979989188504087
    ],
    "bin-edges": [
        500,
        700,
        800,
        1000,
        1200,
        1400,
        1600,
        1800,
        2000,
        2250,
        2500,
        2750,
        3000,
        3250,
        3500,
        1000000000
    ]
}