{
    "data": [
        46.84534777998889,
        7.327842166648737,
        6.23524788611889,
        2.2395462524250136,
        0.925346100674803,
        0.4154896718163222,
        0.1997810289890907,
        0.10498176006871453,
        0.06613940635145307,
        0.031218516258089815,
        0.015904410717725755,
        0.008693380600519645,
        0.004600265199575014,
        0.0024903111218737613,
        0.003427966399020026
    ],
    "SM": [
        46.6384177627363,
        7.36751656452855,
        6.253226917780813,
        2.2422684993115873,
        0.9203466855058059,
        0.4090608838488947,
        0.19888226515431023,
        0.10491646516404689,
        0.06563602518633181,
        0.03108287299032102,
        0.016139894791585317,
        0.008328116660264505,
        0.0045723480661745254,
        0.0025369031905349195,
        0.0033979989188504087
    ],
    "bin-edges": [
        500,
        700,
        800,
        1000,
        1200,
        1400,
        1600,
        1800,
        2000,
        2250,
        2500,
        2750,
        3000,
        3250,
        3500,
        1000000000
    ]
}