{
    "data": [
        47.12431318230606,
        7.292591375209906,
        6.264077679867177,
        2.2464028133421534,
        0.917807213698639,
        0.4117147870498801,
        0.20109255208730764,
        0.10599492098151861,
        0.06683163702310523,
        0.03241551197151717,
        0.015924577189171202,
        0.00873849909979611,
        0.004531684813622933,
        0.002670170670666034,
        0.006351694674157887
    ],
    "SM": [
        46.6384177627363,
        7.36751656452855,
        6.253226917780813,
        2.2422684993115873,
        0.9203466855058059,
        0.4090608838488947,
        0.19888226515431023,
        0.10491646516404689,
        0.06563602518633181,
        0.03108287299032102,
        0.016139894791585317,
        0.008328116660264505,
        0.0045723480661745254,
        0.0025369031905349195,
        0.0033979989188504087
    ],
    "bin-edges": [
        500,
        700,
        800,
        1000,
        1200,
        1400,
        1600,
        1800,
        2000,
        2250,
        2500,
        2750,
        3000,
        3250,
        3500,
        1000000000
    ]
}