{
    "data": [
        61.06477391561172,
        2.2568613233580472,
        0.9148820803869535,
        0.413710169303071,
        0.20261183784581768,
        0.10706397309213295,
        0.06586750461773742,
        0.031367031059097605,
        0.016089233127553802,
        0.008579042391381995,
        0.004554524433432396,
        0.0025758601764094002,
        0.0034137221353238135
    ],
    "SM": [
        60.25916124504478,
        2.2422684993115873,
        0.9203466855058059,
        0.4090608838488947,
        0.19888226515431023,
        0.10491646516404689,
        0.06563602518633181,
        0.03108287299032102,
        0.016139894791585317,
        0.008328116660264505,
        0.0045723480661745254,
        0.0025369031905349195,
        0.0033979989188504087
    ],
    "bin-edges": [
        500,
        1000,
        1200,
        1400,
        1600,
        1800,
        2000,
        2250,
        2500,
        2750,
        3000,
        3250,
        3500,
        1000000000
    ]
}