{
    "data": [
        47.007136284392644,
        7.0995468681538085,
        6.267926746921873,
        2.2234020142790833,
        0.9045400891061357,
        0.4053120823740072,
        0.19851213439189402,
        0.10241415486810701,
        0.06321944949852089,
        0.03029960020904799,
        0.015096711735597505,
        0.008132601605955527,
        0.004207710932454981,
        0.0022926415058224544,
        0.002977925644465081
    ],
    "SM": [
        46.6384177627363,
        7.36751656452855,
        6.253226917780813,
        2.2422684993115873,
        0.9203466855058059,
        0.4090608838488947,
        0.19888226515431023,
        0.10491646516404689,
        0.06563602518633181,
        0.03108287299032102,
        0.016139894791585317,
        0.008328116660264505,
        0.0045723480661745254,
        0.0025369031905349195,
        0.0033979989188504087
    ],
    "bin-edges": [
        500,
        700,
        800,
        1000,
        1200,
        1400,
        1600,
        1800,
        2000,
        2250,
        2500,
        2750,
        3000,
        3250,
        3500,
        1000000000
    ]
}