{
    "data": [
        59.57128551721637,
        2.0560972145440837,
        0.8020298405039666,
        0.3494250163560217,
        0.16027526399195136,
        0.07629570571113958,
        0.04519075604977315,
        0.020720431691845984,
        0.011201576218996399,
        0.007567199081574201,
        0.008336047313471808,
        0.014536038427700005,
        0.4892536641751292
    ],
    "SM": [
        60.25916124504478,
        2.2422684993115873,
        0.9203466855058059,
        0.4090608838488947,
        0.19888226515431023,
        0.10491646516404689,
        0.06563602518633181,
        0.03108287299032102,
        0.016139894791585317,
        0.008328116660264505,
        0.0045723480661745254,
        0.0025369031905349195,
        0.0033979989188504087
    ],
    "bin-edges": [
        500,
        1000,
        1200,
        1400,
        1600,
        1800,
        2000,
        2250,
        2500,
        2750,
        3000,
        3250,
        3500,
        1000000000
    ]
}