{
    "data": [
        1316.2039777843734,
        254.74553314298814,
        79.76549326778816,
        32.556910350788925,
        14.740157500432607,
        7.293163029031725,
        4.049991455149344,
        2.271030954368852,
        1.36013446678221,
        0.8618773846220554,
        0.5464799001672311,
        0.361252993332071,
        0.247521997210288,
        0.16602472591106043,
        0.11427642345753164,
        0.08501429791639947,
        0.058643124178209986,
        0.04313551703962649,
        0.055808889606343455,
        0.030271592106297568,
        0.0170821596822135,
        0.010264719991519991,
        0.006252321293860493,
        0.0069120347499189855,
        0.0031674303844756763
    ],
    "SM": [
        1503.009761992703,
        256.10375633877396,
        84.40629214423133,
        32.5976823051051,
        14.717942799174036,
        7.171908016124162,
        4.033531768911663,
        2.2520318562571724,
        1.3945232846275775,
        0.868087675981476,
        0.5534863302602925,
        0.36552878401011335,
        0.24184986552848142,
        0.16792994847237047,
        0.11898416189489563,
        0.08360600864192513,
        0.05926880395710149,
        0.04372599936598046,
        0.056300693246619814,
        0.030737812916820574,
        0.01845190772276544,
        0.010641419082607873,
        0.006222948611078697,
        0.007208178872970599,
        0.0034027064619119684
    ],
    "bin-edges": [
        200,
        300,
        400,
        500,
        600,
        700,
        800,
        900,
        1000,
        1100,
        1200,
        1300,
        1400,
        1500,
        1600,
        1700,
        1800,
        1900,
        2000,
        2200,
        2400,
        2600,
        2800,
        3000,
        3500,
        1000000000
    ]
}