{
    "data": [
        60.456441380823115,
        2.2559420643128765,
        0.910516080996136,
        0.4155565697845389,
        0.20018505720883548,
        0.10380091863687878,
        0.0652110619480079,
        0.031578120222489424,
        0.015807210352662558,
        0.008375828176459923,
        0.0044774392167688,
        0.0025386841769364987,
        0.003259433184081553
    ],
    "SM": [
        60.25916124504478,
        2.2422684993115873,
        0.9203466855058059,
        0.4090608838488947,
        0.19888226515431023,
        0.10491646516404689,
        0.06563602518633181,
        0.03108287299032102,
        0.016139894791585317,
        0.008328116660264505,
        0.0045723480661745254,
        0.0025369031905349195,
        0.0033979989188504087
    ],
    "bin-edges": [
        500,
        1000,
        1200,
        1400,
        1600,
        1800,
        2000,
        2250,
        2500,
        2750,
        3000,
        3250,
        3500,
        1000000000
    ]
}