{
    "data": [
        59.379289153795796,
        2.1549070878548395,
        0.8673704270179103,
        0.37916932951702154,
        0.18036197339642618,
        0.08913390016391809,
        0.055397266500861284,
        0.025267155564848882,
        0.01229732866981073,
        0.006063149787514043,
        0.003125223338674381,
        0.001600396058465699,
        0.005015438630336001
    ],
    "SM": [
        60.25916124504478,
        2.2422684993115873,
        0.9203466855058059,
        0.4090608838488947,
        0.19888226515431023,
        0.10491646516404689,
        0.06563602518633181,
        0.03108287299032102,
        0.016139894791585317,
        0.008328116660264505,
        0.0045723480661745254,
        0.0025369031905349195,
        0.0033979989188504087
    ],
    "bin-edges": [
        500,
        1000,
        1200,
        1400,
        1600,
        1800,
        2000,
        2250,
        2500,
        2750,
        3000,
        3250,
        3500,
        1000000000
    ]
}