{
    "data": [
        60.367937150368356,
        2.195813704984065,
        0.8948770287749499,
        0.3992189186886698,
        0.1940699391027767,
        0.09847284172794528,
        0.06130927157982365,
        0.028880446304936143,
        0.014530620839095513,
        0.007360234432954298,
        0.003792663619863219,
        0.002074742746404689,
        0.0074459896217921265
    ],
    "SM": [
        60.25916124504478,
        2.2422684993115873,
        0.9203466855058059,
        0.4090608838488947,
        0.19888226515431023,
        0.10491646516404689,
        0.06563602518633181,
        0.03108287299032102,
        0.016139894791585317,
        0.008328116660264505,
        0.0045723480661745254,
        0.0025369031905349195,
        0.0033979989188504087
    ],
    "bin-edges": [
        500,
        1000,
        1200,
        1400,
        1600,
        1800,
        2000,
        2250,
        2500,
        2750,
        3000,
        3250,
        3500,
        1000000000
    ]
}