{
    "data": [
        47.08063819708302,
        7.1172539426365935,
        6.290988941571894,
        2.2364096161200213,
        0.9119889593803937,
        0.40984057358438225,
        0.20139802828695802,
        0.10433858572105341,
        0.06470547421665052,
        0.031211240703431543,
        0.015677087413703463,
        0.008502323183877562,
        0.004445287400440797,
        0.002446914950603925,
        0.0032178122527795885
    ],
    "SM": [
        46.6384177627363,
        7.36751656452855,
        6.253226917780813,
        2.2422684993115873,
        0.9203466855058059,
        0.4090608838488947,
        0.19888226515431023,
        0.10491646516404689,
        0.06563602518633181,
        0.03108287299032102,
        0.016139894791585317,
        0.008328116660264505,
        0.0045723480661745254,
        0.0025369031905349195,
        0.0033979989188504087
    ],
    "bin-edges": [
        500,
        700,
        800,
        1000,
        1200,
        1400,
        1600,
        1800,
        2000,
        2250,
        2500,
        2750,
        3000,
        3250,
        3500,
        1000000000
    ]
}