{
    "data": [
        47.19268770566113,
        7.320163109444423,
        6.334661799394313,
        2.215029276630844,
        0.9215462779296443,
        0.4136138475882567,
        0.20287202689792577,
        0.10570524741406057,
        0.0647411256243584,
        0.03256484761673344,
        0.01617390060800553,
        0.008568929900382508,
        0.004574702243787994,
        0.002530167451199361,
        0.003389610771663937
    ],
    "SM": [
        46.6384177627363,
        7.36751656452855,
        6.253226917780813,
        2.2422684993115873,
        0.9203466855058059,
        0.4090608838488947,
        0.19888226515431023,
        0.10491646516404689,
        0.06563602518633181,
        0.03108287299032102,
        0.016139894791585317,
        0.008328116660264505,
        0.0045723480661745254,
        0.0025369031905349195,
        0.0033979989188504087
    ],
    "bin-edges": [
        500,
        700,
        800,
        1000,
        1200,
        1400,
        1600,
        1800,
        2000,
        2250,
        2500,
        2750,
        3000,
        3250,
        3500,
        1000000000
    ]
}