{
    "data": [
        34.6060681222331,
        7.073562110112985,
        2.0859515199710525,
        0.6516253591696374,
        0.29748916411859955,
        0.12108928817450942,
        0.056140903492545635,
        0.028364020470542865,
        0.017761738187707172,
        0.00795481414864585,
        0.004151659417069523,
        0.002246401509615548,
        0.007351569914181513
    ],
    "SM": [
        34.56364936589915,
        7.088210872585725,
        2.061399673244676,
        0.727174056910506,
        0.28785291505946387,
        0.12496182803960505,
        0.05966555133154265,
        0.028442229012138796,
        0.015114616666590275,
        0.007961931094105439,
        0.004312491630738567,
        0.002421457163248142,
        0.003287051221145139
    ],
    "bin-edges": [
        500,
        750,
        1000,
        1250,
        1500,
        1750,
        2000,
        2250,
        2500,
        2750,
        3000,
        3250,
        3500,
        1000000
    ]
}