{
    "data": [
        60.50555303565161,
        2.2614768897183617,
        0.9137066028530492,
        0.417498130357109,
        0.2014054689444185,
        0.10461114581045308,
        0.06585492005080551,
        0.03197372146754091,
        0.016061503172817616,
        0.008538469699217044,
        0.004583378457231601,
        0.002611029629190865,
        0.0033957446113057027
    ],
    "SM": [
        60.25916124504478,
        2.2422684993115873,
        0.9203466855058059,
        0.4090608838488947,
        0.19888226515431023,
        0.10491646516404689,
        0.06563602518633181,
        0.03108287299032102,
        0.016139894791585317,
        0.008328116660264505,
        0.0045723480661745254,
        0.0025369031905349195,
        0.0033979989188504087
    ],
    "bin-edges": [
        500,
        1000,
        1200,
        1400,
        1600,
        1800,
        2000,
        2250,
        2500,
        2750,
        3000,
        3250,
        3500,
        1000000000
    ]
}