{
    "data": [
        45.88467052801682,
        7.082785517378883,
        5.934685799455705,
        2.0764225542326846,
        0.8304695691204853,
        0.35953459402420174,
        0.1661141282370196,
        0.08331888724691146,
        0.04931694896680213,
        0.02178956408026403,
        0.01034543748084049,
        0.005413698932153003,
        0.0027557989107930016,
        0.0014856813493565016,
        0.009009645722613497
    ],
    "SM": [
        46.6384177627363,
        7.36751656452855,
        6.253226917780813,
        2.2422684993115873,
        0.9203466855058059,
        0.4090608838488947,
        0.19888226515431023,
        0.10491646516404689,
        0.06563602518633181,
        0.03108287299032102,
        0.016139894791585317,
        0.008328116660264505,
        0.0045723480661745254,
        0.0025369031905349195,
        0.0033979989188504087
    ],
    "bin-edges": [
        500,
        700,
        800,
        1000,
        1200,
        1400,
        1600,
        1800,
        2000,
        2250,
        2500,
        2750,
        3000,
        3250,
        3500,
        1000000000
    ]
}