{
    "data": [
        60.797722114755295,
        2.227266664941006,
        0.8978861284245824,
        0.4034442781514304,
        0.19607683455139313,
        0.10282486852460876,
        0.0625523576562953,
        0.029364617420451412,
        0.014828821788595513,
        0.007755636043584443,
        0.004038362066302538,
        0.002234240525237081,
        0.0027712049282641975
    ],
    "SM": [
        60.25916124504478,
        2.2422684993115873,
        0.9203466855058059,
        0.4090608838488947,
        0.19888226515431023,
        0.10491646516404689,
        0.06563602518633181,
        0.03108287299032102,
        0.016139894791585317,
        0.008328116660264505,
        0.0045723480661745254,
        0.0025369031905349195,
        0.0033979989188504087
    ],
    "bin-edges": [
        500,
        1000,
        1200,
        1400,
        1600,
        1800,
        2000,
        2250,
        2500,
        2750,
        3000,
        3250,
        3500,
        1000000000
    ]
}