{
    "data": [
        60.31737747517817,
        2.1748098680281607,
        0.8680676162070012,
        0.3856508878338651,
        0.18491245638846188,
        0.09570484798897262,
        0.05710218885232554,
        0.026168418486067137,
        0.012886822205808302,
        0.006538321106213739,
        0.003313503391000777,
        0.00178233374586704,
        0.0021916785313872795
    ],
    "SM": [
        60.25916124504478,
        2.2422684993115873,
        0.9203466855058059,
        0.4090608838488947,
        0.19888226515431023,
        0.10491646516404689,
        0.06563602518633181,
        0.03108287299032102,
        0.016139894791585317,
        0.008328116660264505,
        0.0045723480661745254,
        0.0025369031905349195,
        0.0033979989188504087
    ],
    "bin-edges": [
        500,
        1000,
        1200,
        1400,
        1600,
        1800,
        2000,
        2250,
        2500,
        2750,
        3000,
        3250,
        3500,
        1000000000
    ]
}