{
    "data": [
        46.937118993375236,
        7.251797925479871,
        6.252745628326744,
        2.17066487636201,
        0.8956945317220801,
        0.3979121699567731,
        0.19310368152150786,
        0.09909092538700665,
        0.059681846587517046,
        0.029434972992263695,
        0.01430534493372287,
        0.007353595322157002,
        0.0038122312255320263,
        0.0020400912985143378,
        0.0024960447017512897
    ],
    "SM": [
        46.6384177627363,
        7.36751656452855,
        6.253226917780813,
        2.2422684993115873,
        0.9203466855058059,
        0.4090608838488947,
        0.19888226515431023,
        0.10491646516404689,
        0.06563602518633181,
        0.03108287299032102,
        0.016139894791585317,
        0.008328116660264505,
        0.0045723480661745254,
        0.0025369031905349195,
        0.0033979989188504087
    ],
    "bin-edges": [
        500,
        700,
        800,
        1000,
        1200,
        1400,
        1600,
        1800,
        2000,
        2250,
        2500,
        2750,
        3000,
        3250,
        3500,
        1000000000
    ]
}