{
    "data": [
        47.1691895891827,
        7.1646836168867605,
        6.40862703369,
        2.2043715567462057,
        0.895467605892268,
        0.40301953246610156,
        0.19256613657540622,
        0.09971661576150614,
        0.0605184528187739,
        0.029478759163920065,
        0.014683073046293708,
        0.007568688153116307,
        0.003936361007427857,
        0.002097921432414203,
        0.002650215609775178
    ],
    "SM": [
        46.6384177627363,
        7.36751656452855,
        6.253226917780813,
        2.2422684993115873,
        0.9203466855058059,
        0.4090608838488947,
        0.19888226515431023,
        0.10491646516404689,
        0.06563602518633181,
        0.03108287299032102,
        0.016139894791585317,
        0.008328116660264505,
        0.0045723480661745254,
        0.0025369031905349195,
        0.0033979989188504087
    ],
    "bin-edges": [
        500,
        700,
        800,
        1000,
        1200,
        1400,
        1600,
        1800,
        2000,
        2250,
        2500,
        2750,
        3000,
        3250,
        3500,
        1000000000
    ]
}