{
    "data": [
        1307.2927583371752,
        262.8895394255398,
        78.37263085501836,
        31.583207250169,
        14.847620170479615,
        7.471561114770428,
        3.945410163864077,
        2.283947883923441,
        1.330154600910384,
        0.8299581308815452,
        0.5271353978208057,
        0.3477239266449733,
        0.23647091584895133,
        0.16049187388713235,
        0.11151005392378083,
        0.07717222703100896,
        0.05963679546858598,
        0.038860830444788504,
        0.04956055123382311,
        0.027125523533991475,
        0.015485890793545027,
        0.00879630651913477,
        0.005059158992250493,
        0.005313848287230522,
        0.00391515097436059
    ],
    "SM": [
        1503.009761992703,
        256.10375633877396,
        84.40629214423133,
        32.5976823051051,
        14.717942799174036,
        7.171908016124162,
        4.033531768911663,
        2.2520318562571724,
        1.3945232846275775,
        0.868087675981476,
        0.5534863302602925,
        0.36552878401011335,
        0.24184986552848142,
        0.16792994847237047,
        0.11898416189489563,
        0.08360600864192513,
        0.05926880395710149,
        0.04372599936598046,
        0.056300693246619814,
        0.030737812916820574,
        0.01845190772276544,
        0.010641419082607873,
        0.006222948611078697,
        0.007208178872970599,
        0.0034027064619119684
    ],
    "bin-edges": [
        200,
        300,
        400,
        500,
        600,
        700,
        800,
        900,
        1000,
        1100,
        1200,
        1300,
        1400,
        1500,
        1600,
        1700,
        1800,
        1900,
        2000,
        2200,
        2400,
        2600,
        2800,
        3000,
        3500,
        1000000000
    ]
}