{
    "data": [
        1307.8112785538258,
        263.2456432371798,
        78.56545040499171,
        31.70029100523435,
        14.926144483454479,
        7.524580588951804,
        3.9825327453327617,
        2.310824817482408,
        1.3493766623250554,
        0.8446630548219948,
        0.5383688381088259,
        0.35613404118419517,
        0.2431708385146503,
        0.16569835233099714,
        0.11552854792411027,
        0.08043648272442872,
        0.06257427724024153,
        0.04095505914004548,
        0.05278673814627761,
        0.02918285220097553,
        0.016942652486078996,
        0.009762851622358504,
        0.005715448661895498,
        0.006249893199175005,
        0.003408757253631439
    ],
    "SM": [
        1503.009761992703,
        256.10375633877396,
        84.40629214423133,
        32.5976823051051,
        14.717942799174036,
        7.171908016124162,
        4.033531768911663,
        2.2520318562571724,
        1.3945232846275775,
        0.868087675981476,
        0.5534863302602925,
        0.36552878401011335,
        0.24184986552848142,
        0.16792994847237047,
        0.11898416189489563,
        0.08360600864192513,
        0.05926880395710149,
        0.04372599936598046,
        0.056300693246619814,
        0.030737812916820574,
        0.01845190772276544,
        0.010641419082607873,
        0.006222948611078697,
        0.007208178872970599,
        0.0034027064619119684
    ],
    "bin-edges": [
        200,
        300,
        400,
        500,
        600,
        700,
        800,
        900,
        1000,
        1100,
        1200,
        1300,
        1400,
        1500,
        1600,
        1700,
        1800,
        1900,
        2000,
        2200,
        2400,
        2600,
        2800,
        3000,
        3500,
        1000000000
    ]
}