{
    "data": [
        34.34636829527451,
        6.775772552974321,
        1.9566949748563598,
        0.6793706214784138,
        0.26129710958549435,
        0.10949661162748246,
        0.04972615746039002,
        0.023493101408241703,
        0.011318645635632469,
        0.005665139897452754,
        0.0029376886036887664,
        0.0015154874812082525,
        0.004738990762737241
    ],
    "SM": [
        34.56364936589915,
        7.088210872585725,
        2.061399673244676,
        0.727174056910506,
        0.28785291505946387,
        0.12496182803960505,
        0.05966555133154265,
        0.028442229012138796,
        0.015114616666590275,
        0.007961931094105439,
        0.004312491630738567,
        0.002421457163248142,
        0.003287051221145139
    ],
    "bin-edges": [
        500,
        750,
        1000,
        1250,
        1500,
        1750,
        2000,
        2250,
        2500,
        2750,
        3000,
        3250,
        3500,
        1000000
    ]
}