{
    "data": [
        34.10347250533227,
        6.851137894656028,
        1.9694808799555708,
        0.5944034679255132,
        0.26206148622912284,
        0.10217093896436226,
        0.04868860889197583,
        0.019240184881582502,
        0.009825663168452167,
        0.005867851967130083,
        0.0028217692729600005,
        0.0016596083414294994,
        0.07320433919898453
    ],
    "SM": [
        34.56364936589915,
        7.088210872585725,
        2.061399673244676,
        0.727174056910506,
        0.28785291505946387,
        0.12496182803960505,
        0.05966555133154265,
        0.028442229012138796,
        0.015114616666590275,
        0.007961931094105439,
        0.004312491630738567,
        0.002421457163248142,
        0.003287051221145139
    ],
    "bin-edges": [
        500,
        750,
        1000,
        1250,
        1500,
        1750,
        2000,
        2250,
        2500,
        2750,
        3000,
        3250,
        3500,
        1000000
    ]
}