{
    "data": [
        47.37826370035555,
        7.217017490065781,
        6.4744198831201345,
        2.240145097119156,
        0.9161064959552344,
        0.4159386316876433,
        0.20051395150959617,
        0.10477521459942582,
        0.06454763017418197,
        0.031961606879935496,
        0.0163112893068739,
        0.008570991438152004,
        0.004599839462589995,
        0.0025175704644198288,
        0.0034033183579687907
    ],
    "SM": [
        46.6384177627363,
        7.36751656452855,
        6.253226917780813,
        2.2422684993115873,
        0.9203466855058059,
        0.4090608838488947,
        0.19888226515431023,
        0.10491646516404689,
        0.06563602518633181,
        0.03108287299032102,
        0.016139894791585317,
        0.008328116660264505,
        0.0045723480661745254,
        0.0025369031905349195,
        0.0033979989188504087
    ],
    "bin-edges": [
        500,
        700,
        800,
        1000,
        1200,
        1400,
        1600,
        1800,
        2000,
        2250,
        2500,
        2750,
        3000,
        3250,
        3500,
        1000000000
    ]
}