{
    "data": [
        59.86807242530855,
        2.2664625819011204,
        0.9100335204721574,
        0.4112304516939748,
        0.2029413245664753,
        0.10114503213513443,
        0.06526738827679096,
        0.03168048133542998,
        0.01609832903815169,
        0.008411589844596487,
        0.004631374397076833,
        0.0025479202708903253,
        0.005357050418868545
    ],
    "SM": [
        60.25916124504478,
        2.2422684993115873,
        0.9203466855058059,
        0.4090608838488947,
        0.19888226515431023,
        0.10491646516404689,
        0.06563602518633181,
        0.03108287299032102,
        0.016139894791585317,
        0.008328116660264505,
        0.0045723480661745254,
        0.0025369031905349195,
        0.0033979989188504087
    ],
    "bin-edges": [
        500,
        1000,
        1200,
        1400,
        1600,
        1800,
        2000,
        2250,
        2500,
        2750,
        3000,
        3250,
        3500,
        1000000000
    ]
}