{
    "data": [
        1309.7126360943234,
        255.00289331216106,
        78.83281036311516,
        31.330329625899864,
        13.753931660137013,
        6.9793127732622775,
        3.6859749415490892,
        2.02109033810513,
        1.2163745171111062,
        0.7211877195897606,
        0.4633188022845769,
        0.2819535820115583,
        0.18917720059789575,
        0.1262609180255408,
        0.08353730495071703,
        0.05521250826501898,
        0.03762064091878402,
        0.027523690681267494,
        0.034790849128368426,
        0.0189273793260565,
        0.01162717908846852,
        0.008297393235364976,
        0.006721964969416993,
        0.016407175688770526,
        0.22180845099150148
    ],
    "SM": [
        1503.009761992703,
        256.10375633877396,
        84.40629214423133,
        32.5976823051051,
        14.717942799174036,
        7.171908016124162,
        4.033531768911663,
        2.2520318562571724,
        1.3945232846275775,
        0.868087675981476,
        0.5534863302602925,
        0.36552878401011335,
        0.24184986552848142,
        0.16792994847237047,
        0.11898416189489563,
        0.08360600864192513,
        0.05926880395710149,
        0.04372599936598046,
        0.056300693246619814,
        0.030737812916820574,
        0.01845190772276544,
        0.010641419082607873,
        0.006222948611078697,
        0.007208178872970599,
        0.0034027064619119684
    ],
    "bin-edges": [
        200,
        300,
        400,
        500,
        600,
        700,
        800,
        900,
        1000,
        1100,
        1200,
        1300,
        1400,
        1500,
        1600,
        1700,
        1800,
        1900,
        2000,
        2200,
        2400,
        2600,
        2800,
        3000,
        3500,
        1000000000
    ]
}