{
    "data": [
        34.480543384317194,
        7.0762228998838035,
        1.987681147957939,
        0.680448797014795,
        0.26877036867135107,
        0.11428715867809515,
        0.05184493053282502,
        0.02470499235016463,
        0.012134385717581998,
        0.006240298402007261,
        0.003212756176611254,
        0.001676848351991249,
        0.0024486686572572553
    ],
    "SM": [
        34.56364936589915,
        7.088210872585725,
        2.061399673244676,
        0.727174056910506,
        0.28785291505946387,
        0.12496182803960505,
        0.05966555133154265,
        0.028442229012138796,
        0.015114616666590275,
        0.007961931094105439,
        0.004312491630738567,
        0.002421457163248142,
        0.003287051221145139
    ],
    "bin-edges": [
        500,
        750,
        1000,
        1250,
        1500,
        1750,
        2000,
        2250,
        2500,
        2750,
        3000,
        3250,
        3500,
        1000000
    ]
}