{
    "data": [
        34.72640339197283,
        6.93115355615531,
        2.0361128316167134,
        0.7211915747380129,
        0.285080180552225,
        0.12313014354953428,
        0.057933407663170296,
        0.028419706408849926,
        0.014500074638165036,
        0.007572452666063756,
        0.00417067289045374,
        0.0022443758935022477,
        0.003211931233336579
    ],
    "SM": [
        34.56364936589915,
        7.088210872585725,
        2.061399673244676,
        0.727174056910506,
        0.28785291505946387,
        0.12496182803960505,
        0.05966555133154265,
        0.028442229012138796,
        0.015114616666590275,
        0.007961931094105439,
        0.004312491630738567,
        0.002421457163248142,
        0.003287051221145139
    ],
    "bin-edges": [
        500,
        750,
        1000,
        1250,
        1500,
        1750,
        2000,
        2250,
        2500,
        2750,
        3000,
        3250,
        3500,
        1000000
    ]
}