{
    "data": [
        60.7051138753402,
        2.233081507459951,
        0.9166113155909844,
        0.41238384729726946,
        0.20254545414743924,
        0.10407925867593779,
        0.06586534913277729,
        0.03163909183359622,
        0.016357063901084722,
        0.008528319518114974,
        0.004556558764407459,
        0.0025957286001194934,
        0.0035040081968967375
    ],
    "SM": [
        60.25916124504478,
        2.2422684993115873,
        0.9203466855058059,
        0.4090608838488947,
        0.19888226515431023,
        0.10491646516404689,
        0.06563602518633181,
        0.03108287299032102,
        0.016139894791585317,
        0.008328116660264505,
        0.0045723480661745254,
        0.0025369031905349195,
        0.0033979989188504087
    ],
    "bin-edges": [
        500,
        1000,
        1200,
        1400,
        1600,
        1800,
        2000,
        2250,
        2500,
        2750,
        3000,
        3250,
        3500,
        1000000000
    ]
}