{
    "data": [
        1308.2011767237066,
        263.51350522893694,
        78.71064961542835,
        31.788585023900982,
        14.985461502557973,
        7.564714028753977,
        4.010699664363283,
        2.3312743768117485,
        1.364046633602796,
        0.8559224797250646,
        0.5470026698419059,
        0.36262341148292176,
        0.2483649454765972,
        0.169753562359229,
        0.11867632430679152,
        0.0830088971957024,
        0.0649037109443446,
        0.042628378169661967,
        0.05539105004222583,
        0.030872803101851,
        0.018164471180083328,
        0.01059367846478813,
        0.006296564336457526,
        0.007130381732342479,
        0.003431691105788548
    ],
    "SM": [
        1503.009761992703,
        256.10375633877396,
        84.40629214423133,
        32.5976823051051,
        14.717942799174036,
        7.171908016124162,
        4.033531768911663,
        2.2520318562571724,
        1.3945232846275775,
        0.868087675981476,
        0.5534863302602925,
        0.36552878401011335,
        0.24184986552848142,
        0.16792994847237047,
        0.11898416189489563,
        0.08360600864192513,
        0.05926880395710149,
        0.04372599936598046,
        0.056300693246619814,
        0.030737812916820574,
        0.01845190772276544,
        0.010641419082607873,
        0.006222948611078697,
        0.007208178872970599,
        0.0034027064619119684
    ],
    "bin-edges": [
        200,
        300,
        400,
        500,
        600,
        700,
        800,
        900,
        1000,
        1100,
        1200,
        1300,
        1400,
        1500,
        1600,
        1700,
        1800,
        1900,
        2000,
        2200,
        2400,
        2600,
        2800,
        3000,
        3500,
        1000000000
    ]
}