{
    "data": [
        60.64444219952493,
        2.2104173754261653,
        0.8882640267851134,
        0.3976708219285257,
        0.19243033247224658,
        0.10048105771317625,
        0.06074027495313963,
        0.0282870373377594,
        0.014162902024854724,
        0.0073296932852504985,
        0.0037781238517609517,
        0.0020669334525943075,
        0.0025047028448938707
    ],
    "SM": [
        60.25916124504478,
        2.2422684993115873,
        0.9203466855058059,
        0.4090608838488947,
        0.19888226515431023,
        0.10491646516404689,
        0.06563602518633181,
        0.03108287299032102,
        0.016139894791585317,
        0.008328116660264505,
        0.0045723480661745254,
        0.0025369031905349195,
        0.0033979989188504087
    ],
    "bin-edges": [
        500,
        1000,
        1200,
        1400,
        1600,
        1800,
        2000,
        2250,
        2500,
        2750,
        3000,
        3250,
        3500,
        1000000000
    ]
}