{
    "data": [
        46.857003446476305,
        7.063452539599367,
        6.221018449327708,
        2.197047144736068,
        0.8895207288460666,
        0.3962325073030208,
        0.19276499586370485,
        0.09861066883476857,
        0.06031307738936901,
        0.028540880578392044,
        0.01399486536950652,
        0.007444483250774505,
        0.0037758260808484975,
        0.0020196853216935015,
        0.002668058898243936
    ],
    "SM": [
        46.6384177627363,
        7.36751656452855,
        6.253226917780813,
        2.2422684993115873,
        0.9203466855058059,
        0.4090608838488947,
        0.19888226515431023,
        0.10491646516404689,
        0.06563602518633181,
        0.03108287299032102,
        0.016139894791585317,
        0.008328116660264505,
        0.0045723480661745254,
        0.0025369031905349195,
        0.0033979989188504087
    ],
    "bin-edges": [
        500,
        700,
        800,
        1000,
        1200,
        1400,
        1600,
        1800,
        2000,
        2250,
        2500,
        2750,
        3000,
        3250,
        3500,
        1000000000
    ]
}