{
    "data": [
        1310.6994067250128,
        259.1124976411299,
        80.3942356252494,
        33.004018069275475,
        14.866510449123188,
        7.278560891859822,
        4.041457559178658,
        2.2600391805991045,
        1.3913131269925008,
        0.8462673392593015,
        0.551968620563349,
        0.36180875868781115,
        0.24285423487397878,
        0.16810810771332083,
        0.11783813924137763,
        0.08354756428766094,
        0.06031724986126401,
        0.042671684833006034,
        0.0561731776086594,
        0.03057035471005751,
        0.017605078526578,
        0.010532282893949405,
        0.006268155994396511,
        0.007021873459569685,
        0.0033054396582184657
    ],
    "SM": [
        1503.009761992703,
        256.10375633877396,
        84.40629214423133,
        32.5976823051051,
        14.717942799174036,
        7.171908016124162,
        4.033531768911663,
        2.2520318562571724,
        1.3945232846275775,
        0.868087675981476,
        0.5534863302602925,
        0.36552878401011335,
        0.24184986552848142,
        0.16792994847237047,
        0.11898416189489563,
        0.08360600864192513,
        0.05926880395710149,
        0.04372599936598046,
        0.056300693246619814,
        0.030737812916820574,
        0.01845190772276544,
        0.010641419082607873,
        0.006222948611078697,
        0.007208178872970599,
        0.0034027064619119684
    ],
    "bin-edges": [
        200,
        300,
        400,
        500,
        600,
        700,
        800,
        900,
        1000,
        1100,
        1200,
        1300,
        1400,
        1500,
        1600,
        1700,
        1800,
        1900,
        2000,
        2200,
        2400,
        2600,
        2800,
        3000,
        3500,
        1000000000
    ]
}