{
    "data": [
        59.622218390332684,
        2.185120467436026,
        0.8879155382798296,
        0.3944326247387791,
        0.19093462730354843,
        0.09846830315652595,
        0.05977125075839585,
        0.028919436442070276,
        0.014144268428329214,
        0.007274848733058004,
        0.0037798576182313977,
        0.0020154828556451995,
        0.002687428323125656
    ],
    "SM": [
        60.25916124504478,
        2.2422684993115873,
        0.9203466855058059,
        0.4090608838488947,
        0.19888226515431023,
        0.10491646516404689,
        0.06563602518633181,
        0.03108287299032102,
        0.016139894791585317,
        0.008328116660264505,
        0.0045723480661745254,
        0.0025369031905349195,
        0.0033979989188504087
    ],
    "bin-edges": [
        500,
        1000,
        1200,
        1400,
        1600,
        1800,
        2000,
        2250,
        2500,
        2750,
        3000,
        3250,
        3500,
        1000000000
    ]
}