{
    "data": [
        34.66172184116401,
        7.155858603432802,
        2.025863309554321,
        0.7002881138830407,
        0.28012437250173483,
        0.12092905201291339,
        0.055759667744100974,
        0.027015139498200457,
        0.013613444824600222,
        0.007136543726900105,
        0.003775552312000111,
        0.0020356622034003536,
        0.0026687128720005323
    ],
    "SM": [
        34.56364936589915,
        7.088210872585725,
        2.061399673244676,
        0.727174056910506,
        0.28785291505946387,
        0.12496182803960505,
        0.05966555133154265,
        0.028442229012138796,
        0.015114616666590275,
        0.007961931094105439,
        0.004312491630738567,
        0.002421457163248142,
        0.003287051221145139
    ],
    "bin-edges": [
        500,
        750,
        1000,
        1250,
        1500,
        1750,
        2000,
        2250,
        2500,
        2750,
        3000,
        3250,
        3500,
        1000000
    ]
}