{
    "data": [
        46.95130819729032,
        7.315137151186736,
        6.3205315841808805,
        2.2493136310649984,
        0.9035216393563377,
        0.41033160972809174,
        0.20193167746438387,
        0.1045316304328841,
        0.06450345956974893,
        0.03223497626343172,
        0.015971694296692387,
        0.008522288298223915,
        0.0045408441694254256,
        0.0024805576264218146,
        0.005435435594454458
    ],
    "SM": [
        46.6384177627363,
        7.36751656452855,
        6.253226917780813,
        2.2422684993115873,
        0.9203466855058059,
        0.4090608838488947,
        0.19888226515431023,
        0.10491646516404689,
        0.06563602518633181,
        0.03108287299032102,
        0.016139894791585317,
        0.008328116660264505,
        0.0045723480661745254,
        0.0025369031905349195,
        0.0033979989188504087
    ],
    "bin-edges": [
        500,
        700,
        800,
        1000,
        1200,
        1400,
        1600,
        1800,
        2000,
        2250,
        2500,
        2750,
        3000,
        3250,
        3500,
        1000000000
    ]
}