{
    "data": [
        46.65710309261707,
        7.239612953469114,
        6.2238967276763235,
        2.1974319172983283,
        0.8734615940464144,
        0.3920763636119052,
        0.1901181212450895,
        0.09662558600759306,
        0.05828425904673999,
        0.028122640572268518,
        0.013542159966486614,
        0.0067855126837993085,
        0.003440465098302231,
        0.0018280439461388527,
        0.03601566371448252
    ],
    "SM": [
        46.6384177627363,
        7.36751656452855,
        6.253226917780813,
        2.2422684993115873,
        0.9203466855058059,
        0.4090608838488947,
        0.19888226515431023,
        0.10491646516404689,
        0.06563602518633181,
        0.03108287299032102,
        0.016139894791585317,
        0.008328116660264505,
        0.0045723480661745254,
        0.0025369031905349195,
        0.0033979989188504087
    ],
    "bin-edges": [
        500,
        700,
        800,
        1000,
        1200,
        1400,
        1600,
        1800,
        2000,
        2250,
        2500,
        2750,
        3000,
        3250,
        3500,
        1000000000
    ]
}