{
    "data": [
        60.365415073498276,
        2.2457110221800543,
        0.9046291521243275,
        0.41198185809583765,
        0.1979438147960004,
        0.10231731999628339,
        0.06403638298505969,
        0.030859768109400016,
        0.015348039853685103,
        0.008084022146747792,
        0.004288713504569599,
        0.002410883064380342,
        0.0030295091424058823
    ],
    "SM": [
        60.25916124504478,
        2.2422684993115873,
        0.9203466855058059,
        0.4090608838488947,
        0.19888226515431023,
        0.10491646516404689,
        0.06563602518633181,
        0.03108287299032102,
        0.016139894791585317,
        0.008328116660264505,
        0.0045723480661745254,
        0.0025369031905349195,
        0.0033979989188504087
    ],
    "bin-edges": [
        500,
        1000,
        1200,
        1400,
        1600,
        1800,
        2000,
        2250,
        2500,
        2750,
        3000,
        3250,
        3500,
        1000000000
    ]
}