{
    "data": [
        58.88765143423977,
        2.105574363749878,
        0.8421439941195987,
        0.36752051686269666,
        0.17399536862783233,
        0.0877847190320607,
        0.05181941878902502,
        0.024263176935723708,
        0.011443372172637379,
        0.005661108490299017,
        0.0028758541773564786,
        0.00153039106853792,
        0.003414152083735999
    ],
    "SM": [
        60.25916124504478,
        2.2422684993115873,
        0.9203466855058059,
        0.4090608838488947,
        0.19888226515431023,
        0.10491646516404689,
        0.06563602518633181,
        0.03108287299032102,
        0.016139894791585317,
        0.008328116660264505,
        0.0045723480661745254,
        0.0025369031905349195,
        0.0033979989188504087
    ],
    "bin-edges": [
        500,
        1000,
        1200,
        1400,
        1600,
        1800,
        2000,
        2250,
        2500,
        2750,
        3000,
        3250,
        3500,
        1000000000
    ]
}