{
    "data": [
        34.54590557172293,
        7.046682726005502,
        2.0716863104327365,
        0.6444821117012246,
        0.2929699349979185,
        0.1186113384334335,
        0.055122670830826656,
        0.027042188026857504,
        0.016492649859615415,
        0.007586712672626999,
        0.003864038654167001,
        0.0020684645152110005,
        0.014977196828859885
    ],
    "SM": [
        34.56364936589915,
        7.088210872585725,
        2.061399673244676,
        0.727174056910506,
        0.28785291505946387,
        0.12496182803960505,
        0.05966555133154265,
        0.028442229012138796,
        0.015114616666590275,
        0.007961931094105439,
        0.004312491630738567,
        0.002421457163248142,
        0.003287051221145139
    ],
    "bin-edges": [
        500,
        750,
        1000,
        1250,
        1500,
        1750,
        2000,
        2250,
        2500,
        2750,
        3000,
        3250,
        3500,
        1000000
    ]
}