{
    "data": [
        34.67578754091215,
        7.06535009732332,
        2.0109606255002066,
        0.7048137161097534,
        0.2787680352210568,
        0.11904614830981544,
        0.05453323158021253,
        0.026665809477500003,
        0.013755793315990009,
        0.006952569319847507,
        0.003572531698094994,
        0.0019652059286375044,
        0.007021723399730867
    ],
    "SM": [
        34.56364936589915,
        7.088210872585725,
        2.061399673244676,
        0.727174056910506,
        0.28785291505946387,
        0.12496182803960505,
        0.05966555133154265,
        0.028442229012138796,
        0.015114616666590275,
        0.007961931094105439,
        0.004312491630738567,
        0.002421457163248142,
        0.003287051221145139
    ],
    "bin-edges": [
        500,
        750,
        1000,
        1250,
        1500,
        1750,
        2000,
        2250,
        2500,
        2750,
        3000,
        3250,
        3500,
        1000000
    ]
}