{
    "data": [
        47.12029060608945,
        7.126816200749919,
        6.303456593896227,
        2.2434552102676477,
        0.916033297080328,
        0.41230607745101056,
        0.20297440665839422,
        0.10539361393283112,
        0.06552419484187046,
        0.03171671139534916,
        0.01600124090570337,
        0.008710655486275953,
        0.004580521498401862,
        0.002535731983556508,
        0.0033711977296926043
    ],
    "SM": [
        46.6384177627363,
        7.36751656452855,
        6.253226917780813,
        2.2422684993115873,
        0.9203466855058059,
        0.4090608838488947,
        0.19888226515431023,
        0.10491646516404689,
        0.06563602518633181,
        0.03108287299032102,
        0.016139894791585317,
        0.008328116660264505,
        0.0045723480661745254,
        0.0025369031905349195,
        0.0033979989188504087
    ],
    "bin-edges": [
        500,
        700,
        800,
        1000,
        1200,
        1400,
        1600,
        1800,
        2000,
        2250,
        2500,
        2750,
        3000,
        3250,
        3500,
        1000000000
    ]
}