{
    "data": [
        58.73075360926216,
        2.085310980812433,
        0.8277495202034028,
        0.35628243583628766,
        0.16632789547867405,
        0.08087716112179656,
        0.049054852833579445,
        0.021864414986465394,
        0.010399775621817396,
        0.0051268274099274,
        0.0027363989817106005,
        0.0015130875151020003,
        0.009238838108169792
    ],
    "SM": [
        60.25916124504478,
        2.2422684993115873,
        0.9203466855058059,
        0.4090608838488947,
        0.19888226515431023,
        0.10491646516404689,
        0.06563602518633181,
        0.03108287299032102,
        0.016139894791585317,
        0.008328116660264505,
        0.0045723480661745254,
        0.0025369031905349195,
        0.0033979989188504087
    ],
    "bin-edges": [
        500,
        1000,
        1200,
        1400,
        1600,
        1800,
        2000,
        2250,
        2500,
        2750,
        3000,
        3250,
        3500,
        1000000000
    ]
}