{
    "data": [
        1406.5215866975473,
        255.39789005986708,
        78.87001049707472,
        32.110431153566374,
        14.61050985707273,
        7.206461373887122,
        3.892493275504529,
        2.322829615172892,
        1.3711992817782843,
        0.837718329025214,
        0.531144011751411,
        0.34846195720705847,
        0.23555354727416206,
        0.16305389406117077,
        0.11223714579682226,
        0.0785823613682651,
        0.0566995738017375,
        0.039946986665499375,
        0.0516504201808818,
        0.027586571464389118,
        0.015199181838691426,
        0.008975397588119723,
        0.00524077219690854,
        0.005739718909397075,
        0.002409756457988869
    ],
    "SM": [
        1503.009761992703,
        256.10375633877396,
        84.40629214423133,
        32.5976823051051,
        14.717942799174036,
        7.171908016124162,
        4.033531768911663,
        2.2520318562571724,
        1.3945232846275775,
        0.868087675981476,
        0.5534863302602925,
        0.36552878401011335,
        0.24184986552848142,
        0.16792994847237047,
        0.11898416189489563,
        0.08360600864192513,
        0.05926880395710149,
        0.04372599936598046,
        0.056300693246619814,
        0.030737812916820574,
        0.01845190772276544,
        0.010641419082607873,
        0.006222948611078697,
        0.007208178872970599,
        0.0034027064619119684
    ],
    "bin-edges": [
        200,
        300,
        400,
        500,
        600,
        700,
        800,
        900,
        1000,
        1100,
        1200,
        1300,
        1400,
        1500,
        1600,
        1700,
        1800,
        1900,
        2000,
        2200,
        2400,
        2600,
        2800,
        3000,
        3500,
        1000000000
    ]
}