{
    "data": [
        34.49931648304206,
        6.838012934135462,
        1.9882972297498798,
        0.6958654773590276,
        0.27057206215899526,
        0.11473571846960753,
        0.05282082720268752,
        0.025306070289827468,
        0.012453618226654976,
        0.006316441316142499,
        0.00333323082422,
        0.001730005803322504,
        0.003683670038855257
    ],
    "SM": [
        34.56364936589915,
        7.088210872585725,
        2.061399673244676,
        0.727174056910506,
        0.28785291505946387,
        0.12496182803960505,
        0.05966555133154265,
        0.028442229012138796,
        0.015114616666590275,
        0.007961931094105439,
        0.004312491630738567,
        0.002421457163248142,
        0.003287051221145139
    ],
    "bin-edges": [
        500,
        750,
        1000,
        1250,
        1500,
        1750,
        2000,
        2250,
        2500,
        2750,
        3000,
        3250,
        3500,
        1000000
    ]
}