{
    "data": [
        34.3999106337969,
        6.981739387618712,
        2.0374314088963965,
        0.6274755582604816,
        0.28231538924748345,
        0.11283569085531188,
        0.05279321045933343,
        0.02409137810750003,
        0.013771929297666668,
        0.006823772568166668,
        0.0033057213253748904,
        0.0017577290223749409,
        0.03383932824598393
    ],
    "SM": [
        34.56364936589915,
        7.088210872585725,
        2.061399673244676,
        0.727174056910506,
        0.28785291505946387,
        0.12496182803960505,
        0.05966555133154265,
        0.028442229012138796,
        0.015114616666590275,
        0.007961931094105439,
        0.004312491630738567,
        0.002421457163248142,
        0.003287051221145139
    ],
    "bin-edges": [
        500,
        750,
        1000,
        1250,
        1500,
        1750,
        2000,
        2250,
        2500,
        2750,
        3000,
        3250,
        3500,
        1000000
    ]
}