{
    "data": [
        60.22153591038833,
        2.2482873121245657,
        0.9217894401116398,
        0.4115400874102554,
        0.20095171544504997,
        0.10182052618770011,
        0.06579930085024656,
        0.03142407705299479,
        0.016247144897296898,
        0.008488950268535274,
        0.004614127601185132,
        0.002529085180091875,
        0.0034592504174833483
    ],
    "SM": [
        60.25916124504478,
        2.2422684993115873,
        0.9203466855058059,
        0.4090608838488947,
        0.19888226515431023,
        0.10491646516404689,
        0.06563602518633181,
        0.03108287299032102,
        0.016139894791585317,
        0.008328116660264505,
        0.0045723480661745254,
        0.0025369031905349195,
        0.0033979989188504087
    ],
    "bin-edges": [
        500,
        1000,
        1200,
        1400,
        1600,
        1800,
        2000,
        2250,
        2500,
        2750,
        3000,
        3250,
        3500,
        1000000000
    ]
}