{
    "data": [
        34.950669117259416,
        5.986483855181437,
        2.067660788029219,
        0.7616122104539549,
        0.27685940074556076,
        0.12045727453613622,
        0.054915352520490256,
        0.026695173032252592,
        0.013160531397749647,
        0.006721516783191609,
        0.0038603351473664406,
        0.0018364909931506842,
        0.00734596397260274
    ],
    "SM": [
        34.56364936589915,
        7.088210872585725,
        2.061399673244676,
        0.727174056910506,
        0.28785291505946387,
        0.12496182803960505,
        0.05966555133154265,
        0.028442229012138796,
        0.015114616666590275,
        0.007961931094105439,
        0.004312491630738567,
        0.002421457163248142,
        0.003287051221145139
    ],
    "bin-edges": [
        500,
        750,
        1000,
        1250,
        1500,
        1750,
        2000,
        2250,
        2500,
        2750,
        3000,
        3250,
        3500,
        1000000
    ]
}