{
    "data": [
        60.28161841347295,
        2.2363243895178737,
        0.899240511834283,
        0.4087186936960643,
        0.1959045718606495,
        0.1009725198864376,
        0.06297661672739817,
        0.030215681752778483,
        0.014939394421521634,
        0.007826552040368709,
        0.0041238024795653624,
        0.0023005062951105774,
        0.002844021633639176
    ],
    "SM": [
        60.25916124504478,
        2.2422684993115873,
        0.9203466855058059,
        0.4090608838488947,
        0.19888226515431023,
        0.10491646516404689,
        0.06563602518633181,
        0.03108287299032102,
        0.016139894791585317,
        0.008328116660264505,
        0.0045723480661745254,
        0.0025369031905349195,
        0.0033979989188504087
    ],
    "bin-edges": [
        500,
        1000,
        1200,
        1400,
        1600,
        1800,
        2000,
        2250,
        2500,
        2750,
        3000,
        3250,
        3500,
        1000000000
    ]
}