{
    "data": [
        34.42027429521729,
        6.962992861068252,
        2.000903188730611,
        0.694598782399655,
        0.2704748053239844,
        0.11696655188496752,
        0.053502946656737785,
        0.025605830385649953,
        0.012343212921829992,
        0.006171319333994503,
        0.0033312720291000116,
        0.0017912221356725076,
        0.00946572508317853
    ],
    "SM": [
        34.56364936589915,
        7.088210872585725,
        2.061399673244676,
        0.727174056910506,
        0.28785291505946387,
        0.12496182803960505,
        0.05966555133154265,
        0.028442229012138796,
        0.015114616666590275,
        0.007961931094105439,
        0.004312491630738567,
        0.002421457163248142,
        0.003287051221145139
    ],
    "bin-edges": [
        500,
        750,
        1000,
        1250,
        1500,
        1750,
        2000,
        2250,
        2500,
        2750,
        3000,
        3250,
        3500,
        1000000
    ]
}