{
    "data": [
        1407.4707970036666,
        255.89977599913084,
        79.14264958773444,
        32.27979343240391,
        14.718357189841587,
        7.280872357230214,
        3.942828699017296,
        2.360914246485888,
        1.3989531139578841,
        0.8586475208270586,
        0.5465730741211022,
        0.3602761981775893,
        0.2449685870236736,
        0.17034094893206456,
        0.11802980418525692,
        0.08330062090358302,
        0.060423161563010516,
        0.04293679313862196,
        0.05618335162099257,
        0.03056401527777196,
        0.017125274238877462,
        0.010298578206887541,
        0.0061708432668695,
        0.006983517813840022,
        0.003236661930406352
    ],
    "SM": [
        1503.009761992703,
        256.10375633877396,
        84.40629214423133,
        32.5976823051051,
        14.717942799174036,
        7.171908016124162,
        4.033531768911663,
        2.2520318562571724,
        1.3945232846275775,
        0.868087675981476,
        0.5534863302602925,
        0.36552878401011335,
        0.24184986552848142,
        0.16792994847237047,
        0.11898416189489563,
        0.08360600864192513,
        0.05926880395710149,
        0.04372599936598046,
        0.056300693246619814,
        0.030737812916820574,
        0.01845190772276544,
        0.010641419082607873,
        0.006222948611078697,
        0.007208178872970599,
        0.0034027064619119684
    ],
    "bin-edges": [
        200,
        300,
        400,
        500,
        600,
        700,
        800,
        900,
        1000,
        1100,
        1200,
        1300,
        1400,
        1500,
        1600,
        1700,
        1800,
        1900,
        2000,
        2200,
        2400,
        2600,
        2800,
        3000,
        3500,
        1000000000
    ]
}