{
    "data": [
        33.95182182022175,
        6.6539962132891635,
        1.8789058624789556,
        0.6297970443127009,
        0.2373728669521429,
        0.09261550592169489,
        0.04122309046654188,
        0.019072787074677983,
        0.009884984305308521,
        0.006850445210775007,
        0.007363756098475,
        0.018509829442497495,
        0.45702337104529434
    ],
    "SM": [
        34.56364936589915,
        7.088210872585725,
        2.061399673244676,
        0.727174056910506,
        0.28785291505946387,
        0.12496182803960505,
        0.05966555133154265,
        0.028442229012138796,
        0.015114616666590275,
        0.007961931094105439,
        0.004312491630738567,
        0.002421457163248142,
        0.003287051221145139
    ],
    "bin-edges": [
        500,
        750,
        1000,
        1250,
        1500,
        1750,
        2000,
        2250,
        2500,
        2750,
        3000,
        3250,
        3500,
        1000000
    ]
}