{
    "data": [
        45.06691242534946,
        6.838710861382554,
        5.721925480169052,
        1.9381415636630097,
        0.7305382662686548,
        0.31080386371225593,
        0.14190543157522767,
        0.0680920440870704,
        0.03977769154139949,
        0.019768767495506025,
        0.011644778010409997,
        0.008386418354840526,
        0.007813382507446513,
        0.006684405170370005,
        0.22380050483533442
    ],
    "SM": [
        46.6384177627363,
        7.36751656452855,
        6.253226917780813,
        2.2422684993115873,
        0.9203466855058059,
        0.4090608838488947,
        0.19888226515431023,
        0.10491646516404689,
        0.06563602518633181,
        0.03108287299032102,
        0.016139894791585317,
        0.008328116660264505,
        0.0045723480661745254,
        0.0025369031905349195,
        0.0033979989188504087
    ],
    "bin-edges": [
        500,
        700,
        800,
        1000,
        1200,
        1400,
        1600,
        1800,
        2000,
        2250,
        2500,
        2750,
        3000,
        3250,
        3500,
        1000000000
    ]
}