{
    "data": [
        46.77465314553781,
        7.091266244960734,
        6.276428490277952,
        2.2605569534556404,
        0.9127406496847532,
        0.4136140840045364,
        0.19604291799285195,
        0.10445712021162534,
        0.06549382302072895,
        0.03123235311296072,
        0.016039204291014506,
        0.008446310574669331,
        0.00464393042011429,
        0.0024737877429978974,
        0.003910025278960396
    ],
    "SM": [
        46.6384177627363,
        7.36751656452855,
        6.253226917780813,
        2.2422684993115873,
        0.9203466855058059,
        0.4090608838488947,
        0.19888226515431023,
        0.10491646516404689,
        0.06563602518633181,
        0.03108287299032102,
        0.016139894791585317,
        0.008328116660264505,
        0.0045723480661745254,
        0.0025369031905349195,
        0.0033979989188504087
    ],
    "bin-edges": [
        500,
        700,
        800,
        1000,
        1200,
        1400,
        1600,
        1800,
        2000,
        2250,
        2500,
        2750,
        3000,
        3250,
        3500,
        1000000000
    ]
}