{
    "data": [
        60.51257422420984,
        2.2622690163114263,
        0.914163549146636,
        0.41777643804032905,
        0.20158058174874893,
        0.10472753633910441,
        0.06594754318362603,
        0.032030735691467076,
        0.01609823150863928,
        0.008562018207495274,
        0.0045987585090339934,
        0.0026215658821350536,
        0.0034159191715976006
    ],
    "SM": [
        60.25916124504478,
        2.2422684993115873,
        0.9203466855058059,
        0.4090608838488947,
        0.19888226515431023,
        0.10491646516404689,
        0.06563602518633181,
        0.03108287299032102,
        0.016139894791585317,
        0.008328116660264505,
        0.0045723480661745254,
        0.0025369031905349195,
        0.0033979989188504087
    ],
    "bin-edges": [
        500,
        1000,
        1200,
        1400,
        1600,
        1800,
        2000,
        2250,
        2500,
        2750,
        3000,
        3250,
        3500,
        1000000000
    ]
}