{
    "data": [
        60.01814884616598,
        2.2290120666909097,
        0.9135917020706452,
        0.4098366176919803,
        0.20086640339493972,
        0.1049206385747134,
        0.06476964926440898,
        0.03200531934133232,
        0.01606536788571108,
        0.008532436735749879,
        0.004575560379267276,
        0.0025202649608455437,
        0.0033740546298585295
    ],
    "SM": [
        60.25916124504478,
        2.2422684993115873,
        0.9203466855058059,
        0.4090608838488947,
        0.19888226515431023,
        0.10491646516404689,
        0.06563602518633181,
        0.03108287299032102,
        0.016139894791585317,
        0.008328116660264505,
        0.0045723480661745254,
        0.0025369031905349195,
        0.0033979989188504087
    ],
    "bin-edges": [
        500,
        1000,
        1200,
        1400,
        1600,
        1800,
        2000,
        2250,
        2500,
        2750,
        3000,
        3250,
        3500,
        1000000000
    ]
}