{
    "data": [
        47.049138181028255,
        7.134720701682075,
        6.371085352804644,
        2.1840736335493895,
        0.8838377160564881,
        0.3958005466230284,
        0.1881690321648936,
        0.0969502629708833,
        0.05834822723609232,
        0.028168422663233356,
        0.013844005202796128,
        0.0070673477414037456,
        0.0036161587973037126,
        0.0019036103004121214,
        0.0024099133942249123
    ],
    "SM": [
        46.6384177627363,
        7.36751656452855,
        6.253226917780813,
        2.2422684993115873,
        0.9203466855058059,
        0.4090608838488947,
        0.19888226515431023,
        0.10491646516404689,
        0.06563602518633181,
        0.03108287299032102,
        0.016139894791585317,
        0.008328116660264505,
        0.0045723480661745254,
        0.0025369031905349195,
        0.0033979989188504087
    ],
    "bin-edges": [
        500,
        700,
        800,
        1000,
        1200,
        1400,
        1600,
        1800,
        2000,
        2250,
        2500,
        2750,
        3000,
        3250,
        3500,
        1000000000
    ]
}