{
    "data": [
        34.651696702974135,
        6.900417518651199,
        2.0202664749805184,
        0.7127514011173515,
        0.2802116793124745,
        0.1202886501420352,
        0.056184249416707466,
        0.027340643757484937,
        0.013779995300822476,
        0.0071216923097949855,
        0.003862538139464998,
        0.0020497150444900077,
        0.003224081242397091
    ],
    "SM": [
        34.56364936589915,
        7.088210872585725,
        2.061399673244676,
        0.727174056910506,
        0.28785291505946387,
        0.12496182803960505,
        0.05966555133154265,
        0.028442229012138796,
        0.015114616666590275,
        0.007961931094105439,
        0.004312491630738567,
        0.002421457163248142,
        0.003287051221145139
    ],
    "bin-edges": [
        500,
        750,
        1000,
        1250,
        1500,
        1750,
        2000,
        2250,
        2500,
        2750,
        3000,
        3250,
        3500,
        1000000
    ]
}