{
    "data": [
        47.34679812113517,
        7.209129032169317,
        6.464484986722372,
        2.2347271977894616,
        0.9129694882372869,
        0.41396650353111586,
        0.19929456199935952,
        0.10399459357670073,
        0.06392123392266746,
        0.03157184489988087,
        0.016052863602796803,
        0.008409791237454004,
        0.0044915040968340056,
        0.0024479008239226825,
        0.0032629341894774
    ],
    "SM": [
        46.6384177627363,
        7.36751656452855,
        6.253226917780813,
        2.2422684993115873,
        0.9203466855058059,
        0.4090608838488947,
        0.19888226515431023,
        0.10491646516404689,
        0.06563602518633181,
        0.03108287299032102,
        0.016139894791585317,
        0.008328116660264505,
        0.0045723480661745254,
        0.0025369031905349195,
        0.0033979989188504087
    ],
    "bin-edges": [
        500,
        700,
        800,
        1000,
        1200,
        1400,
        1600,
        1800,
        2000,
        2250,
        2500,
        2750,
        3000,
        3250,
        3500,
        1000000000
    ]
}