{
    "data": [
        34.51385946451002,
        7.002204346893508,
        2.0204775260683587,
        0.705065109850853,
        0.2765064187880324,
        0.12054278332004267,
        0.05563219821718514,
        0.026908967181076885,
        0.013140954792351006,
        0.0066815974942499206,
        0.003666334827400415,
        0.0020006120307250077,
        0.006995215708950077
    ],
    "SM": [
        34.56364936589915,
        7.088210872585725,
        2.061399673244676,
        0.727174056910506,
        0.28785291505946387,
        0.12496182803960505,
        0.05966555133154265,
        0.028442229012138796,
        0.015114616666590275,
        0.007961931094105439,
        0.004312491630738567,
        0.002421457163248142,
        0.003287051221145139
    ],
    "bin-edges": [
        500,
        750,
        1000,
        1250,
        1500,
        1750,
        2000,
        2250,
        2500,
        2750,
        3000,
        3250,
        3500,
        1000000
    ]
}