{
    "data": [
        46.73311981806868,
        7.197454403152179,
        6.187947444491062,
        2.135856480053242,
        0.8756145246120922,
        0.38586353908706866,
        0.1857167667007353,
        0.09417389358054494,
        0.056004533660510884,
        0.027229015279320156,
        0.01303534810980865,
        0.006564596581142316,
        0.0033432892723115485,
        0.00175876012066855,
        0.0021827235724299556
    ],
    "SM": [
        46.6384177627363,
        7.36751656452855,
        6.253226917780813,
        2.2422684993115873,
        0.9203466855058059,
        0.4090608838488947,
        0.19888226515431023,
        0.10491646516404689,
        0.06563602518633181,
        0.03108287299032102,
        0.016139894791585317,
        0.008328116660264505,
        0.0045723480661745254,
        0.0025369031905349195,
        0.0033979989188504087
    ],
    "bin-edges": [
        500,
        700,
        800,
        1000,
        1200,
        1400,
        1600,
        1800,
        2000,
        2250,
        2500,
        2750,
        3000,
        3250,
        3500,
        1000000000
    ]
}