{
    "data": [
        61.29096877364157,
        2.2439948982533364,
        0.9125996235074602,
        0.41568041038687686,
        0.20270684983439027,
        0.10329718459097662,
        0.06518702636509915,
        0.03230473278813235,
        0.01589245590957421,
        0.008312453307503633,
        0.004519628212287357,
        0.002523252527173696,
        0.006864321602140575
    ],
    "SM": [
        60.25916124504478,
        2.2422684993115873,
        0.9203466855058059,
        0.4090608838488947,
        0.19888226515431023,
        0.10491646516404689,
        0.06563602518633181,
        0.03108287299032102,
        0.016139894791585317,
        0.008328116660264505,
        0.0045723480661745254,
        0.0025369031905349195,
        0.0033979989188504087
    ],
    "bin-edges": [
        500,
        1000,
        1200,
        1400,
        1600,
        1800,
        2000,
        2250,
        2500,
        2750,
        3000,
        3250,
        3500,
        1000000000
    ]
}