{
    "data": [
        59.68530733858975,
        2.188456980796096,
        0.8867684728230796,
        0.3905963734469388,
        0.18754440163550362,
        0.09349535196526555,
        0.05890308820438382,
        0.027284548938050195,
        0.0135446311695013,
        0.006791481596706797,
        0.0035416068745557413,
        0.0018345343702973606,
        0.003933431732870845
    ],
    "SM": [
        60.25916124504478,
        2.2422684993115873,
        0.9203466855058059,
        0.4090608838488947,
        0.19888226515431023,
        0.10491646516404689,
        0.06563602518633181,
        0.03108287299032102,
        0.016139894791585317,
        0.008328116660264505,
        0.0045723480661745254,
        0.0025369031905349195,
        0.0033979989188504087
    ],
    "bin-edges": [
        500,
        1000,
        1200,
        1400,
        1600,
        1800,
        2000,
        2250,
        2500,
        2750,
        3000,
        3250,
        3500,
        1000000000
    ]
}