{
    "data": [
        47.19863722832499,
        7.321758309320093,
        6.336578317927657,
        2.2160718455833055,
        0.9221570836280067,
        0.41398721870776123,
        0.20310606749806273,
        0.10586509103630758,
        0.06486474341508652,
        0.03264243824807598,
        0.016220982737416515,
        0.00860015212073904,
        0.004594712226637005,
        0.002543354332473265,
        0.0034168949908549495
    ],
    "SM": [
        46.6384177627363,
        7.36751656452855,
        6.253226917780813,
        2.2422684993115873,
        0.9203466855058059,
        0.4090608838488947,
        0.19888226515431023,
        0.10491646516404689,
        0.06563602518633181,
        0.03108287299032102,
        0.016139894791585317,
        0.008328116660264505,
        0.0045723480661745254,
        0.0025369031905349195,
        0.0033979989188504087
    ],
    "bin-edges": [
        500,
        700,
        800,
        1000,
        1200,
        1400,
        1600,
        1800,
        2000,
        2250,
        2500,
        2750,
        3000,
        3250,
        3500,
        1000000000
    ]
}