{
    "data": [
        46.832977012063836,
        7.32465905962611,
        6.23130505899473,
        2.237369784357984,
        0.9240525735667454,
        0.41470644624333797,
        0.19929504029906236,
        0.10465674621585302,
        0.06587411984534136,
        0.03105888471215531,
        0.015801273801359893,
        0.008624829430999001,
        0.004555149406354221,
        0.002459506285512122,
        0.003414824102218136
    ],
    "SM": [
        46.6384177627363,
        7.36751656452855,
        6.253226917780813,
        2.2422684993115873,
        0.9203466855058059,
        0.4090608838488947,
        0.19888226515431023,
        0.10491646516404689,
        0.06563602518633181,
        0.03108287299032102,
        0.016139894791585317,
        0.008328116660264505,
        0.0045723480661745254,
        0.0025369031905349195,
        0.0033979989188504087
    ],
    "bin-edges": [
        500,
        700,
        800,
        1000,
        1200,
        1400,
        1600,
        1800,
        2000,
        2250,
        2500,
        2750,
        3000,
        3250,
        3500,
        1000000000
    ]
}