{
    "data": [
        46.47725056673019,
        7.014294300219262,
        6.178424627502157,
        2.2066614835674287,
        0.8813036909461291,
        0.39449675848250937,
        0.18447304169544457,
        0.0966553227234639,
        0.05914748591642523,
        0.027353470460485575,
        0.013558717863116153,
        0.00690060862309276,
        0.003588613473172661,
        0.001828086324103881,
        0.010042429139293095
    ],
    "SM": [
        46.6384177627363,
        7.36751656452855,
        6.253226917780813,
        2.2422684993115873,
        0.9203466855058059,
        0.4090608838488947,
        0.19888226515431023,
        0.10491646516404689,
        0.06563602518633181,
        0.03108287299032102,
        0.016139894791585317,
        0.008328116660264505,
        0.0045723480661745254,
        0.0025369031905349195,
        0.0033979989188504087
    ],
    "bin-edges": [
        500,
        700,
        800,
        1000,
        1200,
        1400,
        1600,
        1800,
        2000,
        2250,
        2500,
        2750,
        3000,
        3250,
        3500,
        1000000000
    ]
}