{
    "data": [
        1026.8496371263773,
        258.06991488770063,
        84.25404150281857,
        32.30633248865042,
        14.99316201577165,
        7.447912343035378,
        4.001118408282401,
        2.329854518014798,
        1.3633136178890808,
        0.8507584918955912,
        0.5656228421443377,
        0.35972482117462923,
        0.24538591954488992,
        0.17403268723149493,
        0.11434566536782484,
        0.0814349767020747,
        0.06119897496674685,
        0.04357514724488998,
        0.0569924464036466,
        0.03169503043593145,
        0.018185929019378162,
        0.010532448186080456,
        0.0062989554446310405,
        0.00715558726383948,
        0.003361286531024313
    ],
    "SM": [
        1503.009761992703,
        256.10375633877396,
        84.40629214423133,
        32.5976823051051,
        14.717942799174036,
        7.171908016124162,
        4.033531768911663,
        2.2520318562571724,
        1.3945232846275775,
        0.868087675981476,
        0.5534863302602925,
        0.36552878401011335,
        0.24184986552848142,
        0.16792994847237047,
        0.11898416189489563,
        0.08360600864192513,
        0.05926880395710149,
        0.04372599936598046,
        0.056300693246619814,
        0.030737812916820574,
        0.01845190772276544,
        0.010641419082607873,
        0.006222948611078697,
        0.007208178872970599,
        0.0034027064619119684
    ],
    "bin-edges": [
        200,
        300,
        400,
        500,
        600,
        700,
        800,
        900,
        1000,
        1100,
        1200,
        1300,
        1400,
        1500,
        1600,
        1700,
        1800,
        1900,
        2000,
        2200,
        2400,
        2600,
        2800,
        3000,
        3500,
        1000000000
    ]
}