{
    "data": [
        59.52107434691268,
        2.1044777653590434,
        0.842507207234922,
        0.36817157524226696,
        0.17459887081685055,
        0.08600146479393567,
        0.0516109707225823,
        0.023377211820598858,
        0.011183280909183697,
        0.005455276592831181,
        0.0027512856583981806,
        0.0015454665740063202,
        0.02097649568731259
    ],
    "SM": [
        60.25916124504478,
        2.2422684993115873,
        0.9203466855058059,
        0.4090608838488947,
        0.19888226515431023,
        0.10491646516404689,
        0.06563602518633181,
        0.03108287299032102,
        0.016139894791585317,
        0.008328116660264505,
        0.0045723480661745254,
        0.0025369031905349195,
        0.0033979989188504087
    ],
    "bin-edges": [
        500,
        1000,
        1200,
        1400,
        1600,
        1800,
        2000,
        2250,
        2500,
        2750,
        3000,
        3250,
        3500,
        1000000000
    ]
}