{
    "data": [
        59.59448937996404,
        2.160542667503524,
        0.856201790812408,
        0.38299339842899593,
        0.18007952112926814,
        0.09072881288516352,
        0.055094481155577135,
        0.025577386055655058,
        0.012113695252766413,
        0.006132223695169263,
        0.0031011549213947396,
        0.0016670258067808202,
        0.0022873854451935577
    ],
    "SM": [
        60.25916124504478,
        2.2422684993115873,
        0.9203466855058059,
        0.4090608838488947,
        0.19888226515431023,
        0.10491646516404689,
        0.06563602518633181,
        0.03108287299032102,
        0.016139894791585317,
        0.008328116660264505,
        0.0045723480661745254,
        0.0025369031905349195,
        0.0033979989188504087
    ],
    "bin-edges": [
        500,
        1000,
        1200,
        1400,
        1600,
        1800,
        2000,
        2250,
        2500,
        2750,
        3000,
        3250,
        3500,
        1000000000
    ]
}