{
    "data": [
        59.9906807445038,
        2.222369970044159,
        0.9065546788331057,
        0.40238261267527536,
        0.1950539119819658,
        0.09813193482786023,
        0.06271512270724339,
        0.029549420141255008,
        0.015004556786666793,
        0.007693671163249,
        0.0040998881378124016,
        0.0021865226060588006,
        0.003440514801594027
    ],
    "SM": [
        60.25916124504478,
        2.2422684993115873,
        0.9203466855058059,
        0.4090608838488947,
        0.19888226515431023,
        0.10491646516404689,
        0.06563602518633181,
        0.03108287299032102,
        0.016139894791585317,
        0.008328116660264505,
        0.0045723480661745254,
        0.0025369031905349195,
        0.0033979989188504087
    ],
    "bin-edges": [
        500,
        1000,
        1200,
        1400,
        1600,
        1800,
        2000,
        2250,
        2500,
        2750,
        3000,
        3250,
        3500,
        1000000000
    ]
}