{
    "data": [
        46.92668890796857,
        7.308801834309694,
        6.312402699019561,
        2.2449281146588618,
        0.9009650131385736,
        0.40876775671183807,
        0.20091044051815826,
        0.10384099032407174,
        0.06395240909916242,
        0.03186186716003468,
        0.015745206975599054,
        0.008354423275130479,
        0.00442883794882869,
        0.0024079780164085536,
        0.007973399452226198
    ],
    "SM": [
        46.6384177627363,
        7.36751656452855,
        6.253226917780813,
        2.2422684993115873,
        0.9203466855058059,
        0.4090608838488947,
        0.19888226515431023,
        0.10491646516404689,
        0.06563602518633181,
        0.03108287299032102,
        0.016139894791585317,
        0.008328116660264505,
        0.0045723480661745254,
        0.0025369031905349195,
        0.0033979989188504087
    ],
    "bin-edges": [
        500,
        700,
        800,
        1000,
        1200,
        1400,
        1600,
        1800,
        2000,
        2250,
        2500,
        2750,
        3000,
        3250,
        3500,
        1000000000
    ]
}