{
    "data": [
        46.481916030154125,
        7.194831683621082,
        6.16688396797057,
        2.1670894863031727,
        0.8560735061213212,
        0.3816580987265892,
        0.18349211426491924,
        0.092288471782446,
        0.05497381763563549,
        0.026035726654961327,
        0.012390735728238081,
        0.006037863565334517,
        0.0030566546157848253,
        0.0016610474187799796,
        0.05481756503477199
    ],
    "SM": [
        46.6384177627363,
        7.36751656452855,
        6.253226917780813,
        2.2422684993115873,
        0.9203466855058059,
        0.4090608838488947,
        0.19888226515431023,
        0.10491646516404689,
        0.06563602518633181,
        0.03108287299032102,
        0.016139894791585317,
        0.008328116660264505,
        0.0045723480661745254,
        0.0025369031905349195,
        0.0033979989188504087
    ],
    "bin-edges": [
        500,
        700,
        800,
        1000,
        1200,
        1400,
        1600,
        1800,
        2000,
        2250,
        2500,
        2750,
        3000,
        3250,
        3500,
        1000000000
    ]
}