{
    "data": [
        34.71425653456023,
        7.179061282713821,
        2.03706140210487,
        0.7061568279317518,
        0.28351986670839974,
        0.12294217816524974,
        0.05696577539087496,
        0.02774141980027503,
        0.014089798818899976,
        0.007434051232175001,
        0.003970196579024989,
        0.002165432499074999,
        0.002827280404138997
    ],
    "SM": [
        34.56364936589915,
        7.088210872585725,
        2.061399673244676,
        0.727174056910506,
        0.28785291505946387,
        0.12496182803960505,
        0.05966555133154265,
        0.028442229012138796,
        0.015114616666590275,
        0.007961931094105439,
        0.004312491630738567,
        0.002421457163248142,
        0.003287051221145139
    ],
    "bin-edges": [
        500,
        750,
        1000,
        1250,
        1500,
        1750,
        2000,
        2250,
        2500,
        2750,
        3000,
        3250,
        3500,
        1000000
    ]
}