{
    "data": [
        47.03256900294841,
        7.27729457268374,
        6.283245297336405,
        2.1871372906202313,
        0.9052606828220182,
        0.40369879589407887,
        0.19668624557598863,
        0.1015031689518935,
        0.06151355841962958,
        0.03055709477471754,
        0.01496773234379128,
        0.007778486580708475,
        0.0040746196904268,
        0.0022055211405010004,
        0.0027653829959108918
    ],
    "SM": [
        46.6384177627363,
        7.36751656452855,
        6.253226917780813,
        2.2422684993115873,
        0.9203466855058059,
        0.4090608838488947,
        0.19888226515431023,
        0.10491646516404689,
        0.06563602518633181,
        0.03108287299032102,
        0.016139894791585317,
        0.008328116660264505,
        0.0045723480661745254,
        0.0025369031905349195,
        0.0033979989188504087
    ],
    "bin-edges": [
        500,
        700,
        800,
        1000,
        1200,
        1400,
        1600,
        1800,
        2000,
        2250,
        2500,
        2750,
        3000,
        3250,
        3500,
        1000000000
    ]
}