{
    "data": [
        47.37076905220994,
        7.215138182840641,
        6.472052480903029,
        2.238853546857157,
        0.9153583215071339,
        0.4154680124992153,
        0.20022276890476765,
        0.10458866643802008,
        0.0643977937052668,
        0.03186825806066399,
        0.016249309429720218,
        0.008532265776395015,
        0.004573765117298992,
        0.002500768018448123,
        0.003369036824170048
    ],
    "SM": [
        46.6384177627363,
        7.36751656452855,
        6.253226917780813,
        2.2422684993115873,
        0.9203466855058059,
        0.4090608838488947,
        0.19888226515431023,
        0.10491646516404689,
        0.06563602518633181,
        0.03108287299032102,
        0.016139894791585317,
        0.008328116660264505,
        0.0045723480661745254,
        0.0025369031905349195,
        0.0033979989188504087
    ],
    "bin-edges": [
        500,
        700,
        800,
        1000,
        1200,
        1400,
        1600,
        1800,
        2000,
        2250,
        2500,
        2750,
        3000,
        3250,
        3500,
        1000000000
    ]
}