{
    "data": [
        59.970978655617714,
        2.2237469789532964,
        0.910497159194733,
        0.40796966333897017,
        0.19965482229742795,
        0.10412738795278337,
        0.06414896259378154,
        0.03161729632256663,
        0.015820027523955067,
        0.008368891977096725,
        0.004469843866900248,
        0.0024515015615978425,
        0.0032530234465468644
    ],
    "SM": [
        60.25916124504478,
        2.2422684993115873,
        0.9203466855058059,
        0.4090608838488947,
        0.19888226515431023,
        0.10491646516404689,
        0.06563602518633181,
        0.03108287299032102,
        0.016139894791585317,
        0.008328116660264505,
        0.0045723480661745254,
        0.0025369031905349195,
        0.0033979989188504087
    ],
    "bin-edges": [
        500,
        1000,
        1200,
        1400,
        1600,
        1800,
        2000,
        2250,
        2500,
        2750,
        3000,
        3250,
        3500,
        1000000000
    ]
}