{
    "data": [
        34.58297479693236,
        6.872225470962207,
        2.005789620326132,
        0.7050808545300585,
        0.2758156436518856,
        0.11774368039913753,
        0.054633192771436453,
        0.02639522967749774,
        0.013157976907800295,
        0.0067394554926748125,
        0.0036072660989248597,
        0.0018925880951247546,
        0.0033583439807996556
    ],
    "SM": [
        34.56364936589915,
        7.088210872585725,
        2.061399673244676,
        0.727174056910506,
        0.28785291505946387,
        0.12496182803960505,
        0.05966555133154265,
        0.028442229012138796,
        0.015114616666590275,
        0.007961931094105439,
        0.004312491630738567,
        0.002421457163248142,
        0.003287051221145139
    ],
    "bin-edges": [
        500,
        750,
        1000,
        1250,
        1500,
        1750,
        2000,
        2250,
        2500,
        2750,
        3000,
        3250,
        3500,
        1000000
    ]
}