{
    "data": [
        1221.0470724778957,
        256.300665812475,
        78.07544850419544,
        31.785188870734302,
        14.940687701248091,
        7.251620882350335,
        3.9857739858689865,
        2.32669132449972,
        1.3861990373658344,
        0.8550421557659605,
        0.5530719671940679,
        0.36305806920812367,
        0.24113177689396512,
        0.1718327107320061,
        0.11599911295115213,
        0.08362272784512559,
        0.05859208624489795,
        0.04299433990578893,
        0.05512285016403423,
        0.03147635706205224,
        0.018214818575203243,
        0.010961418595798534,
        0.005369662698505261,
        0.007024576621385021,
        0.017667503232062794
    ],
    "SM": [
        1503.009761992703,
        256.10375633877396,
        84.40629214423133,
        32.5976823051051,
        14.717942799174036,
        7.171908016124162,
        4.033531768911663,
        2.2520318562571724,
        1.3945232846275775,
        0.868087675981476,
        0.5534863302602925,
        0.36552878401011335,
        0.24184986552848142,
        0.16792994847237047,
        0.11898416189489563,
        0.08360600864192513,
        0.05926880395710149,
        0.04372599936598046,
        0.056300693246619814,
        0.030737812916820574,
        0.01845190772276544,
        0.010641419082607873,
        0.006222948611078697,
        0.007208178872970599,
        0.0034027064619119684
    ],
    "bin-edges": [
        200,
        300,
        400,
        500,
        600,
        700,
        800,
        900,
        1000,
        1100,
        1200,
        1300,
        1400,
        1500,
        1600,
        1700,
        1800,
        1900,
        2000,
        2200,
        2400,
        2600,
        2800,
        3000,
        3500,
        1000000000
    ]
}