{
    "data": [
        46.30382082670764,
        7.189162312540678,
        6.064390156546234,
        2.146093260288702,
        0.8704449434550858,
        0.3827082330074358,
        0.179765299460267,
        0.09185892415753366,
        0.055693559102926,
        0.025147753146416187,
        0.012146532347167992,
        0.006324166548651339,
        0.003138814917425597,
        0.0015712160061803488,
        0.0049821105418674915
    ],
    "SM": [
        46.6384177627363,
        7.36751656452855,
        6.253226917780813,
        2.2422684993115873,
        0.9203466855058059,
        0.4090608838488947,
        0.19888226515431023,
        0.10491646516404689,
        0.06563602518633181,
        0.03108287299032102,
        0.016139894791585317,
        0.008328116660264505,
        0.0045723480661745254,
        0.0025369031905349195,
        0.0033979989188504087
    ],
    "bin-edges": [
        500,
        700,
        800,
        1000,
        1200,
        1400,
        1600,
        1800,
        2000,
        2250,
        2500,
        2750,
        3000,
        3250,
        3500,
        1000000000
    ]
}