{
    "data": [
        34.6576038379928,
        7.06272939684672,
        2.0508981188928455,
        0.7214758419324057,
        0.28607108081782856,
        0.12629641109118872,
        0.05912004476844471,
        0.029094049815089375,
        0.014520874641463769,
        0.007600094224060466,
        0.004300361288240072,
        0.0024276380819311205,
        0.0037683351969464746
    ],
    "SM": [
        34.56364936589915,
        7.088210872585725,
        2.061399673244676,
        0.727174056910506,
        0.28785291505946387,
        0.12496182803960505,
        0.05966555133154265,
        0.028442229012138796,
        0.015114616666590275,
        0.007961931094105439,
        0.004312491630738567,
        0.002421457163248142,
        0.003287051221145139
    ],
    "bin-edges": [
        500,
        750,
        1000,
        1250,
        1500,
        1750,
        2000,
        2250,
        2500,
        2750,
        3000,
        3250,
        3500,
        1000000
    ]
}