{
    "data": [
        34.61569544349288,
        7.04504644007912,
        2.041985029681279,
        0.7166498358086885,
        0.283245275891435,
        0.12458676120256817,
        0.058076246928874635,
        0.028434387383327386,
        0.014099504374542509,
        0.007315677681574993,
        0.004100509054979254,
        0.0022902434238135055,
        0.004637106363829518
    ],
    "SM": [
        34.56364936589915,
        7.088210872585725,
        2.061399673244676,
        0.727174056910506,
        0.28785291505946387,
        0.12496182803960505,
        0.05966555133154265,
        0.028442229012138796,
        0.015114616666590275,
        0.007961931094105439,
        0.004312491630738567,
        0.002421457163248142,
        0.003287051221145139
    ],
    "bin-edges": [
        500,
        750,
        1000,
        1250,
        1500,
        1750,
        2000,
        2250,
        2500,
        2750,
        3000,
        3250,
        3500,
        1000000
    ]
}