{
    "data": [
        1026.3235492481722,
        257.7005561486238,
        84.04779132909358,
        32.17801310684375,
        14.907717957031494,
        7.38907479155422,
        3.961390851698107,
        2.3001167383558436,
        1.342112043017238,
        0.8348179121062806,
        0.5532595316666937,
        0.35028518468630887,
        0.23809533094474927,
        0.16780589389025072,
        0.10982177214682366,
        0.07782215502356306,
        0.05803598913998455,
        0.04108361275973588,
        0.053224005097998434,
        0.029029914375534645,
        0.016370667944181364,
        0.009260923117374578,
        0.005437413447056304,
        0.005897769589833378,
        0.007379217047283419
    ],
    "SM": [
        1503.009761992703,
        256.10375633877396,
        84.40629214423133,
        32.5976823051051,
        14.717942799174036,
        7.171908016124162,
        4.033531768911663,
        2.2520318562571724,
        1.3945232846275775,
        0.868087675981476,
        0.5534863302602925,
        0.36552878401011335,
        0.24184986552848142,
        0.16792994847237047,
        0.11898416189489563,
        0.08360600864192513,
        0.05926880395710149,
        0.04372599936598046,
        0.056300693246619814,
        0.030737812916820574,
        0.01845190772276544,
        0.010641419082607873,
        0.006222948611078697,
        0.007208178872970599,
        0.0034027064619119684
    ],
    "bin-edges": [
        200,
        300,
        400,
        500,
        600,
        700,
        800,
        900,
        1000,
        1100,
        1200,
        1300,
        1400,
        1500,
        1600,
        1700,
        1800,
        1900,
        2000,
        2200,
        2400,
        2600,
        2800,
        3000,
        3500,
        1000000000
    ]
}