{
    "data": [
        61.25404891502436,
        2.239813226022444,
        0.9100650866798979,
        0.4141022154026087,
        0.20165927327955813,
        0.10258178396306063,
        0.06459474609457638,
        0.031885525793176606,
        0.01564622929932799,
        0.008136944427048522,
        0.0044057246584842035,
        0.0024645741013278,
        0.017417922151121295
    ],
    "SM": [
        60.25916124504478,
        2.2422684993115873,
        0.9203466855058059,
        0.4090608838488947,
        0.19888226515431023,
        0.10491646516404689,
        0.06563602518633181,
        0.03108287299032102,
        0.016139894791585317,
        0.008328116660264505,
        0.0045723480661745254,
        0.0025369031905349195,
        0.0033979989188504087
    ],
    "bin-edges": [
        500,
        1000,
        1200,
        1400,
        1600,
        1800,
        2000,
        2250,
        2500,
        2750,
        3000,
        3250,
        3500,
        1000000000
    ]
}