{
    "data": [
        60.881393617883745,
        2.2365067472515423,
        0.9031798141444298,
        0.4066326888988239,
        0.19809971598170334,
        0.10413197012855077,
        0.0635696381940211,
        0.02997507406956586,
        0.015210154749220706,
        0.008002608878812139,
        0.004191582178045549,
        0.0023344846543484183,
        0.0029483296122334527
    ],
    "SM": [
        60.25916124504478,
        2.2422684993115873,
        0.9203466855058059,
        0.4090608838488947,
        0.19888226515431023,
        0.10491646516404689,
        0.06563602518633181,
        0.03108287299032102,
        0.016139894791585317,
        0.008328116660264505,
        0.0045723480661745254,
        0.0025369031905349195,
        0.0033979989188504087
    ],
    "bin-edges": [
        500,
        1000,
        1200,
        1400,
        1600,
        1800,
        2000,
        2250,
        2500,
        2750,
        3000,
        3250,
        3500,
        1000000000
    ]
}