{
    "data": [
        1308.0646351392752,
        263.41969074774045,
        78.65978022775006,
        31.757639639717674,
        14.96466220774487,
        7.550633381949236,
        4.000810966461621,
        2.324089597159908,
        1.3588881770262184,
        0.8519597546817492,
        0.5439609132343838,
        0.36033474022575573,
        0.2465308006784085,
        0.16831978001854356,
        0.11756173131086833,
        0.08209656728207723,
        0.06407617997390275,
        0.042032788453924524,
        0.054461674684978006,
        0.03026705191298545,
        0.017724285456091764,
        0.010292556144660476,
        0.006084535027771376,
        0.006804879008733563,
        0.003385809009767329
    ],
    "SM": [
        1503.009761992703,
        256.10375633877396,
        84.40629214423133,
        32.5976823051051,
        14.717942799174036,
        7.171908016124162,
        4.033531768911663,
        2.2520318562571724,
        1.3945232846275775,
        0.868087675981476,
        0.5534863302602925,
        0.36552878401011335,
        0.24184986552848142,
        0.16792994847237047,
        0.11898416189489563,
        0.08360600864192513,
        0.05926880395710149,
        0.04372599936598046,
        0.056300693246619814,
        0.030737812916820574,
        0.01845190772276544,
        0.010641419082607873,
        0.006222948611078697,
        0.007208178872970599,
        0.0034027064619119684
    ],
    "bin-edges": [
        200,
        300,
        400,
        500,
        600,
        700,
        800,
        900,
        1000,
        1100,
        1200,
        1300,
        1400,
        1500,
        1600,
        1700,
        1800,
        1900,
        2000,
        2200,
        2400,
        2600,
        2800,
        3000,
        3500,
        1000000000
    ]
}