{
    "data": [
        47.234707387327454,
        7.181062882996571,
        6.429188664319116,
        2.215524484666648,
        0.9018830588592752,
        0.40702098531812686,
        0.1950174429129682,
        0.10126919216134245,
        0.06174725011605053,
        0.03022959567973164,
        0.01517068426086647,
        0.007865272133404766,
        0.004129932605995355,
        0.0022184147872199712,
        0.002840657450845111
    ],
    "SM": [
        46.6384177627363,
        7.36751656452855,
        6.253226917780813,
        2.2422684993115873,
        0.9203466855058059,
        0.4090608838488947,
        0.19888226515431023,
        0.10491646516404689,
        0.06563602518633181,
        0.03108287299032102,
        0.016139894791585317,
        0.008328116660264505,
        0.0045723480661745254,
        0.0025369031905349195,
        0.0033979989188504087
    ],
    "bin-edges": [
        500,
        700,
        800,
        1000,
        1200,
        1400,
        1600,
        1800,
        2000,
        2250,
        2500,
        2750,
        3000,
        3250,
        3500,
        1000000000
    ]
}