{
    "data": [
        46.69722177780748,
        7.289773697647384,
        6.188157119273307,
        2.2136114656976233,
        0.9099767344621797,
        0.4062155081342591,
        0.1940488279544729,
        0.1011662720310616,
        0.06304333629900988,
        0.029370520139314075,
        0.01472166777377703,
        0.007916196110864982,
        0.004095701364673,
        0.0021512033131215035,
        0.003434732662655514
    ],
    "SM": [
        46.6384177627363,
        7.36751656452855,
        6.253226917780813,
        2.2422684993115873,
        0.9203466855058059,
        0.4090608838488947,
        0.19888226515431023,
        0.10491646516404689,
        0.06563602518633181,
        0.03108287299032102,
        0.016139894791585317,
        0.008328116660264505,
        0.0045723480661745254,
        0.0025369031905349195,
        0.0033979989188504087
    ],
    "bin-edges": [
        500,
        700,
        800,
        1000,
        1200,
        1400,
        1600,
        1800,
        2000,
        2250,
        2500,
        2750,
        3000,
        3250,
        3500,
        1000000000
    ]
}