{
    "data": [
        59.706029670227366,
        2.248108775514701,
        0.8992505026194397,
        0.40468437922775297,
        0.19862841312003732,
        0.09836712180983194,
        0.06291588510322482,
        0.030190750372357147,
        0.015128002409036254,
        0.007756082339766878,
        0.004156343564016113,
        0.0022302939337151603,
        0.015847929004822115
    ],
    "SM": [
        60.25916124504478,
        2.2422684993115873,
        0.9203466855058059,
        0.4090608838488947,
        0.19888226515431023,
        0.10491646516404689,
        0.06563602518633181,
        0.03108287299032102,
        0.016139894791585317,
        0.008328116660264505,
        0.0045723480661745254,
        0.0025369031905349195,
        0.0033979989188504087
    ],
    "bin-edges": [
        500,
        1000,
        1200,
        1400,
        1600,
        1800,
        2000,
        2250,
        2500,
        2750,
        3000,
        3250,
        3500,
        1000000000
    ]
}