{
    "data": [
        34.46831760749198,
        6.977706422260847,
        1.9681009552000808,
        0.6820451599369208,
        0.26574988535485183,
        0.11130937793227731,
        0.05000085049541507,
        0.023849025908830056,
        0.01198783482735001,
        0.00586018062053001,
        0.002942082324230008,
        0.0015603701790849983,
        0.012972366152376116
    ],
    "SM": [
        34.56364936589915,
        7.088210872585725,
        2.061399673244676,
        0.727174056910506,
        0.28785291505946387,
        0.12496182803960505,
        0.05966555133154265,
        0.028442229012138796,
        0.015114616666590275,
        0.007961931094105439,
        0.004312491630738567,
        0.002421457163248142,
        0.003287051221145139
    ],
    "bin-edges": [
        500,
        750,
        1000,
        1250,
        1500,
        1750,
        2000,
        2250,
        2500,
        2750,
        3000,
        3250,
        3500,
        1000000
    ]
}