{
    "data": [
        1216.530249478522,
        258.64081279089004,
        77.93478263944985,
        32.15819098069679,
        14.774995416924998,
        7.255226112893766,
        3.973106957876053,
        2.2665994202134847,
        1.3551224956646457,
        0.8606456536379122,
        0.5497290835316533,
        0.35947777829553607,
        0.24207616004746502,
        0.16489207774182657,
        0.11500039203456766,
        0.08208635073727233,
        0.05580170459942838,
        0.04160180048816353,
        0.053844996255148554,
        0.029809400629391976,
        0.016987475728364673,
        0.009765490342414857,
        0.005758519936381155,
        0.006404836065887804,
        0.0028317781273340713
    ],
    "SM": [
        1503.009761992703,
        256.10375633877396,
        84.40629214423133,
        32.5976823051051,
        14.717942799174036,
        7.171908016124162,
        4.033531768911663,
        2.2520318562571724,
        1.3945232846275775,
        0.868087675981476,
        0.5534863302602925,
        0.36552878401011335,
        0.24184986552848142,
        0.16792994847237047,
        0.11898416189489563,
        0.08360600864192513,
        0.05926880395710149,
        0.04372599936598046,
        0.056300693246619814,
        0.030737812916820574,
        0.01845190772276544,
        0.010641419082607873,
        0.006222948611078697,
        0.007208178872970599,
        0.0034027064619119684
    ],
    "bin-edges": [
        200,
        300,
        400,
        500,
        600,
        700,
        800,
        900,
        1000,
        1100,
        1200,
        1300,
        1400,
        1500,
        1600,
        1700,
        1800,
        1900,
        2000,
        2200,
        2400,
        2600,
        2800,
        3000,
        3500,
        1000000000
    ]
}