{
    "data": [
        1759.1135183315791,
        117.00397444933617,
        21.89051696174774,
        6.28489747871849,
        2.262610960609491,
        0.9190151142702886,
        0.40977981400084973,
        0.20259017053680115,
        0.10299480332308719,
        0.056300693246619814,
        0.030737812916820574,
        0.01845190772276544,
        0.010641419082607873,
        0.006222948611078697,
        0.00461671853492201,
        0.0025914603380472493,
        0.0034027064619119684
    ],
    "SM": [
        1759.1135183315791,
        117.00397444933617,
        21.89051696174774,
        6.28489747871849,
        2.262610960609491,
        0.9190151142702886,
        0.40977981400084973,
        0.20259017053680115,
        0.10299480332308719,
        0.056300693246619814,
        0.030737812916820574,
        0.01845190772276544,
        0.010641419082607873,
        0.006222948611078697,
        0.00461671853492201,
        0.0025914603380472493,
        0.0034027064619119684
    ],
    "bin-edges": [
        200, 
        400, 
        600, 
        800, 
        1000, 
        1200, 
        1400, 
        1600, 
        1800, 
        2000, 
        2200,
        2400, 
        2600, 
        2800, 
        3000, 
        3250, 
        3500, 
        1000000000
    ]
}