{
    "SM": [
        60.25916124504478,
        2.2422684993115873,
        0.9203466855058059,
        0.4090608838488947,
        0.19888226515431023,
        0.10491646516404689,
        0.06563602518633181,
        0.03108287299032102,
        0.016139894791585317,
        0.008328116660264505,
        0.0045723480661745254,
        0.0025369031905349195,
        0.0033979989188504087
    ],
    "Cphi1": [
        -2.6602688382118633,
        -0.09679280340357291,
        -0.0388128255794024,
        -0.0178826484252513,
        -0.008741942892352566,
        -0.0040640682560955325,
        -0.002774840998987287,
        -0.0013466555601180674,
        -0.0006873677682348575,
        -0.00036335075406539094,
        -0.00018797106614278856,
        -0.00010576940956270281,
        -0.0001406566501095796
    ],
    "CBW": [
        -6.671351864486579,
        -0.23614934703117452,
        -0.09373621922944027,
        -0.0453197923465476,
        -0.02083701444124008,
        -0.011621292139762224,
        -0.007194138375673513,
        -0.0033219382862321118,
        -0.0016370262586794789,
        -0.0008935486907241688,
        -0.00046344112232998944,
        -0.0002625168245448926,
        -0.00035496478416550953
    ],
    "C2JB": [
        37.64808291344908,
        4.121552515291311,
        2.390636580880505,
        1.4357548884119558,
        0.8988504539325018,
        0.5915093774163298,
        0.4504868611824064,
        0.2845965001359278,
        0.17733897204862864,
        0.11118350506805462,
        0.07217985565445557,
        0.04626911259154906,
        0.08849697795619707
    ],
    "Delta4F": [
        -296.44109811365587,
        -31.29152343785749,
        -17.747414348055607,
        -10.727947868646744,
        -6.794067712126195,
        -4.360834016074147,
        -3.4158033719910086,
        -2.0599063834287126,
        -1.280939005588156,
        -0.8137967426650334,
        -0.5223981245015477,
        -0.32984812873902264,
        -0.6119682212101947
    ],
    "Cphi1-Cphi1": [
        0.17632241652152725,
        0.00630762862263143,
        0.0025750179060920475,
        0.0011568076548035629,
        0.0005705861115580332,
        0.00029060841456142824,
        0.00018377944634146204,
        8.670693824446185e-05,
        4.501528930771931e-05,
        2.3700041159559505e-05,
        1.2867794693038945e-05,
        7.147057761042096e-06,
        9.285645725327387e-06
    ],
    "Cphi1-CBW": [
        0.7415247743340061,
        0.027077687097001424,
        0.011046378307144304,
        0.004973941105771582,
        0.00238546042872577,
        0.001271235944498548,
        0.0007869516892107243,
        0.0003757580186263858,
        0.00019546517954920013,
        0.00010307542099294427,
        5.470486356160619e-05,
        3.065388342946045e-05,
        4.109951864216691e-05
    ],
    "Cphi1-C2JB": [
        0.9047798619479421,
        0.09926633513234306,
        0.058051517481432315,
        0.03457716653946435,
        0.021669690822139726,
        0.013985330566852156,
        0.010913248370694208,
        0.006712143487248147,
        0.0042457032886284805,
        0.002598815146049952,
        0.0017077783661061375,
        0.001045576562484491,
        0.002032019152852733
    ],
    "Cphi1-Delta4F": [
        25.61544438203027,
        2.7242731964021254,
        1.539439882535048,
        0.9258384410405787,
        0.5850814615836113,
        0.3679265077193815,
        0.29063529719162057,
        0.17822389238652595,
        0.10825779131792417,
        0.06897759650561441,
        0.04344683162301944,
        0.028724443484789763,
        0.051661331921469385
    ],
    "CBW-CBW": [
        1.360009091121251,
        0.04919082284652684,
        0.020536654471616077,
        0.009249591719629491,
        0.0044985060053119395,
        0.002288472446258871,
        0.0014797502666814202,
        0.0006864863829585676,
        0.00036388451310423274,
        0.00019024298366339257,
        0.00010425788747750848,
        5.593281550380434e-05,
        7.725783986830176e-05
    ],
    "CBW-C2JB": [
        5.983257123661866,
        0.6476313037031111,
        0.36783574978906847,
        0.2213909188592319,
        0.13936176685389803,
        0.09071539720378867,
        0.07018840560821955,
        0.04295401119186193,
        0.027007654239036998,
        0.016960617592330016,
        0.01091413507369452,
        0.0068554555421703614,
        0.01332697682994416
    ],
    "CBW-Delta4F": [
        66.44528120558047,
        6.944145944884283,
        3.978028180587858,
        2.4113680697715085,
        1.4785108873351118,
        0.9532892007075467,
        0.7421760456425228,
        0.45327070858648766,
        0.28389714350104023,
        0.17837236347345445,
        0.11340589230601567,
        0.07372652666850192,
        0.13521262925002905
    ],
    "C2JB-C2JB": [
        17.666789633103193,
        4.7763701087849055,
        3.8966862358487813,
        3.200369025188029,
        2.5454361764002194,
        2.0351749508151364,
        2.0029344260803357,
        1.552038115864168,
        1.1650232312961062,
        0.9010943080690474,
        0.6838044021238943,
        0.5012954790019534,
        1.4338014057727206
    ],
    "C2JB-Delta4F": [
        -3.6222516034545627,
        -1.4191152482164677,
        -1.239525355615991,
        -1.0342538663815013,
        -0.8870297220205032,
        -0.7177835158269962,
        -0.7605159479340283,
        -0.6228416765365095,
        -0.4984715508879992,
        -0.4199699761549923,
        -0.3251922648459872,
        -0.25705487395700094,
        -0.8254878335060319
    ],
    "Delta4F-Delta4F": [
        695.5861255336141,
        181.3550744895451,
        145.356809858328,
        114.59012692394971,
        92.65019041623337,
        73.98028618987605,
        72.40917123443079,
        54.02695748924869,
        41.508902688322166,
        30.7370638548022,
        23.545563345048432,
        17.545993881500497,
        47.980527542828824
    ],
    "C2psi4D2": [
        18.196801605813242,
        4.979430428239967,
        3.999010306943673,
        3.2938095125639566,
        2.6025599758981675,
        2.099628053402476,
        2.12501194368543,
        1.583414119121956,
        1.2392361713654771,
        0.9157245419914016,
        0.6974706878070613,
        0.5415975063659871,
        1.5197741109606016
    ],
    "C3psi4D2": [
        30.274046169593337,
        8.040937021762877,
        6.3814602262445135,
        5.231646354228548,
        4.13289858805098,
        3.395334902385773,
        3.270823781999642,
        2.5117821534299565,
        1.8561296583495375,
        1.4389308071745257,
        1.0790016136250908,
        0.806373313108073,
        2.221031881928237
    ],
    "C7psi4H2": [
        -0.7746481648076887,
        -0.0843468807565196,
        -0.049634964875639044,
        -0.029172713264798956,
        -0.018748609383313384,
        -0.012336345929479572,
        -0.009500212796758119,
        -0.005792709196514615,
        -0.003767693492137192,
        -0.0022910571680874996,
        -0.0014623949858147982,
        -0.0009726382664099936,
        -0.0018402289156647725
    ]
}