{
    "Cphi1": [
        -69.842848799181,
        -5.194372953549144,
        -0.979753084422861,
        -0.26367393052060434,
        -0.0981002479945667,
        -0.040433676140816416,
        -0.01793631037676181,
        -0.008882319529088788,
        -0.004262766461781187,
        -0.0024873066679149047,
        -0.0013453773242692972,
        -0.0007409044549689507,
        -0.00044015874970046746,
        -0.00026554878557514546,
        -0.00019127774883341173,
        -0.00010606524054239764,
        -0.0001414753155972322
    ],
    "CBW": [
        -156.13804665466782,
        -12.908224074637632,
        -2.41302751036501,
        -0.6708142791548001,
        -0.23550735096555692,
        -0.09845275293201,
        -0.045354302582368805,
        -0.02149162955431626,
        -0.01033451424978125,
        -0.005848267842652956,
        -0.003361062542710474,
        -0.0018842082820626827,
        -0.0011371758260909856,
        -0.000650258854538691,
        -0.0004921995830602181,
        -0.0002665626979338995,
        -0.0003617242001811943
    ],
    "C2JB": [
        128.71607787176015,
        37.75899236029539,
        15.592650125192941,
        7.616837036547822,
        4.093473108417713,
        2.3781849618120425,
        1.4299346069841727,
        0.8878919234146313,
        0.5677151266679845,
        0.3753839244740536,
        0.26499507143007023,
        0.17796947786189762,
        0.12125585232534662,
        0.08642729580969792,
        0.07121546163599504,
        0.0467494486796478,
        0.0879172522690558
    ],
    "Delta4F": [
        -1332.9594595332196,
        -314.64873452037193,
        -122.13818542999354,
        -58.51680010793509,
        -31.106929874464264,
        -18.000718275280605,
        -10.747701520959948,
        -6.680521025692649,
        -4.46112166054909,
        -2.8186942100408223,
        -1.9655112926894047,
        -1.309328119087465,
        -0.9074117126064126,
        -0.6078293323624636,
        -0.5128488557035179,
        -0.3371140840320231,
        -0.615472518441935
    ],
    "Cphi1-Cphi1": [
        3.204373077267652,
        0.34059801334714945,
        0.06359375898463292,
        0.017794698633831946,
        0.006334814175282364,
        0.002592385543125236,
        0.0011614285477369332,
        0.0005674974510259052,
        0.0002856185020103577,
        0.00015467121046519478,
        8.609028887464766e-05,
        5.0192258680462274e-05,
        2.8619784744511457e-05,
        1.800862843283578e-05,
        1.2626024483887923e-05,
        7.058584042800543e-06,
        9.291841671685482e-06
    ],
    "Cphi1-CBW": [
        10.1179312413557,
        1.410544560493375,
        0.26622529566768155,
        0.07675814602044351,
        0.027312235471313354,
        0.011051124393051295,
        0.004867990526224836,
        0.0023937434977030856,
        0.0012800545547645592,
        0.000668105699190791,
        0.00037035870263138503,
        0.00021830089242442537,
        0.00012471292986105013,
        7.737428671049662e-05,
        5.617980578120814e-05,
        3.0613383878523986e-05,
        4.103563142940413e-05
    ],
    "Cphi1-C2JB": [
        3.3495445467820946,
        0.9568012758028971,
        0.3800799529841893,
        0.18620376331335953,
        0.09873692256714332,
        0.05729606472109875,
        0.034186504126800896,
        0.021772999634444953,
        0.0137398646330225,
        0.009194280957667611,
        0.0061353103108120685,
        0.0041651044410999614,
        0.002833140639042359,
        0.001988242596712448,
        0.001676375788982621,
        0.0010756055358100507,
        0.0020308401961600902
    ],
    "Cphi1-Delta4F": [
        99.62606838979492,
        27.485960127673838,
        10.424466199829277,
        5.087037044711527,
        2.6606053012337574,
        1.5254922245881786,
        0.9355661823355627,
        0.5699845348109199,
        0.3630378882238274,
        0.24254614459188048,
        0.1649148804803163,
        0.11126527613637888,
        0.07434608072919377,
        0.05246097117232306,
        0.04436033590721831,
        0.027994259951045496,
        0.0521289474104935
    ],
    "CBW-CBW": [
        44.77008257276732,
        2.566965834884038,
        0.49235876598966033,
        0.13967239204238455,
        0.049744272604400896,
        0.020738034287626668,
        0.00912959684364079,
        0.0045006559403109655,
        0.0023305045486115565,
        0.001241528514927483,
        0.000697773703362321,
        0.00040858492973083185,
        0.00023522585512834296,
        0.00014286229451694206,
        0.0001043250448738081,
        5.7312609483476264e-05,
        7.57836777298847e-05
    ],
    "CBW-C2JB": [
        22.819091965989184,
        6.10318170680935,
        2.4927937474731747,
        1.1943313271118459,
        0.6476744592535324,
        0.3646800295816509,
        0.22333768983335445,
        0.14300555133662088,
        0.09079875182093418,
        0.05804592211270714,
        0.03935500301342308,
        0.0280071412744491,
        0.01875429754574594,
        0.013105882995584342,
        0.011127498639503923,
        0.007084560281970341,
        0.013158764782026947
    ],
    "CBW-Delta4F": [
        292.9555652976236,
        70.79008550293052,
        27.589019680079385,
        12.976701284786326,
        6.906980087293015,
        3.997166651308024,
        2.4003434697942656,
        1.4851680681757857,
        0.9536357662887095,
        0.6386070673110648,
        0.4211791577791338,
        0.28817440913020753,
        0.1993138798715633,
        0.13387797060525403,
        0.11300349904086278,
        0.07258543574665614,
        0.13547252164799026
    ],
    "C2JB-C2JB": [
        10.67263647294943,
        9.112877020289705,
        7.237249587196221,
        5.979141316705711,
        4.859354560884577,
        3.907659222806542,
        3.134873998562317,
        2.491626601554626,
        2.1073480846159574,
        1.6524900582647448,
        1.3172941280458328,
        1.0698739618150361,
        0.8523893524950622,
        0.6997564947885353,
        0.6687237277874178,
        0.5074702929290096,
        1.4363492757881122
    ],
    "C2JB-Delta4F": [
        4.398817978699954,
        -0.5168438430120023,
        -1.5778731220980073,
        -1.357424619861954,
        -1.397350093229941,
        -1.2754666370580232,
        -1.027345698141004,
        -0.8405452107949856,
        -0.6962318199779959,
        -0.6522783210000141,
        -0.4784764003800085,
        -0.4298899143159982,
        -0.3787742797639916,
        -0.315519654367,
        -0.30953210999499015,
        -0.2314539773860011,
        -0.7837871692050203
    ],
    "Delta4F-Delta4F": [
        629.538578714245,
        391.6967987509462,
        290.6566458285591,
        229.64899272798993,
        179.13250656095016,
        144.58070929072136,
        114.62674941139952,
        92.58659966650664,
        73.23126690650003,
        59.46610195609836,
        48.03021819429709,
        37.75959684510124,
        31.014468722803702,
        24.13045201780088,
        23.393169588702616,
        17.968700620000003,
        48.13114659699417
    ],
    "C2psi4D2": [
        10.400982749239024,
        9.261513849317298,
        7.579098255352777,
        6.162644376474951,
        4.987335990628015,
        4.092167471604195,
        3.235684599996198,
        2.6722524942931867,
        2.1313250231231153,
        1.702391992611163,
        1.4204701559891342,
        1.1200392884279908,
        0.90085547567798,
        0.7221376930819874,
        0.7039375809779512,
        0.5378663264040131,
        1.5267979160059524
    ],