{
    "Cphi1": [
        -57.90344683643863,
        -11.93940196274235,
        -3.7460978586964826,
        -1.448275094852618,
        -0.6512737156269625,
        -0.32847936879590306,
        -0.1675167001572822,
        -0.09615723036334992,
        -0.060998993374756796,
        -0.03710125461981461,
        -0.024656999336919123,
        -0.015776676803895013,
        -0.010788694154881852,
        -0.007147616221879866,
        -0.005364822014752478,
        -0.0035174975143359172,
        -0.0024959267148676884,
        -0.0017668397469134984,
        -0.0024873066679149047,
        -0.0013453773242692972,
        -0.0007409044549689507,
        -0.00044015874970046746,
        -0.00026554878557514546,
        -0.00029734298937583384,
        -0.0001414753155972322
    ],
    "CBW": [
        -128.2150900226466,
        -27.922956632027056,
        -9.294837666950276,
        -3.613386407687288,
        -1.6191450244583532,
        -0.7938824859065735,
        -0.42560100528476086,
        -0.24521327386998165,
        -0.14444161493876778,
        -0.09106573602678375,
        -0.05995580674382145,
        -0.03849694618818249,
        -0.026655036809458018,
        -0.018699265772911474,
        -0.012412933320442096,
        -0.009078696233875649,
        -0.0057417292484896,
        -0.004592785001291508,
        -0.005848267842652956,
        -0.003361062542710474,
        -0.0018842082820626827,
        -0.0011371758260909856,
        -0.000650258854538691,
        -0.0007587622809940684,
        -0.0003617242001811943
    ],
    "C2JB": [
        84.63865201213949,
        44.07742585963335,
        23.479543589202652,
        14.279448771092461,
        9.459377970857673,
        6.1332721543344055,
        4.448157446058041,
        3.1686795904886242,
        2.327066252183871,
        1.766406856233341,
        1.3463000123564743,
        1.0318849494554756,
        0.797439380960898,
        0.6324952260232432,
        0.48261171340858217,
        0.40528021000602255,
        0.3087822786109599,
        0.2589328480569979,
        0.3753839244740536,
        0.26499507143007023,
        0.17796947786189762,
        0.12125585232534662,
        0.08642729580969792,
        0.11796491031564132,
        0.0879172522690558
    ],
    "Delta4F": [
        -956.8549867414719,
        -376.1044727916037,
        -198.7128891061423,
        -115.93584541423348,
        -73.46145479672295,
        -48.67673063326205,
        -33.763107923247865,
        -24.753692184691158,
        -17.51032349067343,
        -13.596606383789501,
        -10.196406362611102,
        -7.804311912669541,
        -5.9696398885483,
        -4.778061632411592,
        -3.6530226647925756,
        -3.0274983609000596,
        -2.4626797920590455,
        -1.9984418684900263,
        -2.8186942100408223,
        -1.9655112926894047,
        -1.309328119087465,
        -0.9074117126064126,
        -0.6078293323624636,
        -0.8499629397353522,
        -0.615472518441935
    ],
    "Cphi1-Cphi1": [
        2.4135716124994993,
        0.7908014647681693,
        0.24625331445423657,
        0.09434469889291493,
        0.042828278624958534,
        0.02076548035967714,
        0.011381207632314073,
        0.006413491001521127,
        0.003976398411200573,
        0.0023584157640806503,
        0.001572257695161402,
        0.0010201278479642253,
        0.0006891513942892131,
        0.00047227715344770626,
        0.00032996684134688024,
        0.0002375306096790143,
        0.00016340624393940578,
        0.00012221225807094115,
        0.00015467121046519478,
        8.609028887464766e-05,
        5.0192258680462274e-05,
        2.8619784744511457e-05,
        1.800862843283578e-05,
        1.9684608526689965e-05,
        9.291841671685482e-06
    ],
    "Cphi1-CBW": [
        6.829975798529093,
        3.2879554428271995,
        1.0147835077574439,
        0.3957610527359246,
        0.177588548178077,
        0.08863674748959767,
        0.04874777218235282,
        0.02801037383807435,
        0.016744685505599485,
        0.010567549965708618,
        0.00665941452610539,
        0.004391709866945929,
        0.0028422414283170027,
        0.002025749097907846,
        0.0014004512122992186,
        0.0009932922854038676,
        0.0007625848620973993,
        0.0005174696926671622,
        0.000668105699190791,
        0.00037035870263138503,
        0.00021830089242442537,
        0.00012471292986105013,
        7.737428671049662e-05,
        8.679318965973198e-05,
        4.103563142940413e-05
    ],
    "Cphi1-C2JB": [
        2.235775228686628,
        1.1137693180951425,
        0.5947955484721578,
        0.36200572733073444,
        0.2272348343452139,
        0.1528451186389611,
        0.10849431611338528,
        0.07770944719997493,
        0.05641371525322806,
        0.042323207313914826,
        0.03247954655155648,
        0.02481651816954158,
        0.019054377171250775,
        0.01513212695554997,
        0.012027248859392476,
        0.009745750775052481,
        0.007833141631124986,
        0.005906723001897508,
        0.009194280957667611,
        0.0061353103108120685,
        0.0041651044410999614,
        0.002833140639042359,
        0.001988242596712448,
        0.002751981324792727,
        0.0020308401961600902
    ],
    "Cphi1-Delta4F": [
        66.0546196311671,
        33.57144875864018,
        17.263393510252335,
        10.2225666174215,
        6.25150327877018,
        4.172962921059116,
        2.942610864774533,
        2.1444261799375415,
        1.5274810257780964,
        1.133124275456149,
        0.8588474440400975,
        0.6666447805483209,
        0.5232378864487984,
        0.41232829588674835,
        0.324407273928676,
        0.24557726088220375,
        0.20257669740332535,
        0.1604611908205205,
        0.24254614459188048,
        0.1649148804803163,
        0.11126527613637888,
        0.07434608072919377,
        0.05246097117232306,
        0.07235459585825145,
        0.0521289474104935
    ],
    "CBW-CBW": [
        38.717960924540705,
        6.0521216482275495,
        1.8343687763392524,
        0.7325970585447564,
        0.3316057540930274,
        0.1607380601366369,
        0.0895300716940867,
        0.050157272108310176,
        0.030522824352080268,
        0.01922144825232469,
        0.012489360228270378,
        0.008248674059353686,
        0.005421641669270229,
        0.0037079551743703348,
        0.0026309518374179664,
        0.001869704102892648,
        0.0013467707169142035,
        0.0009837338316973946,
        0.001241528514927483,
        0.000697773703362321,
        0.00040858492973083185,
        0.00023522585512834296,
        0.00014286229451694206,
        0.0001616376543573024,
        7.57836777298847e-05
    ],
    "CBW-C2JB": [
        15.769753806222006,
        7.049338159770457,
        3.8019003476778286,
        2.301281359131595,
        1.5053687916880216,
        0.9874249557852753,
        0.699397341295881,
        0.4949339858158748,
        0.3752894687429663,
        0.2723849905107265,
        0.20726995973815582,
        0.15741006984345346,
        0.1238818949208249,
        0.09945579491252826,
        0.07949579788568446,
        0.06350975345092624,
        0.05126377772870764,
        0.03953497409223036,
        0.05804592211270714,
        0.03935500301342308,
        0.0280071412744491,
        0.01875429754574594,
        0.013105882995584342,
        0.01821205892147441,
        0.013158764782026947
    ],