{
    "SM": [
        53.652560000020394,
        10.747602000002486,
        3.0560320000016246,
        1.064060799999981,
        0.4234996142651021,
        0.1818024857349894,
        0.08627901177553082,
        0.041608058224499686,
        0.021606181808105855,
        0.011537217191901924,
        0.006264808570800991,
        0.003459900428400377,
        0.0047046035808007425
    ],
    "Cphi1": [
        -2.418203161499246,
        -0.47584572719997786,
        -0.13363312056000437,
        -0.04682324883600987,
        -0.01851167804799999,
        -0.007594921743999538,
        -0.0037328495414002275,
        -0.0017742825561998768,
        -0.000919338030000081,
        -0.0004941952654600388,
        -0.0002656778758799745,
        -0.00014259147097999626,
        -0.00019099658090400472
    ],
    "Delta4F": [
        -226.6270068800036,
        -91.96719159998126,
        -43.844570939009145,
        -22.88644133159959,
        -12.767009755501656,
        -7.355893544999511,
        -4.431019415551046,
        -2.7220192759498953,
        -1.7132010009802627,
        -1.0698106071800724,
        -0.6885030049800794,
        -0.45243086720999237,
        -0.8477121763223382
    ],
    "CBW": [
        -6.007902250000946,
        -1.1666051637999366,
        -0.32745411708002126,
        -0.1124958263100151,
        -0.0460436414389979,
        -0.019508851214999196,
        -0.00933789625500015,
        -0.004394389347000065,
        -0.0022569627377998364,
        -0.0012761296433999676,
        -0.0006858016811099597,
        -0.0003614944548600143,
        -0.00045989732804252627
    ],
    "C2JB": [
        28.036902366003925,
        11.744020409998118,
        5.68363606590153,
        2.9978466133006814,
        1.6828935827003242,
        0.9788589932000484,
        0.5911930451200845,
        0.36991914392004543,
        0.2339041456699898,
        0.1462552439500012,
        0.09555239799797964,
        0.06318987294399414,
        0.12073647067498913
    ],
    "Cphi1-Cphi1": [
        0.15634569999992445,
        0.030729530000006368,
        0.008686120999997542,
        0.003003011999999666,
        0.0011939818166248064,
        0.0005106106833750688,
        0.0002417372357399691,
        0.00011559792426000844,
        5.9236256321991755e-05,
        3.2624263678002126e-05,
        1.7290337633602702e-05,
        9.698423235199389e-06,
        1.2660820251197455e-05
    ],
    "Cphi1-CBW": [
        0.6576968999998263,
        0.1306044199999607,
        0.036937399999994014,
        0.012829559000003562,
        0.005103225648000115,
        0.0021850143520000475,
        0.0010314130566602584,
        0.0005058297433399886,
        0.0002599959647600037,
        0.00013831267523998816,
        7.510912941350396e-05,
        4.214041018650203e-05,
        5.604874600000724e-05
    ],
    "Cphi1-C2JB": [
        0.6933670982699173,
        0.2877364796800541,
        0.1375761035599587,
        0.07214121247401112,
        0.04065865986649051,
        0.023286643645500836,
        0.014219323870599326,
        0.008551765562999613,
        0.005535060856599497,
        0.0034616864721998234,
        0.0022458164291999008,
        0.0015119087043001138,
        0.0027563879208449982
    ],
    "Cphi1-Delta4F": [
        19.668079999992262,
        7.920501999999586,
        3.7646740000003134,
        1.9614391999999368,
        1.0849751799601597,
        0.635023520040028,
        0.37840752427491436,
        0.23187797572500057,
        0.14428970619001916,
        0.09263920380999206,
        0.05859681027250889,
        0.03796393602000244,
        0.07197283730750291
    ],
    "Delta4F-Delta4F": [
        417.6020000002026,
        328.21590000002857,
        257.351700000054,
        200.42426000006338,
        153.36575552497146,
        121.8284944749814,
        91.5981212159882,
        71.21403878399691,
        53.76264327450288,
        41.132146725504334,
        30.478201893996303,
        23.697696385997357,
        65.90580762000661
    ],
    "Delta4F-CBW": [
        50.78174000002042,
        20.453447000005873,
        9.718015000002454,
        5.068097999998891,
        2.841411228450873,
        1.60628577154994,
        0.9747214615999407,
        0.601477538400019,
        0.37629351807597766,
        0.23686196192398662,
        0.15023043310500256,
        0.09915172803000168,
        0.18721221786500108
    ],
    "Delta4F-C2JB": [
        -1.299418260000009,
        -1.8076922736999914,
        -1.8270188172000523,
        -1.6804959278999592,
        -1.5049643550500666,
        -1.1314865367500218,
        -0.981178800500061,
        -0.8072206810000411,
        -0.6337213195950245,
        -0.5290038365850087,
        -0.4211000873600161,
        -0.3314430358400085,
        -1.1007102461631022
    ],
    "CBW-CBW": [
        1.2135889999998009,
        0.24116330000005515,
        0.06827504000000334,
        0.023703629999993862,
        0.009448733190398927,
        0.00405331480960009,
        0.0019111441110300949,
        0.000941735588970027,
        0.00048492856454003937,
        0.0002557596354600256,
        0.00013896033164997773,
        7.825509360000458e-05,
        0.00010615700905001414
    ],
    "CBW-C2JB": [
        4.516542437699645,
        1.8665341196997527,
        0.8942524466998215,
        0.47347038750007475,
        0.2589901493850055,
        0.15638307349498679,
        0.0924274099759801,
        0.05577120410400075,
        0.03575674053300376,
        0.022566247134000888,
        0.014518792694450439,
        0.009727610216499455,
        0.018231474642250868
    ],
    "C2JB-C2JB": [
        10.092039999997759,
        8.450110000001905,
        6.8092300000007135,
        5.3893099999989955,
        4.216637931999817,
        3.296972067999362,
        2.5558719731998014,
        1.9685960267998515,
        1.5247964533997431,
        1.1613595465998339,
        0.8941129176000071,
        0.6789731647999561,
        1.9454953375998683
    ],
    "C7psi4H2": [
        -0.5744238427200699,
        -0.2408054590499511,
        -0.11728409893202502,
        -0.062140758919973726,
        -0.03497752915800229,
        -0.02044414858200123,
        -0.012366810415048782,
        -0.007533912173549528,
        -0.004845984595198808,
        -0.003100358183999448,
        -0.0020259230717999143,
        -0.0013015981742999492,
        -0.002529544539220194
    ],
    "C2psi4D2": [
        10.39255108800354,
        8.720945128002302,
        7.077238128798886,
        5.603110348001279,
        4.369836439499818,
        3.4650456570002723,
        2.653137890250458,
        2.069442356750162,
        1.5829941594101669,
        1.221949603900109,
        0.937911016875093,
        0.7175830865000477,
        2.063297027234854
    ],
    "C3psi4D2": [
        17.79086600199449,
        14.432572895702796,
        11.477417163997597,
        9.000584767197351,
        7.090937744998855,
        5.362443781499225,
        4.2048305730004865,
        3.1946944005003335,
        2.48551227299935,
        1.8523077319995989,
        1.420267266950026,
        1.059868822850019,
        3.0477891503935073
    ]
}