{
    "SM": [
        34.56364936589915,
        7.088210872585725,
        2.061399673244676,
        0.727174056910506,
        0.28785291505946387,
        0.12496182803960505,
        0.05966555133154265,
        0.028442229012138796,
        0.015114616666590275,
        0.007961931094105439,
        0.004312491630738567,
        0.002421457163248142,
        0.003287051221145139
    ],
    "Delta4F": [
        -147.7379122939392,
        -61.402045950708334,
        -29.797395912326543,
        -15.533703341838132,
        -8.840162832493876,
        -5.091986494074237,
        -3.0551148760708324,
        -1.882633581344083,
        -1.1941174273245814,
        -0.743343655637292,
        -0.48350239422135327,
        -0.31878048600478764,
        -0.5906040927930919
    ],
    "C2JB": [
        18.236128245319655,
        7.840605822681422,
        3.8997712050908855,
        2.0341711213209384,
        1.156960964635839,
        0.6645174555837138,
        0.4120273138203022,
        0.25355282214907343,
        0.1633511714855056,
        0.10292173406703836,
        0.06701229595934251,
        0.043643286713250025,
        0.08339323798749623
    ],
    "CBW": [
        -3.9147371694395434,
        -0.7745346120015953,
        -0.21829548144471492,
        -0.07639549797144801,
        -0.03176042157137685,
        -0.013368975271714519,
        -0.00644401533085585,
        -0.0030404247676670414,
        -0.0015688526945149296,
        -0.0008814693559440232,
        -0.0004740825036247512,
        -0.00025802035491375325,
        -0.00032658732358025844
    ],
    "Cphi1": [
        -1.5628595949849151,
        -0.31476309494323307,
        -0.0896385938974109,
        -0.03192495886507588,
        -0.012582689979764562,
        -0.00516471198114292,
        -0.0025768024610205043,
        -0.0011987822468565326,
        -0.000629783424700952,
        -0.00035012083967772345,
        -0.00018216405861128926,
        -9.873328062620407e-05,
        -0.00012843534471019893
    ],
    "Delta4F-Delta4F": [
        280.5204652276543,
        223.76358137790265,
        178.64024694529502,
        139.35043369330828,
        107.59855255842636,
        85.64014256592901,
        64.08782589263033,
        50.315880897059664,
        38.16433615471888,
        28.83692441320761,
        21.427840361372724,
        16.654051993253475,
        46.07780691591894
    ],
    "Delta4F-CBW": [
        33.430938178503254,
        13.659130398686537,
        6.583910086921169,
        3.4619904622967637,
        1.9692886294562042,
        1.1166972918420075,
        0.6784082743079918,
        0.417106030731056,
        0.2630696667645851,
        0.16301163707029173,
        0.1057450904109018,
        0.06986953746400115,
        0.1287500555439994
    ],
    "Delta4F-C2JB": [
        -0.9091399252885055,
        -1.2176327208499942,
        -1.263522085559032,
        -1.1440841842389624,
        -1.038181653837009,
        -0.7765974625824837,
        -0.676167490627525,
        -0.5643069828970103,
        -0.45718756638349667,
        -0.37680764526549215,
        -0.2911171945715049,
        -0.23897543014600048,
        -0.78126758022855
    ],
    "Cphi1-Delta4F": [
        12.867807217758138,
        5.292737635658827,
        2.5586429775572395,
        1.3417153315038173,
        0.7428464101990477,
        0.44650699123692883,
        0.26414314395807276,
        0.16167969905744325,
        0.1001376354070602,
        0.06511826137137045,
        0.04073951526154328,
        0.0264148281530788,
        0.05055950522302927
    ],
    "Cphi1-Cphi1": [
        0.09996952560231076,
        0.020196501124903784,
        0.005841900414617058,
        0.0020494535301565217,
        0.0008145936831653557,
        0.00035165458371210807,
        0.00016743020894915855,
        8.05229998143163e-05,
        4.054655702289068e-05,
        2.2552636820283355e-05,
        1.2244266537969208e-05,
        6.763241546081617e-06,
        8.661675562562638e-06
    ],
    "Cphi1-CBW": [
        0.42450849751984626,
        0.0855898488404299,
        0.02470473626861792,
        0.008685074353535143,
        0.003473184533793996,
        0.0014999916677419108,
        0.0007168592803288237,
        0.00034734273699901265,
        0.00017733242047105109,
        9.602077120148607e-05,
        5.1929021513922605e-05,
        2.9113491194941265e-05,
        3.8799534888024476e-05
    ],
    "Cphi1-C2JB": [
        0.4539127084613041,
        0.1930988046205386,
        0.09238172967630524,
        0.04974383462971106,
        0.027672703471859277,
        0.016041903476252995,
        0.009849145621657049,
        0.006017518479209753,
        0.003852564308902268,
        0.0023978888817125046,
        0.0015983338692726135,
        0.001050165749872519,
        0.0019204776454075732
    ],
    "CBW-CBW": [
        0.7863411737715448,
        0.15880163400518843,
        0.04574065429171049,
        0.01599458679559421,
        0.006401644987885459,
        0.00284926421178585,
        0.0013081113039140337,
        0.0006469533361265156,
        0.00033484874784267706,
        0.00017892669852145887,
        9.632178477319585e-05,
        5.5148718383462934e-05,
        7.34174934192276e-05
    ],
    "CBW-C2JB": [
        2.964136782604132,
        1.234212033214062,
        0.6083122347732045,
        0.3239159770441817,
        0.17848734328210897,
        0.10738040472592142,
        0.06439923939951121,
        0.03919657792375761,
        0.024886694093041336,
        0.01566307058854926,
        0.010129443909364415,
        0.006773241991909753,
        0.012683835125100927
    ],
    "C2JB-C2JB": [
        6.752063911742544,
        5.774746869738043,
        4.690123472926962,
        3.749884485929594,
        2.9269652564594546,
        2.315479198223756,
        1.7734115677598703,
        1.3922605019959058,
        1.0824676478858581,
        0.8116154843299298,
        0.6367011943769596,
        0.47141099526597235,
        1.3575517229468166
    ],
    "C2psi4D2": [
        6.888188424974506,
        6.0036841793159,
        4.9360482446150735,
        3.925800958310788,
        3.0371421189653414,
        2.403633219310116,
        1.8655637594200445,
        1.46037827002996,
        1.1145645606300891,
        0.8644835534350453,
        0.6582389183700349,
        0.5021061976700024,
        1.4417284274149431
    ],
    "C3psi4D2": [
        11.951462228250842,
        9.8550378473109,
        7.904092519663572,
        6.259278094618813,
        4.948346833782384,
        3.8083584844356455,
        2.94504676758929,
        2.238580039186173,
        1.7717637903596404,
        1.306141816509835,
        1.0150804521450179,
        0.747423720913013,
        2.1278520907917438
    ],
    "C7psi4H2": [
        -0.37813645988836697,
        -0.16195746235302302,
        -0.07945843362316135,
        -0.0416988460801743,
        -0.0242240453184265,
        -0.013973467075245724,
        -0.008491883164909394,
        -0.00518074386067992,
        -0.0033682601312143598,
        -0.002192565561624809,
        -0.0014433838153649424,
        -0.0009115422936199683,
        -0.00176154591228008
    ]
}