{
    "SM": [
        65.61906235650972,
        10.38050216039982,
        8.835813633597864,
        3.1335590750012186,
        1.2980146820799865,
        0.5729707736700375,
        0.28023728287500754,
        0.14706708637500376,
        0.0932601827299735,
        0.044038577270002995,
        0.023199656696706497,
        0.011879585303299066,
        0.006597966175499369,
        0.003636198824499583,
        0.004683594400000187
    ],
    "Cphi1": [
        -2.9190938875002774,
        -0.4379570384999896,
        -0.38865527472006783,
        -0.13789758653996634,
        -0.054880455199508626,
        -0.025159218754499394,
        -0.012199482521998132,
        -0.005869679664000058,
        -0.003909685626649917,
        -0.00194145202315002,
        -0.000978058552950071,
        -0.0005148188801099684,
        -0.00027739939638946086,
        -0.00014928686276349153,
        -0.0001922414877585515
    ],
    "CBW": [
        -7.247014208999186,
        -1.1181287667000082,
        -0.9356079708001122,
        -0.3404782549300335,
        -0.13600647312501585,
        -0.06186622458099865,
        -0.02981831990999863,
        -0.016029238976999476,
        -0.010196275769200253,
        -0.004720555590799676,
        -0.0024017578508002415,
        -0.0012402682292000473,
        -0.0006875403667650857,
        -0.00037499065663498674,
        -0.0004903711212609622
    ],
    "C2JB": [
        32.78466835000475,
        8.664325797000075,
        10.499869862997745,
        5.6256510975480385,
        3.3030747344504476,
        2.00018524929989,
        1.2520664064001708,
        0.806757222399962,
        0.6428901125700984,
        0.3900374580600521,
        0.2476059132799398,
        0.15739067999997977,
        0.10129005499602774,
        0.06515404508100801,
        0.11544890962911425
    ],
    "Delta4F": [
        -261.3770106899323,
        -67.68674920050239,
        -81.14733782699223,
        -43.418294923503986,
        -24.876485052999314,
        -14.825308946299511,
        -9.484883074398985,
        -6.114788319400538,
        -4.816138620000012,
        -2.846126660000007,
        -1.8151346308197518,
        -1.1333897694798616,
        -0.7339572275099384,
        -0.468200616910041,
        -0.8118217141139199
    ],
    "Cphi1-Cphi1": [
        0.1906923568000482,
        0.029133353900999012,
        0.025265887151997818,
        0.008880534432252118,
        0.0036089017485004017,
        0.0016404275491199592,
        0.0008086609508251259,
        0.0004015710193049855,
        0.00026005925040698105,
        0.00012311335959300245,
        6.417498363751051e-05,
        3.324434636249783e-05,
        1.8169289933904334e-05,
        1.0074593066101166e-05,
        1.2796608399998903e-05
    ],
    "Cphi1-CBW": [
        0.8080206828203853,
        0.12477291307450841,
        0.1068330705320282,
        0.03795991364399336,
        0.015475660534297667,
        0.007033239030700823,
        0.0033704917070005395,
        0.001774703084000204,
        0.0011135818118702032,
        0.0005372695881299506,
        0.000276105318732005,
        0.00014555827126798223,
        7.83490973100021e-05,
        4.459966269000117e-05,
        5.6238987000011946e-05
    ],
    "Cphi1-C2JB": [
        0.8038647749998661,
        0.20754267992000835,
        0.2539265150849901,
        0.13774577121501383,
        0.07993363939000189,
        0.04763954660100286,
        0.03047939267100128,
        0.01912440921300154,
        0.015347209865197697,
        0.00928719937900019,
        0.005937242440500778,
        0.003646412613899929,
        0.0023964672188597678,
        0.001506769456140148,
        0.0026651553665103505
    ],
    "Cphi1-Delta4F": [
        22.642729362503776,
        5.834776848750268,
        6.963192470248638,
        3.735459013999194,
        2.118367645859979,
        1.2652418257400235,
        0.8133199147000596,
        0.5163501997000327,
        0.40557342329994145,
        0.24752387669997025,
        0.15461599545004712,
        0.09613975454999923,
        0.061888148084999116,
        0.04011127191499943,
        0.06868900400000544
    ],
    "CBW-CBW": [
        1.4898727217504075,
        0.23193352460001357,
        0.19710050115004485,
        0.0698892628454776,
        0.02900044900349692,
        0.013032820637500137,
        0.006314644140750365,
        0.003243258372750154,
        0.002077359470600256,
        0.000991118329399891,
        0.0005108170190999698,
        0.00027402898090001497,
        0.00014864805375196705,
        8.046423624800761e-05,
        0.00010516095400001419
    ],
    "CBW-C2JB": [
        5.214726450001039,
        1.374452540850025,
        1.6453640196496253,
        0.8977764263797773,
        0.510276807044896,
        0.3118851645350036,
        0.19370447199999724,
        0.12401012649999828,
        0.09849800419897657,
        0.06114519409599685,
        0.037830241071002864,
        0.023977586471996954,
        0.015534308371400695,
        0.009937295520599378,
        0.017456016470717768
    ],
    "CBW-Delta4F": [
        58.3223152365026,
        15.308183421499635,
        18.0396430910001,
        9.611158220350196,
        5.492959873650133,
        3.317498840749867,
        2.0846229427501344,
        1.3280181224999412,
        1.0526250330447775,
        0.6373886669549431,
        0.3975856327359227,
        0.2512159872639915,
        0.16015473872248887,
        0.1038003312775151,
        0.17794960399995696
    ],
    "C2JB-C2JB": [
        11.04368470500134,
        4.652847889500429,
        8.07024807750114,
        6.552062752501581,
        5.242918272499631,
        4.30163445499999,
        3.4639678800003186,
        2.763566640000246,
        2.7329834038006333,
        2.131707596200431,
        1.606032300000205,
        1.2415427000001427,
        0.9310976770499445,
        0.715551322949861,
        1.7360655999995664
    ],
    "C2JB-Delta4F": [
        -1.6335290294999905,
        -1.1346260486499964,
        -2.18011657150009,
        -1.9227989130000043,
        -1.7376684663999429,
        -1.374465179800005,
        -1.2380097132500516,
        -0.9795871201500177,
        -1.0234409512500078,
        -0.8478885574500317,
        -0.6870559674800398,
        -0.5613646409200179,
        -0.4539915535499757,
        -0.34687130948997497,
        -0.9578547205200996
    ],
    "Delta4F-Delta4F": [
        448.69999788000376,
        185.5396222950079,
        307.9974790000537,
        245.2413881400367,
        195.05046331999438,
        157.1962212909895,
        125.01199087201714,
        101.07544637701086,
        98.53374626502098,
        75.8314037350099,
        57.39701965599535,
        43.017640343994664,
        32.820554820044336,
        24.373058179947105,
        58.74371600001376
    ],
    "C2psi4D2": [
        11.311617343998066,
        4.9245071575999315,
        8.335238605198231,
        6.735867618201116,
        5.460802004101155,
        4.4513500130504156,
        3.574163579700421,
        2.8795835065502464,
        2.9077177184998915,
        2.1864450554999215,
        1.7102308427400221,
        1.272153402000022,
        0.9883614200152134,
        0.7376661423151138,
        1.8375949567803866
    ],
    "C3psi4D2": [
        19.108355069496323,
        8.142850751000426,
        13.558403564999471,
        10.96653276229818,
        8.695223291150509,
        7.126477224149463,
        5.64436230995046,
        4.616503553350145,
        4.497137023500474,
        3.4349712093002354,
        2.606188135000059,
        1.9848361444000446,
        1.498545755279894,
        1.1256478447200213,
        2.7104413975192294
    ],