{
    "Cphi1": [
        -35465.98296820014,
        -1589.6453501891817,
        -1172.0512851659591,
        -847.3858245696108,
        -662.3938332901084,
        -565.5771817595602,
        -416.64774453468607,
        -242.32588260177906,
        -196.11018279863865,
        -146.0659390319242,
        -132.04297791772282,
        -81.23982110587897,
        -62.586011122656494,
        -48.8092722578917,
        -31.692672601399185,
        -23.37426357676308,
        -15.811230574287855,
        -14.929852528927684,
        -8.313576137179053,
        -9.561318894651176
    ],
    "Delta4F": [
        -1039716.8058309968,
        -104037.33031995421,
        -78619.13355866067,
        -72468.92884274074,
        -64192.689823955065,
        -60015.0324305095,
        -51693.13247080667,
        -37726.07248221903,
        -35083.261064822815,
        -29906.516519206427,
        -28135.8589500906,
        -23732.61488332728,
        -20224.54207217713,
        -17665.052202730512,
        -13801.597725637908,
        -11180.891948219563,
        -10055.056364922993,
        -10392.238715204772,
        -7026.395528492079,
        -13170.444306790454
    ],
    "CBW": [
        -85851.37932913755,
        -4368.3518517792345,
        -2987.8684521335003,
        -2097.9252117528304,
        -1650.2382005111974,
        -1368.784983152715,
        -936.7395273467239,
        -595.6779744065334,
        -485.01693606102305,
        -406.1359363964215,
        -288.1204363274456,
        -218.79509521242375,
        -152.85552021164037,
        -110.83347939753975,
        -75.45747507814775,
        -60.96620629528781,
        -38.232048956219444,
        -38.96758335330271,
        -20.97087463610911,
        -24.015995450614756
    ],
    "C2JB": [
        112379.32250867109,
        11750.155799934239,
        9876.493954540854,
        8548.321601103535,
        7869.174232606537,
        7602.375601438509,
        6435.505370486341,
        4626.232362830137,
        4374.886451574698,
        3803.153565796249,
        3600.1789412878798,
        3178.9327452389493,
        2686.2900085792103,
        2295.7621522872155,
        1845.9509202239149,
        1552.5230590815788,
        1334.453931750715,
        1409.1364352128396,
        969.271273191668,
        1830.636745485012
    ],
    "Cphi1-Cphi1": [
        37375.12273093009,
        1762.425536862858,
        1291.0946936634905,
        909.1816085168203,
        728.4547261202052,
        597.1930997137953,
        443.14942000477015,
        261.561116660821,
        223.08501608330351,
        152.77259428806806,
        130.2810022465935,
        99.43676358586372,
        68.90783318374457,
        52.40283059843691,
        32.9900313647959,
        24.294554143677406,
        18.51651230628367,
        16.2715436420165,
        8.881591869014098,
        10.732800113809029
    ],
    "Cphi1-Delta4F": [
        1508054.8383169235,
        150960.29006722764,
        113772.25210443488,
        100212.34203319166,
        88887.95531420526,
        86673.29175566608,
        73789.37655202653,
        53801.86714369377,
        51095.155737880385,
        42284.036125632156,
        41777.697549037744,
        33980.22647576001,
        28610.15111459036,
        24881.20308068752,
        20034.721155444968,
        16062.687210432567,
        13800.307921963427,
        14594.492035103134,
        10144.20426693965,
        18399.830965394856
    ],
    "Cphi1-CBW": [
        153538.60587802454,
        7200.33489245311,
        4967.882229052401,
        3764.1396166352233,
        2985.741721160025,
        2374.164428929174,
        1791.1752270680604,
        1154.280654249115,
        891.5100891516887,
        643.4762266120746,
        574.4519368335074,
        412.2101211612656,
        292.59533704760054,
        215.0188370618503,
        145.06569831175898,
        102.11020901442683,
        77.74108142578281,
        71.46699893287024,
        38.61138355622998,
        45.69464846339903
    ],
    "Cphi1-C2JB": [
        48660.89105678634,
        4993.759084867027,
        3982.1133161406765,
        3616.645324223125,
        3300.0065368645155,
        3000.7219122559586,
        2659.0861344075806,
        1892.4671555217021,
        1772.9581989704325,
        1596.9520532212177,
        1556.7179948275932,
        1225.436471012817,
        1075.2726528014723,
        930.6759847290132,
        735.5856315822809,
        592.2004724381375,
        512.7133811488268,
        562.657838135661,
        378.4600021325134,
        707.8332550142104
    ],
    "Delta4F-Delta4F": [
        12377304.761868853,
        2160100.7850831766,
        1906072.0859252943,
        1920374.0592562612,
        2015442.6298894065,
        2212277.1411990062,
        2135350.3695959924,
        1809681.6930622277,
        1904594.4984428864,
        1923145.4045053301,
        2089553.2486303323,
        2065120.7465092887,
        2011807.2879857835,
        2017695.7031697456,
        1766039.5586696598,
        1743198.0912549358,
        1703826.4697749026,
        2175608.114159239,
        1875614.236235607,
        5782840.493003566
    ],
    "Delta4F-CBW": [
        3911266.634417171,
        383963.8696389277,
        310253.02860665077,
        263333.32548845,
        239034.6242651076,
        222261.84947878734,
        187298.9460058167,
        136432.54289054134,
        133409.18941889954,
        108010.30789810747,
        108524.96057539174,
        87475.20603912316,
        72972.84087637671,
        64867.17733298555,
        51444.733965571664,
        42581.098316244,
        35991.527464091705,
        38217.91398279171,
        26322.32448757448,
        47465.587141094446
    ],
    "Delta4F-C2JB": [
        66349.7586319574,
        694.4225466404963,
        -1259.7058669820585,
        -3344.0392973530866,
        -7036.209063311711,
        -7039.174977106401,
        -9929.281267120457,
        -7328.050515978492,
        -9908.089567760584,
        -12022.132724965479,
        -14724.021742224773,
        -14397.348822614087,
        -16608.65908000596,
        -18459.094349010134,
        -18089.264125329573,
        -16276.807918365097,
        -17605.284256660216,
        -22724.1842338571,
        -22484.715612123462,
        -86550.76787831944
    ],
    "CBW-CBW": [
        278744.7029486192,
        13505.347034335531,
        9096.624185999868,
        7157.192845490551,
        5619.6353638723085,
        4488.620311302525,
        3283.3511643838387,
        2087.2331498915664,
        1662.2083113337817,
        1237.3213283362245,
        1037.8877954577697,
        737.5269281708688,
        553.1186922955166,
        395.7906821041645,
        272.30459381312477,
        188.00933810655422,
        150.44387337665904,
        130.46143099475867,
        73.17875232935059,
        85.9783076494095
    ],
    "CBW-C2JB": [
        311465.0818258428,
        33219.502832148224,
        26570.27545607064,
        23886.670438079072,
        21088.21124159141,
        19629.899829903978,
        17318.503098734353,
        12560.86791584233,
        11876.494447790832,
        9859.695942339253,
        9694.718674314305,
        7935.490286491791,
        6875.551986383462,
        6145.62432339351,
        4813.90444458978,
        3782.6992415216105,
        3370.0011345762773,
        3613.0962087122657,
        2499.9633901918387,
        4591.130950427645
    ],