{
    "data": [
        66347.0,
        3029.0,
        2300.0,
        1641.0,
        1271.0,
        971.0,
        716.0,
        463.0,
        356.0,
        268.0,
        201.0,
        140.0,
        98.0,
        62.0,
        53.0,
        38.0,
        28.0,
        18.0,
        12.0,
        10.0
    ],
    "background": [
        66453.2717571739,
        3041.253814075006,
        2286.7237804321376,
        1635.1180792590617,
        1267.5625797352595,
        970.9046061791914,
        711.9095000932824,
        464.996656021077,
        355.38825408654276,
        266.16929113119375,
        199.9999999999998,
        149.7793096996116,
        108.23253768012151,
        77.06290569527141,
        51.87992340698635,
        37.605489674464025,
        26.64803338120567,
        24.4423485157651,
        13.724357291983067,
        15.47999908544222
    ],
    "signal": [
        43659.547093880974,
        2086.075700099759,
        1581.0964228584155,
        1126.1020735772595,
        900.3754358989503,
        716.7848194407135,
        532.9186917196358,
        340.9572893265394,
        268.7856060842931,
        207.12247220073436,
        157.63820917842168,
        121.71402389265543,
        88.9807480969875,
        65.44331725415473,
        43.66001449671262,
        31.530702116363628,
        23.050106562867953,
        21.239258094550294,
        12.084859735058266,
        13.94676007407339
    ],
    "bins": [
        269.24,
        460.4,
        497.07,
        536.66,
        579.41,
        625.56,
        675.39,
        729.18,
        787.27,
        849.97,
        917.68,
        990.77,
        1069.7,
        1154.9,
        1246.9,
        1346.2,
        1453.4,
        1569.2,
        1760.4,
        1974.8,
        4588.4
    ]
}