{
    "data": [
        89994.0,
        76963.0,
        66290.0,
        57922.0,
        51314.0,
        45215.0,
        39710.0,
        35705.0,
        31865.0,
        28627.0,
        25715.0,
        22847.0,
        20470.0,
        18243.0,
        16134.0,
        14573.0,
        12898.0,
        11757.0,
        10606.0,
        9359.0,
        8420.0,
        7235.0,
        6588.0,
        5715.0,
        5094.0,
        4435.0,
        3909.0,
        3431.0,
        3128.0,
        2762.0,
        2374.0,
        2076.0,
        1821.0,
        1621.0,
        1408.0,
        1245.0,
        1055.0,
        879.0,
        762.0,
        670.0,
        601.0,
        529.0,
        442.0,
        389.0,
        327.0,
        248.0,
        215.0,
        193.0,
        163.0,
        135.0,
        133.0,
        100.0,
        101.0,
        83.0,
        57.0,
        61.0,
        37.0,
        25.0,
        37.0,
        32.0,
        21.0,
        26.0,
        12.0,
        17.0,
        11.0,
        10.0,
        3.0,
        5.0,
        4.0,
        7.0,
        1.0,
        4.0,
        1.0,
        1.0,
        1.0,
        1.0,
        1.0,
        0.0,
        0.0,
        1.0,
        0.0,
        0.0,
        0.0,
        0.0,
        0.0,
        0.0,
        0.0,
        0.0,
        0.0,
        0.0,
        0.0,
        0.0,
        0.0
    ],
    "background": [
        90666.49113412808,
        75758.71926473298,
        66480.61608495067,
        57393.83544632623,
        51194.09360119855,
        45664.05432338155,
        39422.54711206799,
        35743.04018221044,
        31882.03977743762,
        28438.108655234486,
        25783.835262611938,
        22998.638539612108,
        20514.301665692165,
        18298.32544679482,
        16321.721285632704,
        14558.631963371288,
        12985.993384868598,
        11773.944540970298,
        10675.022383375992,
        9521.895354084085,
        8493.330306765547,
        7213.665969982214,
        6540.377817119525,
        5739.383544632611,
        5036.48633052627,
        4419.672315034593,
        3878.3989651456477,
        3459.4502719745856,
        3136.5621741294076,
        2752.4301855766166,
        2376.219332062503,
        2085.2058572487535,
        1800.1933328915482,
        1632.1721285632702,
        1409.081685511736,
        1236.5127007954695,
        1050.211079636668,
        877.5308866117335,
        757.5871926473282,
        664.8061608495054,
        602.7564188857541,
        528.9373746757303,
        441.96723150346116,
        387.83989651456636,
        324.06960357871606,
        249.55318701788832,
        215.44346900318865,
        192.17104123021505,
        163.2172128563277,
        134.17128354799115,
        131.9980075832026,
        99.9999999999998,
        100.0,
        82.20412614574927,
        67.5751835538623,
        60.275641888575414,
        47.95689579154609,
        40.73137564447347,
        36.331530050797944,
        31.365621741294266,
        20.51430166569208,
        20.1820156685286,
        17.42347400593542,
        15.797252514848452,
        10.85078086635722,
        9.838022272179375,
        7.956264635090646,
        6.648061608495081,
        5.464980950894402,
        4.566405432338164,
        3.692970908750502,
        3.188203977743762,
        2.4153425010859464,
        1.9855111964445786,
        1.579725251484855,
        1.341712835479917,
        0.9838022272179395,
        0.8775308866117371,
        0.6648061608495054,
        0.5464980950894403,
        0.42083657283101866,
        0.3294052347239973,
        0.26639858572587677,
        0.21195376464489613,
        0.16590449618912131,
        0.12568712151548603,
        0.10164644603701106,
        0.07827390868337487,
        0.06027564188857541,
        0.04954906469324442,
        0.03633153005079787,
        0.027977474632885507,
        0.02262611181825064
    ],
    "signal": [
        80334.49114217298,
        65758.71926473298,
        56642.59381277218,
        47871.94009224215,
        42127.44448778576,
        36888.745457264195,
        30929.21680530244,
        27786.775547119796,
        24306.16785096434,
        21224.442685252274,
        19135.77365411687,
        16770.959224533617,
        14680.422268140024,
        12921.865015601285,
        11366.814816308262,
        10066.192128656905,
        8777.627656558394,
        7958.367001020251,
        7215.572111401407,
        6385.333179954678,
        5695.582843477008,
        4718.134099803336,
        4277.7666352944525,
        3721.1819777797427,
        3265.452120204679,
        2839.947063549742,
        2492.1412646071935,
        2222.9375711791163,
        2069.059935791808,
        1815.6639999082113,
        1580.5928685534382,
        1398.328132393874,
        1177.4254013836967,
        1111.8023612984748,
        974.2733388012841,
        854.9549468004648,
        726.1414760579507,
        602.2878680540724,
        523.8142055231872,
        466.2550412050475,
        434.12039469390277,
        392.55703334695556,
        324.2277860937579,
        291.0532142866687,
        241.8654774329671,
        181.9780034640263,
        158.9792858625131,
        144.99094034003338,
        123.79466574425972,
        101.76432319011948,
        105.35814901061487,
        76.23780667937473,
        81.40040249904696,
        66.91448955346426,
        54.799534339191176,
        49.94364189662033,
        39.03710620036718,
        34.40116095011408,
        31.042156304040653,
        27.08796754222735,
        16.572046954485266,
        17.045453494399204,
        14.485248621964422,
        13.779050947995584,
        9.27105561487237,
        8.333824418895079,
        7.1206889078612905,
        5.784744767793924,
        4.7892291153557816,
        4.037468057662433,
        3.2581625620400527,
        2.700739175725964,
        2.2200074673631134,
        1.7901761627217445,
        1.454038129969369,
        1.181139377951558,
        0.8988689241502842,
        0.7635747837261586,
        0.6144412975442428,
        0.5008340407660586,
        0.39145431899130856,
        0.30640659618438526,
        0.24485423882555798,
        0.21195376464489613,
        0.16590449618912131,
        0.12568712151548603,
        0.10164644603701106,
        0.07827390868337487,
        0.06027564188857541,
        0.04954906469324442,
        0.03633153005079787,
        0.027977474632885507,
        0.02262611181825064
    ],