{
    "MXX": 4.0,
    "best-fit": -0.041293232459273785,
    "beta": 1.0,
    "lower-limit": -0.05699999999999997,
    "upper-limit": -0.02699999999999994
}