{
    "MXX": 4.0,
    "best-fit": -0.00821696653368608,
    "beta": 0.5,
    "lower-limit": -0.02499999999999994,
    "upper-limit": 0.0070000000000000765
}