{
    "MXX": 5.0,
    "best-fit": -0.019956900914443035,
    "beta": 1.0,
    "lower-limit": -0.03599999999999995,
    "upper-limit": -0.004999999999999924
}