{
    "MXX": 8.0,
    "best-fit": -0.002315375318376945,
    "beta": 0.5,
    "lower-limit": -0.018999999999999934,
    "upper-limit": 0.013000000000000081
}