{
    "MXX": 8.0,
    "best-fit": -0.01855285095303743,
    "beta": 1.5,
    "lower-limit": -0.03399999999999995,
    "upper-limit": -0.003999999999999924
}