{
    "MXX": 7.0,
    "best-fit": -0.0031938482993845094,
    "beta": 0.3,
    "lower-limit": -0.019999999999999934,
    "upper-limit": 0.01200000000000008
}