{
    "MXX": 6.0,
    "best-fit": -0.016218275107677375,
    "beta": 0.5,
    "lower-limit": -0.032999999999999946,
    "upper-limit": -0.0009999999999999237
}