{
    "MXX": 6.0,
    "best-fit": -0.04319908917472091,
    "beta": 1.5,
    "lower-limit": -0.05799999999999997,
    "upper-limit": -0.028999999999999942
}