{
    "MXX": 7.0,
    "best-fit": -0.025824086104972388,
    "beta": 1.5,
    "lower-limit": -0.04099999999999995,
    "upper-limit": -0.010999999999999927
}