{
    "MXX": 5.0,
    "best-fit": -0.003852372475386265,
    "beta": 0.5,
    "lower-limit": -0.019999999999999934,
    "upper-limit": 0.01200000000000008
}