{
    "MXX": 8.0,
    "best-fit": -0.03296993120845367,
    "beta": 2.0,
    "lower-limit": -0.04799999999999996,
    "upper-limit": -0.018999999999999934
}