{
    "MXX": 5.0,
    "best-fit": -0.05033878032345854,
    "beta": 1.5,
    "lower-limit": -0.06499999999999997,
    "upper-limit": -0.03699999999999995
}