{
    "MXX": 7.0,
    "best-fit": -0.01722272648667307,
    "beta": 1.2,
    "lower-limit": -0.032999999999999946,
    "upper-limit": -0.0019999999999999237
}