{
    "MXX": 7.0,
    "best-fit": -0.04487361595488472,
    "beta": 2.0,
    "lower-limit": -0.05999999999999997,
    "upper-limit": -0.030999999999999944
}