{
    "MXX": 4.0,
    "best-fit": -0.024207693950672626,
    "beta": 0.8,
    "lower-limit": -0.03999999999999995,
    "upper-limit": -0.008999999999999925
}