{
    "MXX": 8.0,
    "best-fit": -0.005458511771645205,
    "beta": 0.8,
    "lower-limit": -0.021999999999999936,
    "upper-limit": 0.010000000000000078
}