{
    "MXX": 7.0,
    "best-fit": -0.008862751658940314,
    "beta": 0.8,
    "lower-limit": -0.02499999999999994,
    "upper-limit": 0.0070000000000000765
}