{
    "MXX": 6.0,
    "best-fit": -0.021229646557386166,
    "beta": 0.8,
    "lower-limit": -0.03699999999999995,
    "upper-limit": -0.005999999999999924
}