{
    "MXX": 4.0,
    "best-fit": -0.0025279939521491088,
    "beta": 0.3,
    "lower-limit": -0.018999999999999934,
    "upper-limit": 0.013000000000000081
}