{
    "MXX": 6.0,
    "best-fit": -0.02594762887390211,
    "beta": 1.0,
    "lower-limit": -0.041999999999999954,
    "upper-limit": -0.010999999999999927
}