{
    "MXX": 5.0,
    "best-fit": -0.030154382214613716,
    "beta": 1.2,
    "lower-limit": -0.04499999999999996,
    "upper-limit": -0.01599999999999993
}