{
    "MXX": 7.0,
    "best-fit": -0.0048363077977220895,
    "beta": 0.5,
    "lower-limit": -0.020999999999999935,
    "upper-limit": 0.01100000000000008
}