{
    "MXX": 6.0,
    "best-fit": -0.0318815083660564,
    "beta": 1.2,
    "lower-limit": -0.04799999999999996,
    "upper-limit": -0.016999999999999932
}