{
    "MXX": 6.0,
    "best-fit": -0.01418002220313655,
    "beta": 0.3,
    "lower-limit": -0.030999999999999944,
    "upper-limit": 0.0010000000000000763
}