{
    "MXX": 5.0,
    "best-fit": -0.0006015802382674596,
    "beta": 0.3,
    "lower-limit": -0.016999999999999932,
    "upper-limit": 0.015000000000000083
}