{
    "MXX": 4.0,
    "best-fit": -0.06438931757998616,
    "beta": 1.2,
    "lower-limit": -0.07899999999999999,
    "upper-limit": -0.04999999999999996
}