{
    "MXX": 7.0,
    "best-fit": -0.012605405727586456,
    "beta": 1.0,
    "lower-limit": -0.028999999999999942,
    "upper-limit": 0.0030000000000000764
}