{
    "MXX": 8.0,
    "best-fit": -0.011939872019615388,
    "beta": 1.2,
    "lower-limit": -0.02799999999999994,
    "upper-limit": 0.0030000000000000764
}