{
    "MXX": 8.0,
    "best-fit": -0.008369520482973184,
    "beta": 1.0,
    "lower-limit": -0.02499999999999994,
    "upper-limit": 0.0070000000000000765
}