{
    "MXX": 5.0,
    "best-fit": -0.012031791617263952,
    "beta": 0.8,
    "lower-limit": -0.02799999999999994,
    "upper-limit": 0.0030000000000000764
}