{
    "MXX": 8.0,
    "best-fit": -0.0010294099447299297,
    "beta": 0.3,
    "lower-limit": -0.017999999999999933,
    "upper-limit": 0.015000000000000083
}