{
    "MXX": 6.0,
    "best-fit": 0.0010329054736906368,
    "beta": 1.0,
    "lower-limit": -0.0012000000000000057,
    "upper-limit": 0.0028999999999999937
}