{
    "MXX": 5.0,
    "best-fit": -0.00015379557316175046,
    "beta": 1.5,
    "lower-limit": -0.001600000000000006,
    "upper-limit": 0.0010999999999999949
}