{
    "MXX": 6.0,
    "best-fit": 0.0016432104045525672,
    "beta": 0.5,
    "lower-limit": -0.0009000000000000056,
    "upper-limit": 0.003799999999999992
}