{
    "MXX": 5.0,
    "best-fit": -0.0005393416231882974,
    "beta": 0.8,
    "lower-limit": -0.0031000000000000042,
    "upper-limit": 0.001599999999999995
}