{
    "MXX": 7.0,
    "best-fit": 7.275630979276714e-05,
    "beta": 1.0,
    "lower-limit": -0.0025000000000000053,
    "upper-limit": 0.0022999999999999948
}