{
    "MXX": 4.0,
    "best-fit": 0.0008084863978074931,
    "beta": 1.0,
    "lower-limit": -0.0010000000000000057,
    "upper-limit": 0.0022999999999999948
}