{
    "MXX": 8.0,
    "best-fit": 4.219397059611449e-05,
    "beta": 0.5,
    "lower-limit": -0.0030000000000000044,
    "upper-limit": 0.0025999999999999942
}