{
    "MXX": 8.0,
    "best-fit": -0.00012591558160734553,
    "beta": 1.5,
    "lower-limit": -0.0025000000000000053,
    "upper-limit": 0.0018999999999999952
}