{
    "MXX": 6.0,
    "best-fit": 0.0007639361639303953,
    "beta": 1.2,
    "lower-limit": -0.0012000000000000057,
    "upper-limit": 0.0023999999999999946
}