{
    "MXX": 5.0,
    "best-fit": -0.00013824576226823882,
    "beta": 0.3,
    "lower-limit": -0.003200000000000004,
    "upper-limit": 0.0024999999999999944
}