{
    "MXX": 4.0,
    "best-fit": 0.002077138221363596,
    "beta": 1.2,
    "lower-limit": 0.0006999999999999947,
    "upper-limit": 0.003299999999999993
}