{
    "MXX": 6.0,
    "best-fit": 0.00042131703918421126,
    "beta": 1.5,
    "lower-limit": -0.0012000000000000057,
    "upper-limit": 0.0017999999999999952
}