{
    "MXX": 7.0,
    "best-fit": 0.00029849138436515566,
    "beta": 0.3,
    "lower-limit": -0.002700000000000005,
    "upper-limit": 0.002799999999999994
}