{
    "MXX": 7.0,
    "best-fit": 0.00025257729109695126,
    "beta": 0.5,
    "lower-limit": -0.002700000000000005,
    "upper-limit": 0.002699999999999994
}