{
    "MXX": 7.0,
    "best-fit": -0.0001362648325299002,
    "beta": 2.0,
    "lower-limit": -0.001700000000000006,
    "upper-limit": 0.001199999999999995
}