{
    "MXX": 5.0,
    "best-fit": -0.0006310398455678422,
    "beta": 1.0,
    "lower-limit": -0.0029000000000000046,
    "upper-limit": 0.001299999999999995
}