{
    "MXX": 6.0,
    "best-fit": 0.0013016851433209067,
    "beta": 0.8,
    "lower-limit": -0.0011000000000000057,
    "upper-limit": 0.003299999999999993
}