{
    "MXX": 8.0,
    "best-fit": -7.57123153340642e-05,
    "beta": 1.2,
    "lower-limit": -0.002700000000000005,
    "upper-limit": 0.002099999999999995
}