{
    "MXX": 4.0,
    "best-fit": -6.026731831958651e-05,
    "beta": 0.3,
    "lower-limit": -0.0031000000000000042,
    "upper-limit": 0.0024999999999999944
}