{
    "MXX": 4.0,
    "best-fit": 7.788991114643976e-06,
    "beta": 0.8,
    "lower-limit": -0.0022000000000000058,
    "upper-limit": 0.0018999999999999952
}