{
    "MXX": 4.0,
    "best-fit": -0.00023906174134704218,
    "beta": 0.5,
    "lower-limit": -0.0030000000000000044,
    "upper-limit": 0.002099999999999995
}