{
    "MXX": 8.0,
    "best-fit": -3.84146883386471e-05,
    "beta": 1.0,
    "lower-limit": -0.0028000000000000047,
    "upper-limit": 0.0022999999999999948
}