{
    "MXX": 7.0,
    "best-fit": -6.021842791137825e-06,
    "beta": 1.2,
    "lower-limit": -0.0024000000000000054,
    "upper-limit": 0.0019999999999999953
}