{
    "MXX": 5.0,
    "best-fit": -0.0002873375166420852,
    "beta": 0.5,
    "lower-limit": -0.003200000000000004,
    "upper-limit": 0.002199999999999995
}