{
    "MXX": 5.0,
    "best-fit": -0.0005824694697120273,
    "beta": 1.2,
    "lower-limit": -0.0025000000000000053,
    "upper-limit": 0.0009999999999999948
}