{
    "MXX": 7.0,
    "best-fit": -0.00010485789530052903,
    "beta": 1.5,
    "lower-limit": -0.0022000000000000058,
    "upper-limit": 0.0016999999999999951
}