{
    "MXX": 8.0,
    "best-fit": 6.206722744053434e-05,
    "beta": 0.3,
    "lower-limit": -0.0030000000000000044,
    "upper-limit": 0.002699999999999994
}