{
    "MXX": 8.0,
    "best-fit": -2.420547916692114e-06,
    "beta": 0.8,
    "lower-limit": -0.0029000000000000046,
    "upper-limit": 0.0023999999999999946
}