{
    "MXX": 8.0,
    "best-fit": -0.00015961786819010003,
    "beta": 2.0,
    "lower-limit": -0.002100000000000006,
    "upper-limit": 0.001399999999999995
}