{
    "MXX": 6.0,
    "best-fit": 0.0017986100178081991,
    "beta": 0.3,
    "lower-limit": -0.0009000000000000056,
    "upper-limit": 0.003999999999999992
}