{
    "MXX": 7.0,
    "best-fit": 0.0001519994693850644,
    "beta": 0.8,
    "lower-limit": -0.002600000000000005,
    "upper-limit": 0.0024999999999999944
}