{
    "MXX": 4.0,
    "best-fit": -0.0023141252249567657,
    "beta": 0.8,
    "lower-limit": -0.008999999999999925,
    "upper-limit": 0.0030000000000000764
}