{
    "MXX": 7.0,
    "best-fit": -0.0017006865093671334,
    "beta": 1.2,
    "lower-limit": -0.007999999999999924,
    "upper-limit": 0.004000000000000076
}