{
    "MXX": 7.0,
    "best-fit": -0.0007563739286213121,
    "beta": 0.8,
    "lower-limit": -0.006999999999999924,
    "upper-limit": 0.005000000000000076
}