{
    "MXX": 7.0,
    "best-fit": -0.00010749937265456688,
    "beta": 0.3,
    "lower-limit": -0.005999999999999924,
    "upper-limit": 0.005000000000000076
}