{
    "MXX": 8.0,
    "best-fit": -0.003616169874434684,
    "beta": 2.0,
    "lower-limit": -0.009999999999999926,
    "upper-limit": 0.0020000000000000764
}