{
    "MXX": 8.0,
    "best-fit": -0.0002255866334774835,
    "beta": 0.5,
    "lower-limit": -0.006999999999999924,
    "upper-limit": 0.005000000000000076
}