{
    "MXX": 4.0,
    "best-fit": 0.003937436492675158,
    "beta": 1.0,
    "lower-limit": -0.012999999999999928,
    "upper-limit": 0.020000000000000087
}