{
    "MXX": 4.0,
    "best-fit": 0.00035148969274165426,
    "beta": 0.3,
    "lower-limit": -0.016999999999999932,
    "upper-limit": 0.016000000000000084
}