{
    "MXX": 7.0,
    "best-fit": 0.0029158138092125097,
    "beta": 1.5,
    "lower-limit": -0.01399999999999993,
    "upper-limit": 0.019000000000000086
}