{
    "MXX": 8.0,
    "best-fit": 0.0006154251379711021,
    "beta": 0.8,
    "lower-limit": -0.01599999999999993,
    "upper-limit": 0.017000000000000084
}