{
    "MXX": 8.0,
    "best-fit": 0.002211710988240085,
    "beta": 1.5,
    "lower-limit": -0.01499999999999993,
    "upper-limit": 0.018000000000000085
}