{
    "MXX": 6.0,
    "best-fit": 0.0026364963170544074,
    "beta": 1.2,
    "lower-limit": -0.01399999999999993,
    "upper-limit": 0.019000000000000086
}