{
    "MXX": 6.0,
    "best-fit": 0.000532381037745389,
    "beta": 0.5,
    "lower-limit": -0.01599999999999993,
    "upper-limit": 0.016000000000000084
}