{
    "MXX": 7.0,
    "best-fit": 0.0018671961621510988,
    "beta": 1.2,
    "lower-limit": -0.01499999999999993,
    "upper-limit": 0.018000000000000085
}