{
    "MXX": 4.0,
    "best-fit": 3.0345006623967024e-06,
    "beta": 0.8,
    "lower-limit": -0.0005000000000000054,
    "upper-limit": 0.0004999999999999946
}