{
    "MXX": 8.0,
    "best-fit": -9.596350387756029e-09,
    "beta": 0.8,
    "lower-limit": -0.0005000000000000054,
    "upper-limit": 0.0004999999999999946
}