{
    "MXX": 7.0,
    "best-fit": 6.023699451071447e-06,
    "beta": 2.0,
    "lower-limit": -0.0005000000000000054,
    "upper-limit": 0.0004999999999999946
}