{
    "MXX": 6.0,
    "best-fit": 1.3014725520479316e-06,
    "beta": 0.5,
    "lower-limit": -0.0005000000000000054,
    "upper-limit": 0.0004999999999999946
}