{
    "MXX": 8.0,
    "best-fit": 4.169523202688992e-06,
    "beta": 2.0,
    "lower-limit": -0.0005000000000000054,
    "upper-limit": 0.0004999999999999946
}