{
    "MXX": 5.0,
    "best-fit": 6.5801052500515226e-06,
    "beta": 1.5,
    "lower-limit": -0.0005000000000000054,
    "upper-limit": 0.0004999999999999946
}