{
    "MXX": 7.0,
    "best-fit": 7.481388074572303e-08,
    "beta": 0.5,
    "lower-limit": -0.0005000000000000054,
    "upper-limit": 0.0004999999999999946
}