{
    "MXX": 7.0,
    "best-fit": 1.1931802725362441e-06,
    "beta": 1.0,
    "lower-limit": -0.0005000000000000054,
    "upper-limit": 0.0004999999999999946
}