{
    "MXX": 4.0,
    "best-fit": 1.1873350693957444e-07,
    "beta": 0.3,
    "lower-limit": -0.0005000000000000054,
    "upper-limit": 0.0004999999999999946
}