{
    "MXX": 4.0,
    "best-fit": 5.280547932478908e-06,
    "beta": 1.0,
    "lower-limit": -0.0005000000000000054,
    "upper-limit": 0.0004999999999999946
}