{
    "MXX": 6.0,
    "best-fit": 5.521098348349794e-06,
    "beta": 1.5,
    "lower-limit": -0.0005000000000000054,
    "upper-limit": 0.0004999999999999946
}