{
    "MXX": 4.0,
    "best-fit": 8.681415925770415e-06,
    "beta": 1.2,
    "lower-limit": -0.0005000000000000054,
    "upper-limit": 0.0004999999999999946
}