{
    "MXX": 5.0,
    "best-fit": 2.3644888170409735e-06,
    "beta": 1.0,
    "lower-limit": -0.0005000000000000054,
    "upper-limit": 0.0004999999999999946
}