{
    "data": [
        34.26794306994042,
        6.927379219580976,
        1.9878562934223416,
        0.6810015281737263,
        0.26178566093364447,
        0.1106825670319139,
        0.04902413668332497,
        0.02296924579368953,
        0.011409950604425012,
        0.006308256954329745,
        0.0040128692134227505,
        0.003493892395999999,
        0.21037705799639883
    ],
    "SM": [
        34.56364936589915,
        7.088210872585725,
        2.061399673244676,
        0.727174056910506,
        0.28785291505946387,
        0.12496182803960505,
        0.05966555133154265,
        0.028442229012138796,
        0.015114616666590275,
        0.007961931094105439,
        0.004312491630738567,
        0.002421457163248142,
        0.003287051221145139
    ],
    "bin-edges": [
        500,
        750,
        1000,
        1250,
        1500,
        1750,
        2000,
        2250,
        2500,
        2750,
        3000,
        3250,
        3500,
        1000000
    ]
}