{
    "data": [
        34.70102938091508,
        7.078245006567928,
        2.050613961462395,
        0.7036560350779115,
        0.2814269627567675,
        0.1240283106757102,
        0.057036386243607774,
        0.027476083425914916,
        0.014116911870469971,
        0.007299336323752506,
        0.0037650891645625044,
        0.002115193398355003,
        0.014919349703233798
    ],
    "SM": [
        34.56364936589915,
        7.088210872585725,
        2.061399673244676,
        0.727174056910506,
        0.28785291505946387,
        0.12496182803960505,
        0.05966555133154265,
        0.028442229012138796,
        0.015114616666590275,
        0.007961931094105439,
        0.004312491630738567,
        0.002421457163248142,
        0.003287051221145139
    ],
    "bin-edges": [
        500,
        750,
        1000,
        1250,
        1500,
        1750,
        2000,
        2250,
        2500,
        2750,
        3000,
        3250,
        3500,
        1000000
    ]
}