{
    "data": [
        34.698132270223894,
        5.916550841728008,
        2.027828658278866,
        0.7376935556740596,
        0.26377526904052556,
        0.11288546056404385,
        0.050359618075774916,
        0.02388099349327498,
        0.011394596052350018,
        0.0057343415861441805,
        0.0030654170730993148,
        0.0015765676801369859,
        0.012093190244143839
    ],
    "SM": [
        34.56364936589915,
        7.088210872585725,
        2.061399673244676,
        0.727174056910506,
        0.28785291505946387,
        0.12496182803960505,
        0.05966555133154265,
        0.028442229012138796,
        0.015114616666590275,
        0.007961931094105439,
        0.004312491630738567,
        0.002421457163248142,
        0.003287051221145139
    ],
    "bin-edges": [
        500,
        750,
        1000,
        1250,
        1500,
        1750,
        2000,
        2250,
        2500,
        2750,
        3000,
        3250,
        3500,
        1000000
    ]
}