{
    "data": [
        34.59233698076031,
        6.739569669335061,
        1.9350890294068237,
        0.6627952692649063,
        0.2532526406099639,
        0.10529210286361643,
        0.04675789572109373,
        0.022188598420373976,
        0.010432252708982752,
        0.005361441080188496,
        0.0027427302915957468,
        0.001414259324272746,
        0.0030009918209557536
    ],
    "SM": [
        34.56364936589915,
        7.088210872585725,
        2.061399673244676,
        0.727174056910506,
        0.28785291505946387,
        0.12496182803960505,
        0.05966555133154265,
        0.028442229012138796,
        0.015114616666590275,
        0.007961931094105439,
        0.004312491630738567,
        0.002421457163248142,
        0.003287051221145139
    ],
    "bin-edges": [
        500,
        750,
        1000,
        1250,
        1500,
        1750,
        2000,
        2250,
        2500,
        2750,
        3000,
        3250,
        3500,
        1000000
    ]
}