{
    "data": [
        34.958014026693704,
        6.892496245995463,
        2.0110831183995437,
        0.7016789030268428,
        0.27493345996835566,
        0.11757577759995012,
        0.054055111819659864,
        0.026346737442897533,
        0.012896890396347506,
        0.006823160695215009,
        0.0036094676865650087,
        0.0018827759935300015,
        0.002525422481505746
    ],
    "SM": [
        34.56364936589915,
        7.088210872585725,
        2.061399673244676,
        0.727174056910506,
        0.28785291505946387,
        0.12496182803960505,
        0.05966555133154265,
        0.028442229012138796,
        0.015114616666590275,
        0.007961931094105439,
        0.004312491630738567,
        0.002421457163248142,
        0.003287051221145139
    ],
    "bin-edges": [
        500,
        750,
        1000,
        1250,
        1500,
        1750,
        2000,
        2250,
        2500,
        2750,
        3000,
        3250,
        3500,
        1000000
    ]
}