{
    "data": [
        34.42407305176888,
        6.958499476948012,
        1.9899206672336927,
        0.6713768296616247,
        0.26302682816870004,
        0.11317028475480012,
        0.05032377487807509,
        0.023326125574492502,
        0.011536046582025027,
        0.005679197537187503,
        0.0028862021617124998,
        0.0016343527105795012,
        0.051394469264541644
    ],
    "SM": [
        34.56364936589915,
        7.088210872585725,
        2.061399673244676,
        0.727174056910506,
        0.28785291505946387,
        0.12496182803960505,
        0.05966555133154265,
        0.028442229012138796,
        0.015114616666590275,
        0.007961931094105439,
        0.004312491630738567,
        0.002421457163248142,
        0.003287051221145139
    ],
    "bin-edges": [
        500,
        750,
        1000,
        1250,
        1500,
        1750,
        2000,
        2250,
        2500,
        2750,
        3000,
        3250,
        3500,
        1000000
    ]
}