{
    "C2JB": [
        163440.3281579297,
        20358.252073659834,
        18803.028829967967,
        16646.817640938858,
        15311.948458640838,
        13137.795215067566,
        11415.356819776922,
        10610.350937702236,
        9652.823272820358,
        8331.95212053821,
        7000.34186202979,
        6196.605909859121,
        5319.9374578735815,
        4373.537082450462,
        3777.325092774546,
        3206.69886347231,
        2447.6122273251017,
        4943.883323134345,
        1729.4724917802328,
        1699.306427063825
    ],
    "C2JB-C2JB": [
        313764.14098656335,
        69024.88416160857,
        72302.49188800597,
        73748.48677626999,
        83587.17932285993,
        82088.28795339783,
        86420.81156038235,
        90361.53917307912,
        96986.57134685354,
        97085.61256673692,
        96878.18847483901,
        100653.38020102854,
        97650.08670344985,
        96720.8198327245,
        97630.69202150563,
        98202.39055911094,
        87069.72100763612,
        236175.33743778087,
        119091.61853156521,
        214286.29180138014
    ],
    "C2psi4D2": [
        321316.10702162446,
        66265.79450798343,
        71761.3817678989,
        77235.5421263675,
        86561.21256867229,
        84513.6691354647,
        88598.95036686545,
        91770.1974311664,
        94823.38903149408,
        98988.37159521207,
        99575.61905468257,
        101526.75087060095,
        102407.82280058583,
        100623.88045148004,
        103151.8994564464,
        99622.50718969843,
        90935.46636473661,
        246215.08158128546,
        126486.3293341339,
        227798.12271068466
    ],
    "C3psi4D2": [
        631670.3696573375,
        119870.15689226279,
        135352.13609802394,
        134009.421541554,
        144059.27144898393,
        146271.37411034535,
        151898.17917963705,
        163335.88230766568,
        163998.65548035162,
        160346.09668895736,
        161813.42055785985,
        164663.0707328907,
        163191.47914638,
        162422.4753916727,
        161493.18309457446,
        158582.98892576306,
        144329.1325250488,
        378027.3150832296,
        191332.95418276638,
        324532.6036805659
    ],
    "C7psi4H2": [
        -53926.02499773152,
        -6437.079983808953,
        -6016.586944582142,
        -5648.368265058986,
        -5242.357955661358,
        -4511.621259098165,
        -3991.844073984732,
        -3603.8864755770724,
        -3156.1861463736914,
        -2734.887402694079,
        -2412.699413557241,
        -2143.139579781941,
        -1794.3164781819899,
        -1514.0675038082588,
        -1291.8581813172796,
        -1055.29749294801,
        -860.3149253721218,
        -1688.3096516264693,
        -584.6187431933024,
        -587.1092560367316
    ],
    "CBW": [
        -128371.01703670113,
        -7918.779978115554,
        -6265.431841118739,
        -4594.168361461644,
        -3670.241303051019,
        -2548.0208455144984,
        -1923.3475930794195,
        -1477.6668669181934,
        -1081.036170010267,
        -785.2172179326727,
        -563.3266598221036,
        -440.9348895444884,
        -305.99181444581365,
        -232.5265361773657,
        -165.28741771729142,
        -116.66428312105815,
        -78.67109032868557,
        -115.44292362268855,
        -26.15723706345128,
        -15.421755936554234
    ],
    "CBW-C2JB": [
        455286.01507809357,
        57119.01060964382,
        49593.19566256776,
        45094.55641662433,
        40083.16003609875,
        35208.20111622187,
        30721.09105570297,
        27842.435271848783,
        24351.965770604893,
        21912.49061747935,
        18245.478747961788,
        16526.135385093978,
        13626.02823345137,
        11264.229180281664,
        9726.073994895982,
        8177.882177688706,
        6243.038707299882,
        12648.377329602352,
        4207.612078722218,
        4185.323491017183
    ],
    "CBW-CBW": [
        429314.0463728703,
        27157.032911937782,
        19727.03886599325,
        15241.779058315064,
        11877.917641481015,
        8784.27815596528,
        6530.480556957843,
        4965.087906416503,
        3840.5980121268017,
        2979.835328805718,
        1994.0289187135782,
        1431.8425885114702,
        1075.0216412850648,
        787.3408484194454,
        562.9890745781315,
        403.56712975643165,
        267.2413777651081,
        406.80779691534605,
        94.05907263062798,
        55.90810838189749
    ],
    "Cphi1": [
        -54374.07257436064,
        -3303.6083055661393,
        -2557.7170033869525,
        -1794.7295407759843,
        -1474.0817468455916,
        -1066.3996756093513,
        -783.5442445154476,
        -613.9718813191497,
        -436.35054503116186,
        -337.464320332441,
        -234.56928271619574,
        -179.91573968931934,
        -128.0614986553614,
        -90.51207113319299,
        -67.29125637579085,
        -47.425746329173016,
        -31.32295317363761,
        -47.197101138083276,
        -10.479631750398296,
        -6.198069937998774
    ],
    "Cphi1-C2JB": [
        71171.50656329795,
        8657.760810036829,
        7796.429211023226,
        6737.68136119002,
        6317.297712242618,
        5435.737791917908,
        4763.014289249192,
        4251.701630714757,
        3819.352464031788,
        3430.033951227734,
        2712.4014113392905,
        2523.287110471886,
        2087.877306370835,
        1759.4021718556646,
        1494.0711947124814,
        1264.053209063086,
        970.2237937163859,
        1923.5336764437636,
        660.011659664554,
        645.3204978822658
    ],
    "Cphi1-CBW": [
        237348.55889377807,
        14171.885238897985,
        11143.180585812857,
        8380.893022874918,
        6641.992180876834,
        4756.558557353507,
        3537.1211920023634,
        2632.5004224168183,
        2005.198738439304,
        1541.4223066313666,
        1023.6519366589415,
        813.5637783661095,
        571.8717708226188,
        414.58804349758583,
        302.8069880618713,
        216.62120176400393,
        146.73428944608864,
        217.21357087176384,
        49.07414393343042,
        30.330749621174768
    ],
    "Cphi1-Cphi1": [
        57216.690474953386,
        3528.632883155906,
        2730.239858804867,
        1985.6767795739943,
        1559.0319998108369,
        1138.4805528403087,
        818.7649045335477,
        659.4003662504998,
        460.0010740599687,
        350.6659495616019,
        248.56549811256815,
        185.6693249765577,
        135.68967433702005,
        99.90215639398986,
        71.9733846170355,
        51.253501554104695,
        33.94439597412973,
        50.24394559900546,
        11.474788055207506,
        6.859899682048591
    ],
    "Cphi1-Delta4F": [
        2234583.810859152,
        259608.9456393837,
        229748.795772852,
        200178.46987266204,
        179315.46733802368,
        159023.23158314856,
        136955.39423747407,
        120147.73037817588,
        106850.65654440355,
        90541.16680607249,
        76340.60783626643,
        64553.21413866409,
        56045.882442459464,
        47911.444734787714,
        41070.90670638149,
        33228.32344906663,
        26200.58564692833,
        51483.588948668934,
        17027.00320318107,
        16514.295511966684
    ],