{
    "data": [
        888766.0,
        26435.0,
        21188.0,
        16797.0,
        13170.0,
        10490.0,
        7650.0,
        6128.0,
        4613.0,
        3457.0,
        2635.0,
        1979.0,
        1478.0,
        1016.0,
        759.0,
        574.0,
        389.0,
        295.0,
        202.0,
        132.0,
        107.0,
        71.0,
        59.0,
        27.0,
        18.0,
        13.0,
        11.0,
        5.0,
        5.0,
        4.0,
        2.0,
        1.0,
        1.0,
        0.0,
        0.0,
        0.0,
        0.0,
        0.0,
        0.0
    ],
    "background": [
        883051.6880000001,
        26921.08299999997,
        21531.588000000014,
        16912.700000000023,
        13098.50849999998,
        10333.756999999998,
        7769.335000000008,
        6219.572799999999,
        4759.304699999997,
        3379.5842000000025,
        2662.3289999999997,
        1926.3870599999996,
        1417.9773300000013,
        1048.4826799999985,
        781.92225,
        553.8864600000007,
        403.30310000000003,
        292.1504179999998,
        206.53567999999976,
        148.22730000000007,
        105.50032000000009,
        71.91374600000002,
        49.58555399999998,
        35.730599999999995,
        22.943933999999985,
        16.592136000000014,
        9.795759500000006,
        6.265112599999987,
        3.93946,
        2.7555572000000037,
        1.4354128499999987,
        0.8566150000000007,
        0.5363705099999995,
        0.2713831410000001,
        0.13918220000000003,
        0.110295,
        0.030615200000000002,
        0.00583208,
        0.00094739
    ],
    "signal": [
        751912.397195559,
        18444.989947075566,
        14696.231420247157,
        11298.346368517014,
        8652.88309514657,
        6940.72645324266,
        5273.614778153998,
        4206.702358743771,
        3223.0091288340536,
        2386.540328248134,
        1918.2507952452418,
        1417.8943834075935,
        1076.9029584198602,
        802.1958453275914,
        616.6730537670242,
        450.92850767475466,
        331.63550015954127,
        243.1774066044301,
        177.66388637880084,
        129.2130266022871,
        93.86619534420265,
        64.79785078788873,
        44.80866345241804,
        31.015290707801608,
        20.984215562547362,
        14.086421457464482,
        9.197007676935755,
        5.971327619544951,
        3.7423296009945775,
        2.2755648765888026,
        1.4026244505708223,
        0.8122993297750053,
        0.46031347170491943,
        0.25480129232589827,
        0.1343260872582992,
        0.08591857549483065,
        0.030615200000000002,
        0.00583208,
        0.00094739
    ],
    "sigma": [
        11864.262156369334,
        739.9929099999993,
        613.7872000000004,
        503.44420000000065,
        396.76724999999936,
        311.09119999999996,
        242.26244000000025,
        193.88064499999996,
        167.36482999999987,
        140.1510100000001,
        112.667975,
        85.89492599999998,
        64.87276800000005,
        50.74600999999993,
        37.176944999999996,
        26.577842000000036,
        20.075000000000003,
        16.01834659999999,
        10.96707199999999,
        7.776973800000003,
        5.860348000000005,
        4.029617700000002,
        2.8347391999999987,
        2.4225,
        1.349043659999999,
        1.137348960000001,
        0.6227807300000003,
        0.4413414799999991,
        0.27607000000000004,
        0.25381323000000033,
        0.11024318099999991,
        0.06986841500000006,
        0.05643296099999994,
        0.03388293300000001,
        0.016785204800000005,
        0.0198925,
        0.0064995,
        0.00203296,
        0.00051924
    ],
    "bins": [
        120.0,
        266.25,
        288.34,
        312.26,
        338.16,
        366.21,
        396.59,
        429.49,
        465.12,
        503.71,
        545.49,
        590.74,
        639.75,
        692.82,
        750.29,
        812.54,
        879.94,
        952.94,
        1032.0,
        1117.6,
        1210.3,
        1310.7,
        1419.4,
        1537.2,
        1664.7,
        1802.8,
        1952.4,
        2114.3,
        2289.7,
        2479.7,
        2685.4,
        2908.1,
        3149.4,
        3410.7,
        3693.6,
        4000.0,
        4500.0,
        5200.0,
        6000.0,
        7000.0
    ]
}