{
    "data": [
        95730.0,
        6128.0,
        4613.0,
        3457.0,
        2635.0,
        1979.0,
        1478.0,
        1016.0,
        759.0,
        574.0,
        389.0,
        295.0,
        202.0,
        132.0,
        107.0,
        71.0,
        59.0,
        58.0,
        16.0,
        13.0
    ],
    "background": [
        96566.9715,
        6219.572799999999,
        4759.304699999997,
        3379.5842000000025,
        2662.3289999999997,
        1926.3870599999996,
        1417.9773300000013,
        1048.4826799999985,
        781.92225,
        553.8864600000007,
        403.30310000000003,
        292.1504179999998,
        206.53567999999976,
        148.22730000000007,
        105.50032000000009,
        71.91374600000002,
        49.58555399999998,
        75.26666999999999,
        16.060872099999994,
        10.081670571000002
    ],
    "signal": [
        65306.79206238296,
        4206.702358743771,
        3223.0091288340536,
        2386.540328248134,
        1918.2507952452418,
        1417.8943834075935,
        1076.9029584198602,
        802.1958453275914,
        616.6730537670242,
        450.92850767475466,
        331.63550015954127,
        243.1774066044301,
        177.66388637880084,
        129.2130266022871,
        93.86619534420265,
        64.79785078788873,
        44.80866345241804,
        66.08592772781346,
        15.168335296480706,
        9.205572354713153
    ],
    "sigma": [
        1220.9313541196752,
        193.88064499999996,
        167.36482999999987,
        140.1510100000001,
        112.667975,
        85.89492599999998,
        64.87276800000005,
        50.74600999999993,
        37.176944999999996,
        26.577842000000036,
        20.075000000000003,
        16.01834659999999,
        10.96707199999999,
        7.776973800000003,
        5.860348000000005,
        4.029617700000002,
        2.8347391999999987,
        2.996996447011454,
        0.7633073690381372,
        0.4033953246181359
    ],
    "bins": [
        266.25,
        429.49,
        465.12,
        503.71,
        545.49,
        590.74,
        639.75,
        692.82,
        750.29,
        812.54,
        879.94,
        952.94,
        1032.0,
        1117.6,
        1210.3,
        1310.7,
        1419.4,
        1537.2,
        1952.4,
        2289.7,
        7000.0
    ]
}