{
    "data": [
        83.0363615275492,
        15.113109394957803,
        4.041701949411257,
        1.2982441016659283,
        0.709739777770315,
        0.17376578000590825,
        0.009317213116800865,
        0.004015564002599662
    ],
    "SM": [
        83.0363615275492,
        15.113109394957803,
        4.041701949411257,
        1.2982441016659283,
        0.709739777770315,
        0.17376578000590825,
        0.009317213116800865,
        0.004015564002599662
    ],
    "bin-edges": [
        500,
        750,
        1000,
        1250,
        1500,
        2000,
        3000,
        3500,
        1000000
    ]
}