{
    "Cphi1": [
        -0.04841205787014645,
        -0.020175644397834317,
        -0.00945054644997867,
        -0.004465288349209129,
        -0.0019334892879252611,
        -0.0008795497079224275,
        -0.00033649093063438834,
        -0.00012008796561325574,
        -4.743266302900947e-05,
        -1.3767897063784369e-05,
        -2.6594912636741403e-06,
        -7.817341691728912e-08
    ],
    "Delta4F": [
        -0.7312661786959563,
        -0.45817983333717766,
        -0.29424594169140855,
        -0.19021956136788895,
        -0.12078345079059465,
        -0.07470363706376927,
        -0.04144900082782824,
        -0.0236681844786067,
        -0.012370880520131803,
        -0.005808593048333359,
        -0.0017748393618662688,
        -0.00011151819976904215
    ],
    "CBW": [
        -0.10635025178919741,
        -0.04408140956168972,
        -0.02099934625272151,
        -0.00974256182676915,
        -0.004257566527181797,
        -0.0019240374930951914,
        -0.0007337757062678469,
        -0.0002668491352593843,
        -0.00010231241074535248,
        -3.066263991285483e-05,
        -5.831442836348609e-06,
        -1.70798513315448e-07
    ],
    "Cphi1-Cphi1": [
        0.037299547382676414,
        0.015205045012812933,
        0.007306802062754152,
        0.0034220000262745296,
        0.0014650530444553127,
        0.0006754149010930494,
        0.0002571816435038529,
        9.315651018354678e-05,
        3.5909569042018636e-05,
        1.0729421067919115e-05,
        2.007712424487989e-06,
        6.122017797599741e-08
    ],
    "Cphi1-Delta4F": [
        1.0190231709607267,
        0.6389592134410205,
        0.41075153390734687,
        0.28299809552593,
        0.16954148735582347,
        0.10545727113918828,
        0.059391322170111636,
        0.03312446175875959,
        0.018155974403760922,
        0.008107380911792202,
        0.0025750286562991873,
        0.0001633985310557851
    ],
    "Cphi1-CBW": [
        0.060306321201963276,
        0.025116500634114684,
        0.011806185955205177,
        0.005463733322755777,
        0.002385129684166844,
        0.0010840997453954238,
        0.00041717777076164333,
        0.00015698734616372746,
        5.6113934609556274e-05,
        1.7449630769046243e-05,
        3.2624412026456175e-06,
        9.937440270086443e-08
    ],
    "Delta4F-Delta4F": [
        5.978619098709844,
        5.209277942829364,
        4.6283501500968365,
        4.0241605952983095,
        3.452632293622826,
        2.899903400757462,
        2.2492208579577313,
        1.928879004029954,
        1.4223896264344718,
        0.9446179258299597,
        0.500481020414294,
        0.0673916859116541
    ],
    "Delta4F-CBW": [
        2.130364290926017,
        1.3549050529426148,
        0.8786202793284447,
        0.6052494375071134,
        0.37297204594376415,
        0.23229682503681365,
        0.1292850035245453,
        0.07451256611887959,
        0.03939795059557536,
        0.01794067618394439,
        0.005654049936458867,
        0.00036050662686626026
    ],
    "CBW-CBW": [
        -0.08532367372638006,
        -0.035412718383919115,
        -0.016708878244408074,
        -0.007796848070356409,
        -0.0034011045922756273,
        -0.0015610259973579687,
        -0.0005863454938647763,
        -0.00021861015164268059,
        -8.184049730867983e-05,
        -2.4306568091597504e-05,
        -4.688796581019137e-06,
        -1.3716791484097585e-07
    ],
    "C3W2H4": [
        -0.06792513622334098,
        -0.028381270861088485,
        -0.013365268458120878,
        -0.006135364325114013,
        -0.0026666130063806746,
        -0.0012343144476618321,
        -0.0004716063788750599,
        -0.00017236825181218975,
        -6.603745666935744e-05,
        -1.9344814551207093e-05,
        -3.681371064669346e-06,
        -1.089768115325333e-07
    ],
    "C3psi4D2": [
        0.2253689818888959,
        0.2055514357410201,
        0.18218980698133372,
        0.16862978851015245,
        0.1464202055162192,
        0.12572956444454472,
        0.09549781818543067,
        0.0840613016619176,
        0.06348812515739391,
        0.041386413393445565,
        0.02199552499930504,
        0.002987648879508861
    ]
}