{
    "data": [
        0.0346,
        0.0143,
        0.00677,
        0.00312,
        0.00138,
        0.000628,
        0.000239,
        8.42e-05,
        3.25e-05,
        9.69e-06,
        1.69e-06,
        4.92e-08
    ],
    "background": [
        0.033867435342714615,
        0.014002857202520036,
        0.006639485078399419,
        0.0030680016292265085,
        0.0013564682251498224,
        0.0006124269419896622,
        0.00023563919527790284,
        8.608787507137416e-05,
        3.203578023278159e-05,
        9.778560781241085e-06,
        1.8297748224944887e-06,
        5.57772292496514e-08
    ],
    "statistical error": [
        0.3,
        0.5,
        0.6,
        0.7,
        1.0,
        1.2,
        1.6,
        2.6,
        3.2,
        4.9,
        8.6,
        20.6
    ],
    "systematic error": [
        2.5,
        2.12,
        2.11,
        2.09,
        1.89,
        1.85,
        1.87,
        1.89,
        1.98,
        2.15,
        2.52,
        3.42
    ]
}