{
    "C2JB": [
        75098.35562025294,
        15556.287572820522,
        12966.715074789943,
        11074.066533749743,
        9189.353724349983,
        9564.614491256678,
        9069.282566082451,
        7644.601665295881,
        6316.369894490771,
        4658.2882840732755,
        5301.431588608184,
        5341.024015649226,
        3844.555038693819,
        3092.3336973800137,
        2829.1468466291044,
        2015.0857471935883,
        2242.9438967105843,
        1560.8763667995333,
        1388.282155585646,
        1515.2422837990628
    ],
    "C2JB-C2JB": [
        159713.59934293941,
        49975.38563236675,
        48562.08098613909,
        49887.4598178807,
        49395.92672448429,
        59334.58884808495,
        64523.36673867526,
        65516.78505132678,
        64882.567004274606,
        54798.03237080441,
        70831.15184061624,
        83538.23331113392,
        75286.72709895973,
        71912.6051008919,
        79692.58689283184,
        69095.32740677056,
        89526.22142593861,
        80261.42482206482,
        89902.99648707228,
        187818.18094890588
    ],
    "C2psi4D2": [
        162709.50290322225,
        49411.114450888155,
        47114.984607870625,
        51750.18887960562,
        47801.16338614833,
        61631.80303017038,
        70235.75565971975,
        69396.88882873196,
        66222.34769593566,
        55744.60389485203,
        72508.56069351836,
        87392.6815557066,
        76647.93740798229,
        73029.41856151231,
        84632.81546810002,
        71115.10651260219,
        93607.51345924464,
        84230.31038022255,
        96016.6629967182,
        198664.44584160787
    ],
    "C3psi4D2": [
        316054.48260497686,
        92415.30088005839,
        90823.80348928104,
        91292.3821582115,
        85936.95785650442,
        104774.1923122694,
        123278.84852165914,
        119098.19905200618,
        111109.05467795672,
        88733.86968650804,
        124932.90832959922,
        141731.5833010794,
        126777.76254036403,
        116455.05860056239,
        130697.97797829944,
        109598.09152548497,
        147420.705771612,
        129310.91173648248,
        145135.25080350525,
        286072.03978398966
    ],
    "C7psi4H2": [
        -24107.850025926702,
        -4873.430182991398,
        -4246.381391520979,
        -3752.3904482287912,
        -3200.0021668023987,
        -3382.3174729283055,
        -3224.4555401293064,
        -2597.135977738257,
        -2110.4388718662763,
        -1624.2284896197066,
        -1810.0944450712723,
        -1681.873145926846,
        -1323.9749074338506,
        -1049.1274821684015,
        -977.3820032966559,
        -685.4109841850648,
        -781.2803803132832,
        -533.654234509381,
        -470.2812583692291,
        -517.0512226416074
    ],
    "CBW": [
        -49289.110183317476,
        -6298.280035674066,
        -4314.3863040486185,
        -2964.998412291102,
        -2229.637812884601,
        -1965.464099243777,
        -1595.9036653220612,
        -1083.2358692317941,
        -753.7844181741871,
        -454.87975648111484,
        -431.82332310923755,
        -351.9014972496411,
        -222.80329583271777,
        -145.29182723216806,
        -113.79067061608899,
        -69.4592634727764,
        -60.662495331242056,
        -32.89495922782269,
        -21.683537169006645,
        -13.757136567709846
    ],
    "CBW-C2JB": [
        208539.83097085034,
        42545.1497744872,
        34328.877764686076,
        29178.715078980673,
        24963.325809719787,
        25223.579516667523,
        24552.300645210107,
        20564.902616513467,
        16871.242420007668,
        12630.417258967198,
        14163.555654554817,
        13687.8620507085,
        9934.42405570985,
        7652.708034180782,
        7443.115246810601,
        5189.277965410975,
        5801.914731126091,
        4022.418116663789,
        3431.9046807941554,
        3720.307288562661
    ],
    "CBW-CBW": [
        168844.17135150742,
        20142.221501912645,
        14833.014976909908,
        10214.421576191324,
        7101.8328514105515,
        6517.304334130911,
        5519.973493171017,
        3722.0114398984742,
        2551.944012538803,
        1769.282636063463,
        1489.803686742143,
        1253.4173436800033,
        765.4765690852895,
        508.3673356548226,
        388.6942317787085,
        225.95103683281394,
        208.02197366913632,
        115.80338845450385,
        77.31959201746352,
        49.851924089367515
    ],
    "Cphi1": [
        -21249.411287354298,
        -2579.956998816106,
        -1745.1212001212011,
        -1240.1966668903892,
        -899.896904471721,
        -842.2916613158127,
        -629.539646975863,
        -428.04749660437074,
        -313.5114173350112,
        -202.31004669337412,
        -189.38364850370635,
        -143.2356904979485,
        -89.2298758199403,
        -58.83490593918323,
        -47.21343327039799,
        -26.74915742120449,
        -24.46119870896971,
        -13.078400419495525,
        -8.706021256529393,
        -5.497938607242678
    ],
    "Cphi1-C2JB": [
        32711.975715727185,
        6304.152728367782,
        5549.165776213266,
        4566.289445464815,
        3804.0179968452658,
        3968.1650016965577,
        3793.5540738522054,
        3220.282198781017,
        2603.7564619002974,
        1868.8399781090018,
        2191.9920347625184,
        2085.611605237659,
        1500.8620935542208,
        1208.3723786386975,
        1141.5391843212374,
        813.2218933108713,
        871.3824171435303,
        612.5941168085454,
        535.6871942085826,
        577.7401072937284
    ],
    "Cphi1-CBW": [
        94373.44990337979,
        10968.370429292589,
        8179.63511882747,
        5502.9756423062245,
        3899.5328389570914,
        3755.157894082513,
        2888.064768960942,
        2002.1801158505464,
        1405.93718370528,
        853.0673519863288,
        772.5681450293265,
        648.1519191357809,
        413.6203038336346,
        266.0892382221433,
        206.9104012693409,
        125.05347541489175,
        113.819381812882,
        62.265887946458406,
        41.27995807918919,
        26.6297965296018
    ],
    "Cphi1-Cphi1": [
        22082.304916408364,
        2749.4787103088565,
        1783.8390708100171,
        1391.9689427221124,
        994.2087238409788,
        868.8989915912816,
        659.2511720593856,
        498.61524183027933,
        303.28532161651344,
        200.87655408510744,
        185.79166299190052,
        160.45921543692447,
        95.92330907690268,
        63.55493987607061,
        53.24979404010525,
        29.870080752855774,
        26.257774115458137,
        14.367526083664405,
        9.398845937452432,
        6.074115559095231
    ],
    "Cphi1-Delta4F": [
        1013773.5354740691,
        189978.23314769592,
        162774.48705024435,
        136304.94169229604,
        107730.8950109868,
        113532.2566140878,
        112882.64846061009,
        93534.57603254344,
        76387.16639422183,
        49674.93649783318,
        56950.70253191367,
        56247.083760794165,
        41626.238470112396,
        32354.8382854764,
        31013.64118847481,
        21396.20920592018,
        23369.80647896286,
        16352.131576040068,
        13973.879824164109,
        14588.18768148732
    ],