{
    "data": [
        24672670.0,
        4337787.0,
        26302.0,
        19516.0,
        14567.0,
        11186.0,
        8636.0,
        6792.0,
        5293.0,
        4123.0,
        3360.0,
        2759.0,
        2228.0,
        1748.0,
        1528.0,
        1234.0,
        1059.0,
        864.0,
        751.0,
        661.0,
        793.0,
        639.0,
        515.0,
        433.0,
        374.0,
        311.0,
        204.0,
        207.0,
        156.0,
        124.0,
        177.0,
        156.0,
        86.0,
        78.0,
        78.0,
        49.0,
        41.0,
        43.0,
        32.0,
        21.0,
        25.0,
        15.0,
        15.0,
        8.0,
        11.0,
        6.0,
        8.0,
        8.0,
        7.0,
        3.0,
        2.0,
        6.0,
        0.0,
        1.0,
        0.0,
        2.0,
        1.0,
        0.0,
        2.0,
        0.0,
        0.0,
        0.0,
        0.0,
        0.0,
        0.0,
        1.0,
        1.0,
        0.0,
        0.0,
        0.0,
        0.0,
        0.0,
        0.0,
        0.0,
        0.0,
        0.0,
        0.0,
        0.0,
        0.0,
        0.0,
        0.0,
        0.0,
        0.0,
        0.0,
        0.0,
        0.0,
        0.0,
        0.0,
        0.0,
        0.0,
        0.0,
        0.0,
        0.0,
        0.0
    ],
    "background": [
        24598884.5,
        4451349.5,
        26488.0,
        19618.800000000003,
        14662.8,
        11160.599999999999,
        8716.2,
        6782.0,
        5385.599999999999,
        4250.2,
        3399.8,
        2743.8,
        2204.0,
        1833.8999999999999,
        1598.3000000000002,
        1268.16,
        1067.72,
        893.48,
        741.54,
        640.8,
        779.76,
        629.76,
        513.69,
        412.77,
        330.15000000000003,
        266.91,
        243.474,
        186.687,
        159.942,
        134.40300000000002,
        180.095,
        136.905,
        105.80499999999999,
        79.795,
        64.215,
        52.115,
        41.3115,
        39.357,
        30.5148,
        23.7774,
        19.1136,
        15.026399999999999,
        12.013200000000001,
        11.3232,
        8.4959,
        6.85475,
        5.25553,
        4.71256,
        3.57888,
        2.86,
        2.23568,
        1.77056,
        1.31168,
        1.0652,
        0.8939999999999999,
        0.6894319999999999,
        0.526992,
        0.516584,
        0.344016,
        0.276056,
        0.221552,
        0.18664,
        0.19452,
        0.155152,
        0.098616,
        0.080664,
        0.0748736,
        0.0519632,
        0.042788,
        0.034990400000000005,
        0.028875200000000004,
        0.0238064,
        0.019583999999999997,
        0.019701,
        0.015746,
        0.012133000000000001,
        0.0092675,
        0.007532700000000001,
        0.0058344,
        0.004614399999999999,
        0.0036909,
        0.0028794,
        0.0023162,
        0.0017569999999999999,
        0.0013859999999999999,
        0.0010585,
        0.00082822,
        0.00063504,
        0.00048666000000000003,
        0.00037951,
        0.00029466,
        0.00022477,
        0.00017531,
        0.00013806
    ],
    "signal": [
        24499651.35780771,
        4227299.604509069,
        16888.420317281652,
        12614.522740545985,
        9258.479374485109,
        7068.548349790304,
        5500.837105538566,
        4346.389860063813,
        3471.407760346041,
        2772.6536725390924,
        2238.5682957220006,
        1847.2730916642615,
        1499.2582579150278,
        1237.4341945575818,
        1074.5294125691619,
        878.4105139066364,
        761.3457804954827,
        638.8054477893,
        537.5818299351179,
        471.29381433459747,
        583.4997418162927,
        475.4837647097658,
        398.8895799998446,
        322.5046117006281,
        260.4785918865792,
        212.1314990141207,
        198.7885949272084,
        152.18771108974002,
        130.19269595679967,
        110.57437226597766,
        150.55473079538538,
        116.48903068336539,
        91.16851907769174,
        69.10683037309352,
        56.55015569222003,
        45.86306507666341,
        36.02010717205553,
        35.77350497443597,
        27.426116040952646,
        21.64273844698877,
        17.168557800613453,
        13.552292933280079,
        10.896119209402794,
        10.178776073844471,
        7.825795577048898,
        6.308114238857893,
        4.870595418328395,
        4.304260473872691,
        3.3308327414981047,
        2.6820988006828372,
        2.10086617482541,
        1.660574753767152,
        1.2784904703259248,
        1.0163721316708336,
        0.8122830386087387,
        0.6457847733637017,
        0.517536864331471,
        0.4221051863198829,
        0.33201913519395454,
        0.27137097180120345,
        0.21514808524021467,
        0.17466766457345667,
        0.14688653119624806,
        0.12281903422539997,
        0.09668679279202089,
        0.07993766924906694,
        0.06564975047894492,
        0.0519632,
        0.042788,
        0.034990400000000005,
        0.028875200000000004,
        0.0238064,
        0.019583999999999997,
        0.019701,
        0.015746,
        0.012133000000000001,
        0.0092675,
        0.007532700000000001,
        0.0058344,
        0.004614399999999999,
        0.0036909,
        0.0028794,
        0.0023162,
        0.0017569999999999999,
        0.0013859999999999999,
        0.0010585,
        0.00082822,
        0.00063504,
        0.00048666000000000003,
        0.00037951,
        0.00029466,
        0.00022477,
        0.00017531,
        0.00013806
    ],
    "sigma": [
        539040.3503566246,
        78419.49013486443,
        1083.64,
        825.0799999999999,
        573.2,
        503.56,
        378.2,
        277.65999999999997,
        261.12,
        183.15200000000002,
        176.508,
        116.69800000000001,
        102.814,
        76.174,
        64.512,
        71.322,
        47.248000000000005,
        40.428,
        36.858,
        31.808,
        51.794999999999995,
        29.1948,
        26.3487,
        23.1792,
        18.7224,
        16.341900000000003,
        15.481200000000001,
        16.727700000000002,
        8.4702,
        7.5906,
        13.5435,
        8.2165,
        6.4415,
        6.010999999999999,
        4.5796,
        3.70115,
        3.2655999999999996,
        3.82956,
        2.62758,
        2.13912,
        1.6299000000000001,
        1.45494,
        1.13382,
        1.1050200000000001,
        0.84287,
        0.694645,
        0.542717,
        0.5188159999999999,
        0.38783999999999996,
        0.318312,
        0.25441600000000003,
        0.20824800000000002,
        0.15412800000000001,
        0.13036799999999998,
        0.11268,
        0.087152,
        0.0668904,
        0.0712488,
        0.0454984,
        0.0371568,
        0.0305104,
        0.026360799999999997,
        0.0277448,
        0.030994400000000002,
        0.0145672,
        0.0120928,
        0.0113808,
        0.0079828,
        0.00665488,
        0.00552408,
        0.00462848,
        0.00387456,
        0.0032351999999999997,
        0.0033071999999999997,
        0.0026916,
        0.0021115,
        0.0016416999999999998,
        0.0013579,
        0.0010673,
        0.0008570899999999999,
        0.00069662,
        0.0005521899999999999,
        0.00045385,
        0.00034763999999999997,
        0.00027851,
        0.00021596,
        0.00017155,
        0.00013351,
        0.00010386999999999999,
        8.221300000000001e-05,
        6.4793e-05,
        5.0143e-05,
        3.9637e-05,
        3.1578e-05
    ],