{
    "data": [
        39390.0,
        4987.0,
        3276.0,
        2293.0,
        1615.0,
        1454.0,
        1154.0,
        807.0,
        515.0,
        363.0,
        301.0,
        242.0,
        156.0,
        90.0,
        75.0,
        46.0,
        38.0,
        25.0,
        20.0,
        14.0
    ],
    "background": [
        39694.4,
        4947.8,
        3432.2,
        2335.88,
        1635.02,
        1420.56,
        1143.45,
        742.9200000000001,
        510.384,
        346.629,
        314.49800000000005,
        242.70999999999998,
        144.01,
        93.4265,
        69.87180000000001,
        42.891000000000005,
        38.3628,
        20.606180000000002,
        13.38712,
        8.699624029999999
    ],
    "signal": [
        25398.405043999814,
        3346.5313495792893,
        2311.9636071267437,
        1639.7562944021192,
        1176.3872777244178,
        1054.7935561508903,
        874.3733447096104,
        582.9832035872073,
        410.9200939413291,
        282.3804070465397,
        261.129103061363,
        207.6575497610571,
        125.65698606531355,
        81.88317224871895,
        63.199621015388615,
        38.81129624760222,
        34.627188216527344,
        19.004505234235186,
        12.41805819087904,
        8.151419283138216
    ],
    "sigma": [
        778.8365507396272,
        155.52858836882692,
        99.8212222926568,
        85.55233011438088,
        54.70772658409413,
        60.78215929859682,
        39.32671278825628,
        29.796032863453487,
        22.510558612571128,
        18.749939608702746,
        15.525578913844083,
        10.440488230921003,
        7.556775579570958,
        4.93585399728355,
        4.6443198048799355,
        2.6893137385585937,
        2.1502249641374735,
        1.2196324261899567,
        0.765271153158147,
        0.3485285515957326
    ],
    "bins": [
        300.0,
        420.0,
        460.0,
        500.0,
        540.0,
        580.0,
        630.0,
        690.0,
        750.0,
        810.0,
        870.0,
        950.0,
        1050.0,
        1150.0,
        1250.0,
        1370.0,
        1490.0,
        1680.0,
        1890.0,
        2210.0,
        6070.0
    ]
}