{
	"data":[
		2.4955,
		4.148e1,
		2.0767e1,
		1.71e-2,
		0.1513,
		0.1465,
		0.21629,
		0.1721,
		9.92e-2,
		7.07e-2,
		0.923,
		0.67,
		0.23152,
		2.085,
		8.03692e1,
		8.03602e1
	],
	"SM":[
		2.49397,
		4.14914e1,
		2.07451e1,
		1.6291e-2,
		0.14744,
		0.14744,
		0.215886,
		0.172197,
		0.10337,
		7.387e-2,
		0.934772,
		0.66797,
		0.23155,
		2.08902,
		8.035e1,
		8.035e1
	]
}