{
	"Delta4F":[
		-0.19789188307892297,
		5.649620970564499e-2,
		-0.3317409409706285,
		-3.572483402050873e-2,
		-0.15734826508027797,
		-0.15734826508027797,
		8.053287898739826e-4,
		-1.2079931848109756e-3,
		-0.11188679840928985,
		-8.68422355827177e-2,
		-1.2714488584531808e-2,
		-6.910028632359567e-2,
		2.001307909670051e-2,
		-0.17448024747275012,
		-1.0405143965083659,
		-1.0405143965083659
	],
	"Cphi1":[
		-9.894594153946148e-2,
		2.8248104852822496e-2,
		-0.16587047048531425,
		-1.7862417010254365e-2,
		-7.867413254013898e-2,
		-7.867413254013898e-2,
		4.026643949369913e-4,
		-6.039965924054878e-4,
		-5.5943399204644924e-2,
		-4.342111779135885e-2,
		-6.357244292265904e-3,
		-3.455014316179784e-2,
		1.0006539548350254e-2,
		-8.724012373637506e-2,
		-1.7322298621806194,
		-1.7322298621806194
	],
	"CBW":[
		-0.12101704967313864,
		0.134050922673785,
		-0.7871356230352322,
		-8.476580973782523e-2,
		-0.3733468178666656,
		-0.3733468178666656,
		1.910837344679118e-3,
		-2.8662560170186805e-3,
		-0.2654784920957684,
		-0.20605420908005154,
		-3.016819951217865e-2,
		-0.16395714308910733,
		4.748587086521067e-2,
		-0.19124168102601238,
		-3.797272821023675,
		-3.797272821023675
	],
	"Delta4F-Delta4F":[
		1.8793324843858657e-2,
		0.1926821099541322,
		-0.11229625320492664,
		1.7517938468843388e-2,
		-4.628720439524144e-3,
		-4.628720439524144e-3,
		-1.1777901083337146e-4,
		1.7666851625005686e-4,
		-1.8517872526895203e-3,
		5.274237013967693e-3,
		-9.101385590329194e-4,
		-4.9020402527715345e-3,
		-3.8306949571370087e-4,
		1.3169213299196993e-2,
		-1.8393225530260293e-2,
		-1.8393225530260293e-2
	],
	"Delta4F-Cphi1":[
		1.1453271808077169e-2,
		0.19376350150098542,
		-0.11864609244511425,
		1.683413094044821e-2,
		-7.64051688846064e-3,
		-7.64051688846064e-3,
		-1.0236424672185559e-4,
		1.5354637008278273e-4,
		-3.993407701825376e-3,
		3.611993476599838e-3,
		-1.1535060442060124e-3,
		-6.224685894042009e-3,
		0,
		5.6100384374966365e-3,
		-0.12117713264947702,
		-0.12117713264947702
	],
	"CBW-Delta4F":[
		3.443399064382559e-2,
		0.9154381892108333,
		-0.5391734033988909,
		8.245552105832606e-2,
		-2.4941038291083108e-2,
		-2.4941038291083108e-2,
		-5.43689282695842e-4,
		8.155339240437618e-4,
		-1.0903451865817482e-2,
		2.3386583546296018e-2,
		-4.559483973505389e-3,
		-2.45692673202166e-2,
		0,
		-8.404984664441307e-3,
		-0.47955863128688114,
		-0.47955863128688114
	],
	"Cphi1-Cphi1":[
		3.4108565651600406e-3,
		4.853808898953238e-2,
		-3.0232353190790782e-2,
		4.147060642506236e-3,
		-2.1808800145982467e-3,
		-2.1808800145982467e-3,
		-2.420532407505348e-5,
		3.630798611258006e-5,
		-1.1908767004975883e-3,
		7.535680332449036e-4,
		-3.1025446349364043e-4,
		-1.675073053222084e-3,
		3.4436712871882374e-5,
		2.1571436036433686e-3,
		2.4070231949443008e-2,
		2.4070231949443008e-2
	],
	"CBW-Cphi1":[
		1.0241850703911547e-2,
		0.45771909460541677,
		-0.26958670169944543,
		4.122776052916303e-2,
		-1.2470519145541554e-2,
		-1.2470519145541554e-2,
		-2.718446413479208e-4,
		4.0776696202188116e-4,
		-5.45172593290874e-3,
		1.1693291773148016e-2,
		-2.2797419867526944e-3,
		-1.22846336601083e-2,
		0,
		-1.7263331336163214e-3,
		-0.11653431567530129,
		-0.11653431567530129
	],
	"CBW-CBW":[
		9.26910605613789e-3,
		1.0930591285240006,
		-0.6808209865675189,
		9.339021346331967e-2,
		-4.911258061037909e-2,
		-4.911258061037909e-2,
		-5.450946048746313e-4,
		8.176419073119465e-4,
		-2.6818086074755606e-2,
		1.6970062786770476e-2,
		-6.986811400015655e-3,
		-3.772200203769504e-2,
		4.190813118225129e-3,
		-1.8374256535592066e-2,
		-0.454995527695393,
		-0.454995527695393
	],
	"C3W2H4":[
		0,
		0,
		0,
		0,
		0,
		0,
		0,
		0,
		0,
		0,
		0,
		0,
		0,
		-7.400805553241067e-3,
		-0.14694954379312783,
		-0.14694954379312783
	],
	"C2psi4D2":[
		7.337803150658575e-5,
		9.016424098668146e-5,
		-5.29436758725337e-4,
		-5.701448930143771e-5,
		-2.511174991287348e-4,
		-2.511174991287348e-4,
		1.285251868435586e-6,
		-1.927877802653379e-6,
		-1.785639834524201e-4,
		-1.3859450567919773e-4,
		-2.029148891104402e-5,
		-1.1027951964902726e-4,
		3.193956012203216e-5,
		0,
		0,
		0
	],
	"C3psi4D2":[
		5.967326190592162e-4,
		-9.016424098667201e-5,
		5.294367587253373e-4,
		5.7014489301437726e-5,
		2.5111749912873474e-4,
		2.5111749912873474e-4,
		-1.2852518684356037e-6,
		1.927877802653368e-6,
		1.7856398345242005e-4,
		1.3859450567919773e-4,
		2.0291488911044136e-5,
		1.1027951964902728e-4,
		-3.193956012203216e-5,
		3.2936520389796007e-4,
		0,
		0
	]
}