{
    "MXX": 5.0,
    "best-fit": -0.008267458064984542,
    "beta": 1.5,
    "lower-limit": -0.01399999999999993,
    "upper-limit": -0.003999999999999924
}