{
    "MXX": 6.0,
    "best-fit": 0.0034902284165272846,
    "beta": 0.3,
    "lower-limit": -0.003999999999999924,
    "upper-limit": 0.010000000000000078
}