{
    "MXX": 6.0,
    "best-fit": -0.0005240908463670234,
    "beta": 1.5,
    "lower-limit": -0.005999999999999924,
    "upper-limit": 0.004000000000000076
}