{
    "MXX": 8.0,
    "best-fit": 0.0016519313572369537,
    "beta": 2.0,
    "lower-limit": -0.003999999999999924,
    "upper-limit": 0.0060000000000000765
}