{
    "MXX": 7.0,
    "best-fit": 0.002631850916789711,
    "beta": 1.0,
    "lower-limit": -0.003999999999999924,
    "upper-limit": 0.008000000000000076
}