{
    "MXX": 8.0,
    "best-fit": 0.002406211114326857,
    "beta": 1.5,
    "lower-limit": -0.003999999999999924,
    "upper-limit": 0.008000000000000076
}