{
    "MXX": 7.0,
    "best-fit": 0.0016225114594218234,
    "beta": 1.5,
    "lower-limit": -0.004999999999999924,
    "upper-limit": 0.0060000000000000765
}