{
    "MXX": 7.0,
    "best-fit": 0.00045409197948175243,
    "beta": 2.0,
    "lower-limit": -0.004999999999999924,
    "upper-limit": 0.005000000000000076
}