{
    "MXX": 8.0,
    "best-fit": 0.0029763058245463074,
    "beta": 1.0,
    "lower-limit": -0.003999999999999924,
    "upper-limit": 0.009000000000000077
}