{
    "MXX": 4.0,
    "best-fit": -0.034728646840785915,
    "beta": 0.8,
    "lower-limit": -0.043999999999999956,
    "upper-limit": -0.02699999999999994
}