{
    "MXX": 6.0,
    "best-fit": 0.0010504649144445952,
    "beta": 1.2,
    "lower-limit": -0.004999999999999924,
    "upper-limit": 0.0060000000000000765
}