{
    "MXX": 7.0,
    "best-fit": 0.0029073420740347213,
    "beta": 0.8,
    "lower-limit": -0.003999999999999924,
    "upper-limit": 0.009000000000000077
}