{
    "MXX": 4.0,
    "best-fit": -0.0022896226152044987,
    "beta": 1.0,
    "lower-limit": -0.008999999999999925,
    "upper-limit": 0.0030000000000000764
}