{
    "MXX": 7.0,
    "best-fit": -0.0029216876592408772,
    "beta": 1.5,
    "lower-limit": -0.008999999999999925,
    "upper-limit": 0.0020000000000000764
}