{
    "MXX": 4.0,
    "best-fit": -0.00032308200533683415,
    "beta": 0.3,
    "lower-limit": -0.006999999999999924,
    "upper-limit": 0.005000000000000076
}