{
    "MXX": 7.0,
    "best-fit": -0.0019425561538456504,
    "beta": 1.2,
    "lower-limit": -0.007999999999999924,
    "upper-limit": 0.0030000000000000764
}