{
    "MXX": 4.0,
    "best-fit": -0.0014487449029244393,
    "beta": 0.8,
    "lower-limit": -0.007999999999999924,
    "upper-limit": 0.004000000000000076
}