{
    "MXX": 8.0,
    "best-fit": -0.0007797224600319799,
    "beta": 0.8,
    "lower-limit": -0.006999999999999924,
    "upper-limit": 0.005000000000000076
}