{
    "MXX": 6.0,
    "best-fit": -0.001871568984351942,
    "beta": 1.0,
    "lower-limit": -0.007999999999999924,
    "upper-limit": 0.0030000000000000764
}