{
    "MXX": 6.0,
    "best-fit": -0.0038938041014322093,
    "beta": 1.5,
    "lower-limit": -0.009999999999999926,
    "upper-limit": 0.0010000000000000763
}