{
    "MXX": 6.0,
    "best-fit": -0.0012645665837748578,
    "beta": 0.8,
    "lower-limit": -0.007999999999999924,
    "upper-limit": 0.004000000000000076
}