{
    "MXX": 7.0,
    "best-fit": -0.00493093067915718,
    "beta": 2.0,
    "lower-limit": -0.010999999999999927,
    "upper-limit": 7.632783294297951e-17
}