{
    "MXX": 8.0,
    "best-fit": 0.00353157620285839,
    "beta": 2.0,
    "lower-limit": -0.012999999999999928,
    "upper-limit": 0.019000000000000086
}