{
    "MXX": 4.0,
    "best-fit": 0.002988200791556352,
    "beta": 0.8,
    "lower-limit": -0.01399999999999993,
    "upper-limit": 0.019000000000000086
}