{
    "MXX": 7.0,
    "best-fit": 0.004565436883417196,
    "beta": 2.0,
    "lower-limit": -0.011999999999999927,
    "upper-limit": 0.020000000000000087
}