{
    "MXX": 4.0,
    "best-fit": 0.004578941606170381,
    "beta": 1.0,
    "lower-limit": -0.011999999999999927,
    "upper-limit": 0.021000000000000088
}