{
    "MXX": 6.0,
    "best-fit": 0.0016453073435217687,
    "beta": 1.0,
    "lower-limit": -0.01499999999999993,
    "upper-limit": 0.018000000000000085
}