{
    "MXX": 5.0,
    "best-fit": 0.0035064304664257175,
    "beta": 1.2,
    "lower-limit": -0.012999999999999928,
    "upper-limit": 0.019000000000000086
}