{
    "MXX": 6.0,
    "best-fit": 0.0023020205537918094,
    "beta": 1.2,
    "lower-limit": -0.01499999999999993,
    "upper-limit": 0.018000000000000085
}