{
    "MXX": 5.0,
    "best-fit": 0.0004003495539874349,
    "beta": 0.3,
    "lower-limit": -0.01599999999999993,
    "upper-limit": 0.016000000000000084
}