{
    "MXX": 8.0,
    "best-fit": 0.0003855347525794689,
    "beta": 0.5,
    "lower-limit": -0.01599999999999993,
    "upper-limit": 0.016000000000000084
}