{
    "MXX": 4.0,
    "best-fit": 0.00046133467933911067,
    "beta": 0.3,
    "lower-limit": 9.999999999761236e-06,
    "upper-limit": 0.000909999999999763
}