{
    "MXX": 5.0,
    "best-fit": 0.0061110212045518775,
    "beta": 1.2,
    "lower-limit": 0.005679999999999698,
    "upper-limit": 0.006539999999999663
}