{
    "MXX": 8.0,
    "best-fit": 0.0008580978075626147,
    "beta": 0.5,
    "lower-limit": 0.0004099999999997617,
    "upper-limit": 0.001309999999999764
}