{
    "MXX": 6.0,
    "best-fit": 0.0035960705299227782,
    "beta": 1.0,
    "lower-limit": 0.003169999999999769,
    "upper-limit": 0.0040299999999997655
}