{
    "MXX": 7.0,
    "best-fit": 0.005524619890200493,
    "beta": 1.5,
    "lower-limit": 0.0051099999999997215,
    "upper-limit": 0.005939999999999688
}