{
    "MXX": 8.0,
    "best-fit": 0.0015341054944279738,
    "beta": 0.8,
    "lower-limit": 0.0010899999999997635,
    "upper-limit": 0.001979999999999766
}