{
    "MXX": 4.0,
    "best-fit": 0.0038483678477817013,
    "beta": 1.2,
    "lower-limit": 0.0032899999999997692,
    "upper-limit": 0.00441999999999975
}