{
    "MXX": 6.0,
    "best-fit": 0.004948111861891537,
    "beta": 1.2,
    "lower-limit": 0.004529999999999745,
    "upper-limit": 0.005369999999999711
}