{
    "MXX": 4.0,
    "best-fit": 0.0014398660270449918,
    "beta": 0.8,
    "lower-limit": 0.0009699999999997632,
    "upper-limit": 0.0019099999999997656
}