{
    "MXX": 8.0,
    "best-fit": 0.004276962339573635,
    "beta": 1.5,
    "lower-limit": 0.0038499999999997707,
    "upper-limit": 0.004699999999999738
}