{
    "MXX": 6.0,
    "best-fit": 0.0011987132808714395,
    "beta": 0.5,
    "lower-limit": 0.0007499999999997626,
    "upper-limit": 0.001639999999999765
}