{
    "MXX": 7.0,
    "best-fit": 0.002696906744912,
    "beta": 1.0,
    "lower-limit": 0.0022599999999997665,
    "upper-limit": 0.003129999999999769
}