{
    "MXX": 5.0,
    "best-fit": 0.001540527933560027,
    "beta": 0.5,
    "lower-limit": 0.0010999999999997635,
    "upper-limit": 0.001979999999999766
}