{
    "MXX": 4.0,
    "best-fit": 0.0006910794263101442,
    "beta": 0.5,
    "lower-limit": 0.00023999999999976124,
    "upper-limit": 0.0011499999999997636
}