{
    "MXX": 6.0,
    "best-fit": 0.007287347318988039,
    "beta": 1.5,
    "lower-limit": 0.006879999999999649,
    "upper-limit": 0.007699999999999616
}