{
    "MXX": 6.0,
    "best-fit": -0.040452858727144984,
    "beta": 1.5,
    "lower-limit": -0.052999999999999964,
    "upper-limit": -0.030999999999999944
}