{
    "MXX": 8.0,
    "best-fit": -0.0007180732784333162,
    "beta": 0.3,
    "lower-limit": -0.008999999999999925,
    "upper-limit": 0.0060000000000000765
}