{
    "MXX": 5.0,
    "best-fit": -0.02370573847503471,
    "beta": 1.0,
    "lower-limit": -0.03399999999999995,
    "upper-limit": -0.01599999999999993
}