{
    "MXX": 7.0,
    "best-fit": -0.0035327259181318587,
    "beta": 0.5,
    "lower-limit": -0.011999999999999927,
    "upper-limit": 0.004000000000000076
}