{
    "MXX": 5.0,
    "best-fit": -0.005343137369746918,
    "beta": 0.5,
    "lower-limit": -0.01399999999999993,
    "upper-limit": 0.0020000000000000764
}