{
    "MXX": 7.0,
    "best-fit": -0.001676724412879511,
    "beta": 0.3,
    "lower-limit": -0.009999999999999926,
    "upper-limit": 0.005000000000000076
}