{
    "MXX": 7.0,
    "best-fit": -0.012203444956705754,
    "beta": 1.0,
    "lower-limit": -0.021999999999999936,
    "upper-limit": -0.004999999999999924
}