{
    "MXX": 8.0,
    "best-fit": -0.03397541359561564,
    "beta": 2.0,
    "lower-limit": -0.04499999999999996,
    "upper-limit": -0.02499999999999994
}