{
    "MXX": 5.0,
    "best-fit": -0.015045251080547668,
    "beta": 0.8,
    "lower-limit": -0.023999999999999938,
    "upper-limit": -0.006999999999999924
}