{
    "MXX": 4.0,
    "best-fit": -0.009499442598035493,
    "beta": 0.5,
    "lower-limit": -0.018999999999999934,
    "upper-limit": -0.0019999999999999237
}