{
    "MXX": 4.0,
    "best-fit": -0.02416238446650032,
    "beta": 0.8,
    "lower-limit": -0.03399999999999995,
    "upper-limit": -0.01599999999999993
}