{
    "MXX": 7.0,
    "best-fit": -0.04572311820236236,
    "beta": 2.0,
    "lower-limit": -0.05799999999999997,
    "upper-limit": -0.03599999999999995
}