{
    "MXX": 8.0,
    "best-fit": -0.008574262725868486,
    "beta": 1.0,
    "lower-limit": -0.017999999999999933,
    "upper-limit": -0.0009999999999999237
}