{
    "MXX": 7.0,
    "best-fit": -0.026465373083796973,
    "beta": 1.5,
    "lower-limit": -0.03699999999999995,
    "upper-limit": -0.017999999999999933
}