{
    "MXX": 6.0,
    "best-fit": -0.007121655943047487,
    "beta": 0.5,
    "lower-limit": -0.01599999999999993,
    "upper-limit": 7.632783294297951e-17
}