{
    "MXX": 4.0,
    "best-fit": -0.03613891624635535,
    "beta": 1.0,
    "lower-limit": -0.04799999999999996,
    "upper-limit": -0.02699999999999994
}