{
    "MXX": 8.0,
    "best-fit": -0.019283212301310124,
    "beta": 1.5,
    "lower-limit": -0.028999999999999942,
    "upper-limit": -0.010999999999999927
}