{
    "MXX": 6.0,
    "best-fit": -0.02703118019488212,
    "beta": 1.2,
    "lower-limit": -0.03799999999999995,
    "upper-limit": -0.017999999999999933
}