{
    "MXX": 8.0,
    "best-fit": -0.012357799855624303,
    "beta": 1.2,
    "lower-limit": -0.021999999999999936,
    "upper-limit": -0.004999999999999924
}