{
    "MXX": 4.0,
    "best-fit": -0.0028349896623675683,
    "beta": 0.3,
    "lower-limit": -0.011999999999999927,
    "upper-limit": 0.004000000000000076
}