{
    "MXX": 7.0,
    "best-fit": -0.00804828919092129,
    "beta": 0.8,
    "lower-limit": -0.016999999999999932,
    "upper-limit": -0.0009999999999999237
}