{
    "MXX": 4.0,
    "best-fit": -0.05174542458499355,
    "beta": 1.2,
    "lower-limit": -0.06699999999999998,
    "upper-limit": -0.03999999999999995
}