{
    "MXX": 8.0,
    "best-fit": -0.005469840637974364,
    "beta": 0.8,
    "lower-limit": -0.01399999999999993,
    "upper-limit": 0.0020000000000000764
}