{
    "MXX": 8.0,
    "best-fit": -0.002100840102500842,
    "beta": 0.5,
    "lower-limit": -0.010999999999999927,
    "upper-limit": 0.005000000000000076
}