{
    "MXX": 6.0,
    "best-fit": -0.013654216801325432,
    "beta": 0.8,
    "lower-limit": -0.022999999999999937,
    "upper-limit": -0.005999999999999924
}