{
    "MXX": 5.0,
    "best-fit": -0.0512486372691601,
    "beta": 1.5,
    "lower-limit": -0.06399999999999997,
    "upper-limit": -0.04099999999999995
}