{
    "MXX": 6.0,
    "best-fit": -0.01968885178799564,
    "beta": 1.0,
    "lower-limit": -0.029999999999999943,
    "upper-limit": -0.010999999999999927
}