{
    "MXX": 7.0,
    "best-fit": -0.01725688492369149,
    "beta": 1.2,
    "lower-limit": -0.02699999999999994,
    "upper-limit": -0.008999999999999925
}