{
    "MXX": 6.0,
    "best-fit": -0.004434879082374266,
    "beta": 0.3,
    "lower-limit": -0.01399999999999993,
    "upper-limit": 0.0030000000000000764
}