{
    "MXX": 4.0,
    "best-fit": -0.0009032682479065379,
    "beta": 0.5,
    "lower-limit": -0.006999999999999924,
    "upper-limit": 0.004000000000000076
}