{
    "MXX": 7.0,
    "best-fit": -0.004723946306876347,
    "beta": 2.0,
    "lower-limit": -0.010999999999999927,
    "upper-limit": 0.0010000000000000763
}