{
    "MXX": 4.0,
    "best-fit": -0.0036062960014190326,
    "beta": 1.0,
    "lower-limit": -0.009999999999999926,
    "upper-limit": 0.0020000000000000764
}