{
    "MXX": 5.0,
    "best-fit": -0.0005781135061911541,
    "beta": 0.5,
    "lower-limit": -0.006999999999999924,
    "upper-limit": 0.005000000000000076
}