{
    "MXX": 6.0,
    "best-fit": -0.0016101553018995245,
    "beta": 1.0,
    "lower-limit": -0.007999999999999924,
    "upper-limit": 0.004000000000000076
}