{
    "MXX": 8.0,
    "best-fit": -0.002033769997756899,
    "beta": 1.5,
    "lower-limit": -0.007999999999999924,
    "upper-limit": 0.0030000000000000764
}