{
    "MXX": 8.0,
    "best-fit": -0.0013016439451344376,
    "beta": 1.2,
    "lower-limit": -0.007999999999999924,
    "upper-limit": 0.004000000000000076
}