{
    "MXX": 4.0,
    "best-fit": -0.005169839098917323,
    "beta": 1.2,
    "lower-limit": -0.011999999999999927,
    "upper-limit": 7.632783294297951e-17
}