{
    "MXX": 7.0,
    "best-fit": 0.0012989853751761184,
    "beta": 1.0,
    "lower-limit": -0.01599999999999993,
    "upper-limit": 0.017000000000000084
}