{
    "MXX": 8.0,
    "best-fit": 0.001407727056053043,
    "beta": 1.2,
    "lower-limit": -0.01499999999999993,
    "upper-limit": 0.017000000000000084
}