{
    "MXX": 8.0,
    "best-fit": 0.0022075128041190778,
    "beta": 1.5,
    "lower-limit": -0.01499999999999993,
    "upper-limit": 0.018000000000000085
}