{
    "MXX": 7.0,
    "best-fit": 0.00033241465433816786,
    "beta": 0.5,
    "lower-limit": -0.016999999999999932,
    "upper-limit": 0.016000000000000084
}