{
    "MXX": 8.0,
    "best-fit": 0.003935400995711651,
    "beta": 2.0,
    "lower-limit": -0.012999999999999928,
    "upper-limit": 0.020000000000000087
}