{
    "MXX": 4.0,
    "best-fit": 0.005770848277402613,
    "beta": 1.2,
    "lower-limit": -0.010999999999999927,
    "upper-limit": 0.02200000000000009
}