{
    "MXX": 5.0,
    "best-fit": 0.0025056780531202806,
    "beta": 1.0,
    "lower-limit": -0.01399999999999993,
    "upper-limit": 0.018000000000000085
}