{
    "MXX": 6.0,
    "best-fit": 0.004085937034162039,
    "beta": 1.5,
    "lower-limit": -0.012999999999999928,
    "upper-limit": 0.020000000000000087
}