{
    "MXX": 7.0,
    "best-fit": 0.005168065048199994,
    "beta": 2.0,
    "lower-limit": -0.011999999999999927,
    "upper-limit": 0.021000000000000088
}