{
    "MXX": 4.0,
    "best-fit": -2.5253896579206765e-05,
    "beta": 1.0,
    "lower-limit": -0.0006000000000000055,
    "upper-limit": 0.00039999999999999454
}