{
    "MXX": 7.0,
    "best-fit": 4.3625350550942305e-07,
    "beta": 0.8,
    "lower-limit": -0.0005000000000000054,
    "upper-limit": 0.0004999999999999946
}