{
    "MXX": 7.0,
    "best-fit": 8.919126431395341e-07,
    "beta": 1.0,
    "lower-limit": -0.0005000000000000054,
    "upper-limit": 0.0004999999999999946
}