{
    "MXX": 8.0,
    "best-fit": 6.629098548061535e-08,
    "beta": 0.8,
    "lower-limit": -0.0005000000000000054,
    "upper-limit": 0.0004999999999999946
}