{
    "MXX": 6.0,
    "best-fit": -1.6847859342139274e-05,
    "beta": 1.5,
    "lower-limit": -0.0005000000000000054,
    "upper-limit": 0.00039999999999999454
}