{
    "MXX": 4.0,
    "best-fit": -0.00015371581649867956,
    "beta": 1.2,
    "lower-limit": -0.0007000000000000055,
    "upper-limit": 0.00029999999999999455
}