{
    "MXX": 8.0,
    "best-fit": 3.3923998351596427e-06,
    "beta": 1.5,
    "lower-limit": -0.0005000000000000054,
    "upper-limit": 0.0004999999999999946
}