{
    "MXX": 6.0,
    "best-fit": 1.616610023098072e-06,
    "beta": 0.3,
    "lower-limit": -0.0005000000000000054,
    "upper-limit": 0.0004999999999999946
}