{
    "MXX": 8.0,
    "best-fit": -3.385797901799552e-07,
    "beta": 0.5,
    "lower-limit": -0.0005000000000000054,
    "upper-limit": 0.0004999999999999946
}