{
    "MXX": 7.0,
    "best-fit": 2.6866363636091553e-07,
    "beta": 0.5,
    "lower-limit": -0.0005000000000000054,
    "upper-limit": 0.0004999999999999946
}