{
    "MXX": 5.0,
    "best-fit": 1.2659994228678022e-05,
    "beta": 1.0,
    "lower-limit": -0.0005000000000000054,
    "upper-limit": 0.0004999999999999946
}