{
    "MXX": 4.0,
    "best-fit": 1.5152537146323371e-06,
    "beta": 0.5,
    "lower-limit": -0.0005000000000000054,
    "upper-limit": 0.0004999999999999946
}