{
    "MXX": 8.0,
    "best-fit": -4.805972920810582e-07,
    "beta": 0.3,
    "lower-limit": -0.0005000000000000054,
    "upper-limit": 0.0004999999999999946
}