{
    "MXX": 5.0,
    "best-fit": -5.382798349568799e-07,
    "beta": 0.3,
    "lower-limit": -0.0005000000000000054,
    "upper-limit": 0.0004999999999999946
}