{
    "MXX": 4.0,
    "best-fit": 8.177544457412192e-08,
    "beta": 0.3,
    "lower-limit": -0.0005000000000000054,
    "upper-limit": 0.0004999999999999946
}