{
    "MXX": 7.0,
    "best-fit": -0.0016565083498823515,
    "beta": 0.3,
    "lower-limit": -0.009999999999999926,
    "upper-limit": 0.0060000000000000765
}