{
    "MXX": 6.0,
    "best-fit": -0.0042133093182168445,
    "beta": 0.3,
    "lower-limit": -0.011999999999999927,
    "upper-limit": 0.0030000000000000764
}