{
    "MXX": 6.0,
    "best-fit": -0.006672755681969745,
    "beta": 0.5,
    "lower-limit": -0.01499999999999993,
    "upper-limit": 0.0010000000000000763
}