{
    "MXX": 7.0,
    "best-fit": -0.035458961694560615,
    "beta": 2.0,
    "lower-limit": -0.042999999999999955,
    "upper-limit": -0.028999999999999942
}