{
    "MXX": 6.0,
    "best-fit": -0.017320026301477574,
    "beta": 1.0,
    "lower-limit": -0.02499999999999994,
    "upper-limit": -0.010999999999999927
}