{
    "MXX": 8.0,
    "best-fit": -0.01751121487429233,
    "beta": 1.5,
    "lower-limit": -0.02499999999999994,
    "upper-limit": -0.010999999999999927
}