{
    "MXX": 7.0,
    "best-fit": -0.011462604115263196,
    "beta": 1.0,
    "lower-limit": -0.018999999999999934,
    "upper-limit": -0.003999999999999924
}