{
    "MXX": 7.0,
    "best-fit": -0.023058867471531,
    "beta": 1.5,
    "lower-limit": -0.030999999999999944,
    "upper-limit": -0.016999999999999932
}