{
    "MXX": 4.0,
    "best-fit": -0.03483207613263946,
    "beta": 1.2,
    "lower-limit": -0.041999999999999954,
    "upper-limit": -0.028999999999999942
}