{
    "MXX": 8.0,
    "best-fit": -0.02838371548790175,
    "beta": 2.0,
    "lower-limit": -0.03599999999999995,
    "upper-limit": -0.021999999999999936
}