{
    "MXX": 5.0,
    "best-fit": -0.0052288611704486105,
    "beta": 0.5,
    "lower-limit": -0.012999999999999928,
    "upper-limit": 0.0020000000000000764
}