{
    "MXX": 8.0,
    "best-fit": -0.005327978163346387,
    "beta": 0.8,
    "lower-limit": -0.012999999999999928,
    "upper-limit": 0.0020000000000000764
}