{
    "MXX": 5.0,
    "best-fit": -0.014088900093111737,
    "beta": 0.8,
    "lower-limit": -0.021999999999999936,
    "upper-limit": -0.006999999999999924
}