{
    "MXX": 4.0,
    "best-fit": -0.009102334209761651,
    "beta": 0.5,
    "lower-limit": -0.016999999999999932,
    "upper-limit": -0.0019999999999999237
}