{
    "MXX": 5.0,
    "best-fit": -0.028647342530482827,
    "beta": 1.2,
    "lower-limit": -0.03599999999999995,
    "upper-limit": -0.021999999999999936
}