{
    "MXX": 5.0,
    "best-fit": -0.021258402000892,
    "beta": 1.0,
    "lower-limit": -0.028999999999999942,
    "upper-limit": -0.01499999999999993
}