{
    "MXX": 4.0,
    "best-fit": -0.021299678346626678,
    "beta": 0.8,
    "lower-limit": -0.028999999999999942,
    "upper-limit": -0.01499999999999993
}