{
    "MXX": 6.0,
    "best-fit": -0.02285078359110168,
    "beta": 1.2,
    "lower-limit": -0.029999999999999943,
    "upper-limit": -0.01599999999999993
}