{
    "MXX": 7.0,
    "best-fit": -0.0077157354798234705,
    "beta": 0.8,
    "lower-limit": -0.01599999999999993,
    "upper-limit": -0.0009999999999999237
}