{
    "MXX": 5.0,
    "best-fit": -0.038455950795210705,
    "beta": 1.5,
    "lower-limit": -0.04599999999999996,
    "upper-limit": -0.031999999999999945
}