{
    "MXX": 8.0,
    "best-fit": -0.002079241166406347,
    "beta": 0.5,
    "lower-limit": -0.009999999999999926,
    "upper-limit": 0.005000000000000076
}