{
    "MXX": 4.0,
    "best-fit": -0.002799307922551627,
    "beta": 0.3,
    "lower-limit": -0.010999999999999927,
    "upper-limit": 0.004000000000000076
}