{
    "MXX": 8.0,
    "best-fit": -0.011634132218562817,
    "beta": 1.2,
    "lower-limit": -0.019999999999999934,
    "upper-limit": -0.004999999999999924
}