{
    "MXX": 7.0,
    "best-fit": -0.0157996276917722,
    "beta": 1.2,
    "lower-limit": -0.023999999999999938,
    "upper-limit": -0.008999999999999925
}