{
    "MXX": 8.0,
    "best-fit": -0.008226283829923242,
    "beta": 1.0,
    "lower-limit": -0.01599999999999993,
    "upper-limit": -0.0009999999999999237
}