{
    "MXX": 4.0,
    "best-fit": -0.028919731302688503,
    "beta": 1.0,
    "lower-limit": -0.03599999999999995,
    "upper-limit": -0.022999999999999937
}