{
    "MXX": 6.0,
    "best-fit": -0.01239038990024952,
    "beta": 0.8,
    "lower-limit": -0.019999999999999934,
    "upper-limit": -0.004999999999999924
}