{
    "MXX": 6.0,
    "best-fit": -0.03158139916836712,
    "beta": 1.5,
    "lower-limit": -0.03899999999999995,
    "upper-limit": -0.02499999999999994
}