{
    "MXX": 8.0,
    "best-fit": -0.0007150518108018229,
    "beta": 0.3,
    "lower-limit": -0.008999999999999925,
    "upper-limit": 0.0070000000000000765
}