{
    "MXX": 6.0,
    "best-fit": -0.0036281459810920623,
    "beta": 1.5,
    "lower-limit": -0.009999999999999926,
    "upper-limit": 0.0020000000000000764
}