{
    "MXX": 5.0,
    "best-fit": -0.002313133955699883,
    "beta": 1.0,
    "lower-limit": -0.008999999999999925,
    "upper-limit": 0.0030000000000000764
}