{
    "MXX": 7.0,
    "best-fit": -0.0026579022624996698,
    "beta": 1.5,
    "lower-limit": -0.008999999999999925,
    "upper-limit": 0.0030000000000000764
}