{
    "MXX": 6.0,
    "best-fit": -0.0010412649582415264,
    "beta": 0.8,
    "lower-limit": -0.006999999999999924,
    "upper-limit": 0.004000000000000076
}