{
    "MXX": 8.0,
    "best-fit": -8.120137839190693e-05,
    "beta": 0.3,
    "lower-limit": -0.005999999999999924,
    "upper-limit": 0.005000000000000076
}