{
    "MXX": 5.0,
    "best-fit": -0.005210740783794276,
    "beta": 1.5,
    "lower-limit": -0.011999999999999927,
    "upper-limit": 7.632783294297951e-17
}