{
    "MXX": 4.0,
    "best-fit": 0.0025327888462390235,
    "beta": 0.8,
    "lower-limit": -0.01399999999999993,
    "upper-limit": 0.018000000000000085
}