{
    "MXX": 5.0,
    "best-fit": 0.00021689211074143615,
    "beta": 0.3,
    "lower-limit": -0.016999999999999932,
    "upper-limit": 0.016000000000000084
}