{
    "MXX": 5.0,
    "best-fit": 0.003645007571127637,
    "beta": 1.2,
    "lower-limit": -0.012999999999999928,
    "upper-limit": 0.020000000000000087
}