{
    "MXX": 5.0,
    "best-fit": 0.0016040917058558993,
    "beta": 0.8,
    "lower-limit": -0.01499999999999993,
    "upper-limit": 0.017000000000000084
}