{
    "MXX": 8.0,
    "best-fit": 0.0009736451095695538,
    "beta": 1.0,
    "lower-limit": -0.01599999999999993,
    "upper-limit": 0.017000000000000084
}