{
    "MXX": 5.0,
    "best-fit": 0.005739083349755009,
    "beta": 1.5,
    "lower-limit": -0.010999999999999927,
    "upper-limit": 0.02200000000000009
}