{
    "MXX": 5.0,
    "best-fit": 3.1790922713223536e-07,
    "beta": 0.8,
    "lower-limit": -0.0005000000000000054,
    "upper-limit": 0.00039999999999999454
}