{
    "MXX": 8.0,
    "best-fit": 1.1276623133462563e-06,
    "beta": 1.2,
    "lower-limit": -0.0005000000000000054,
    "upper-limit": 0.00039999999999999454
}