{
    "MXX": 6.0,
    "best-fit": 1.1835977733020336e-05,
    "beta": 1.5,
    "lower-limit": -0.0005000000000000054,
    "upper-limit": 0.0004999999999999946
}