{
    "MXX": 7.0,
    "best-fit": 4.614077689676013e-06,
    "beta": 1.5,
    "lower-limit": -0.0005000000000000054,
    "upper-limit": 0.0004999999999999946
}