{
    "MXX": 5.0,
    "best-fit": -4.677800287068961e-07,
    "beta": 0.5,
    "lower-limit": -0.0005000000000000054,
    "upper-limit": 0.00039999999999999454
}