{
    "MXX": 7.0,
    "best-fit": 2.629639342197476e-06,
    "beta": 1.2,
    "lower-limit": -0.0005000000000000054,
    "upper-limit": 0.00039999999999999454
}