{
    "MXX": 7.0,
    "best-fit": 4.610010363981038e-07,
    "beta": 0.3,
    "lower-limit": -0.0005000000000000054,
    "upper-limit": 0.00039999999999999454
}