{
    "MXX": 4.0,
    "best-fit": 4.59160975965759e-07,
    "beta": 0.5,
    "lower-limit": -0.0005000000000000054,
    "upper-limit": 0.00039999999999999454
}