{
    "MXX": 5.0,
    "best-fit": 1.695563894554498e-06,
    "beta": 1.0,
    "lower-limit": -0.0005000000000000054,
    "upper-limit": 0.00039999999999999454
}