{
    "MXX": 8.0,
    "best-fit": 2.427473729937449e-06,
    "beta": 1.5,
    "lower-limit": -0.0005000000000000054,
    "upper-limit": 0.00039999999999999454
}