{
    "MXX": 5.0,
    "best-fit": 4.512633072758909e-06,
    "beta": 1.2,
    "lower-limit": -0.0005000000000000054,
    "upper-limit": 0.0004999999999999946
}