{
    "MXX": 8.0,
    "best-fit": -2.8060751896080754e-07,
    "beta": 0.5,
    "lower-limit": -0.0005000000000000054,
    "upper-limit": 0.00039999999999999454
}