{
    "MXX": 7.0,
    "best-fit": 1.793759318872343e-06,
    "beta": 1.0,
    "lower-limit": -0.0005000000000000054,
    "upper-limit": 0.00039999999999999454
}