{
    "MXX": 8.0,
    "best-fit": 9.39196721151326e-08,
    "beta": 0.8,
    "lower-limit": -0.0005000000000000054,
    "upper-limit": 0.00039999999999999454
}