{
    "MXX": 7.0,
    "best-fit": 1.196320784017705e-06,
    "beta": 0.8,
    "lower-limit": -0.0005000000000000054,
    "upper-limit": 0.00039999999999999454
}