{
    "MXX": 8.0,
    "best-fit": 5.287899700716016e-07,
    "beta": 1.0,
    "lower-limit": -0.0005000000000000054,
    "upper-limit": 0.00039999999999999454
}