{
    "MXX": 6.0,
    "best-fit": 6.572563854009568e-06,
    "beta": 0.8,
    "lower-limit": -0.0005000000000000054,
    "upper-limit": 0.0004999999999999946
}