{
    "MXX": 4.0,
    "best-fit": 2.1618583693362844e-05,
    "beta": 1.2,
    "lower-limit": -0.0005000000000000054,
    "upper-limit": 0.0004999999999999946
}