{
    "MXX": 4.0,
    "best-fit": -2.119190692778887e-08,
    "beta": 0.3,
    "lower-limit": -0.0005000000000000054,
    "upper-limit": 0.00039999999999999454
}