{
    "MXX": 8.0,
    "best-fit": -4.084645220040392e-07,
    "beta": 0.3,
    "lower-limit": -0.0005000000000000054,
    "upper-limit": 0.00039999999999999454
}