{
    "MXX": 4.0,
    "best-fit": 0.010675464958768064,
    "beta": 0.05,
    "lower-limit": -0.17999999999999927,
    "upper-limit": 0.14000000000000073
}