{
    "MXX": 4.0,
    "best-fit": -0.058810880725875675,
    "beta": 1.0,
    "lower-limit": -0.27099999999999935,
    "upper-limit": 0.160000000000001
}