{
    "MXX": 5.0,
    "best-fit": 0.00032878841306387005,
    "beta": 0.05,
    "lower-limit": -0.00020000000000000546,
    "upper-limit": 0.0006999999999999947
}