{
    "MXX": 10.0,
    "best-fit": 0.0002698953244849602,
    "beta": 0.05,
    "lower-limit": -0.00030000000000000545,
    "upper-limit": 0.0006999999999999947
}