{
    "MXX": 4.0,
    "best-fit": 0.0005468984596540773,
    "beta": 0.05,
    "lower-limit": -5.44811591673966e-18,
    "upper-limit": 0.0009999999999999948
}