{
    "MXX": 7.0,
    "best-fit": 4.592872208534514e-05,
    "beta": 0.05,
    "lower-limit": -0.0005000000000000054,
    "upper-limit": 0.0004999999999999946
}