{
    "MXX": 8.0,
    "best-fit": 0.0002124436954716778,
    "beta": 0.05,
    "lower-limit": -0.00030000000000000545,
    "upper-limit": 0.0005999999999999946
}