{
    "MXX": 6.0,
    "best-fit": 0.0001418547601132973,
    "beta": 0.05,
    "lower-limit": -0.00040000000000000544,
    "upper-limit": 0.0005999999999999946
}