{
    "MXX": 9.0,
    "best-fit": 0.00021601063155858336,
    "beta": 0.05,
    "lower-limit": -0.00030000000000000545,
    "upper-limit": 0.0005999999999999946
}