{
    "data": [
        80.25370664294347,
        14.477245352500201,
        3.685882063342434,
        1.1929751153820713,
        0.4396216801690209,
        0.17924778775005637,
        0.07693698980705921,
        0.033379833823002796,
        0.016449555355300283,
        0.00753908728970016,
        0.0037245563587499524,
        0.0017968506114001042,
        0.002045532016950132
    ],
    "SM": [
        83.0363615275492,
        15.113109394957803,
        4.041701949411257,
        1.2982441016659283,
        0.49939366162194354,
        0.21034611614839588,
        0.09576057909099175,
        0.04472517798210099,
        0.021546563578200274,
        0.011733459354599905,
        0.006052402715699887,
        0.003264810401099951,
        0.004015564002599662
    ],
    "bin-edges": [
        500,
        750,
        1000,
        1250,
        1500,
        1750,
        2000,
        2250,
        2500,
        2750,
        3000,
        3250,
        3500,
        1000000000
    ]
}