{
    "data": [
        78.58685085857849,
        13.550803926158322,
        3.400720852365986,
        1.0491212454787575,
        0.3633981022980271,
        0.13537095373524305,
        0.05598215420849125,
        0.025749667508248725,
        0.01547415100224991,
        0.011732504696249847,
        0.010916164069999778,
        0.011613952765999722,
        0.13189792237807635
    ],
    "SM": [
        83.0363615275492,
        15.113109394957803,
        4.041701949411257,
        1.2982441016659283,
        0.49939366162194354,
        0.21034611614839588,
        0.09576057909099175,
        0.04472517798210099,
        0.021546563578200274,
        0.011733459354599905,
        0.006052402715699887,
        0.003264810401099951,
        0.004015564002599662
    ],
    "bin-edges": [
        500,
        750,
        1000,
        1250,
        1500,
        1750,
        2000,
        2250,
        2500,
        2750,
        3000,
        3250,
        3500,
        1000000000
    ]
}