{
    "data": [
        75.06173290992476,
        12.276184324995866,
        2.854987855286885,
        0.7939629706127624,
        0.2421545699499245,
        0.0814612547925152,
        0.03536917195074492,
        0.023750709747007485,
        0.026800134637717493,
        0.02594746588242255,
        0.027565044483750006,
        0.032530026246500025,
        0.29074441531125056
    ],
    "SM": [
        83.0363615275492,
        15.113109394957803,
        4.041701949411257,
        1.2982441016659283,
        0.49939366162194354,
        0.21034611614839588,
        0.09576057909099175,
        0.04472517798210099,
        0.021546563578200274,
        0.011733459354599905,
        0.006052402715699887,
        0.003264810401099951,
        0.004015564002599662
    ],
    "bin-edges": [
        500,
        750,
        1000,
        1250,
        1500,
        1750,
        2000,
        2250,
        2500,
        2750,
        3000,
        3250,
        3500,
        1000000000
    ]
}