{
    "data": [
        81.1330275299139,
        14.992934726425881,
        3.8257115732608535,
        1.276851510476541,
        0.48633768127446103,
        0.1988631498008548,
        0.09093432391250407,
        0.042459111286138315,
        0.020764815489440605,
        0.01036570215161007,
        0.005414920561414932,
        0.0030132097321732944,
        0.0038280743744063535
    ],
    "SM": [
        83.0363615275492,
        15.113109394957803,
        4.041701949411257,
        1.2982441016659283,
        0.49939366162194354,
        0.21034611614839588,
        0.09576057909099175,
        0.04472517798210099,
        0.021546563578200274,
        0.011733459354599905,
        0.006052402715699887,
        0.003264810401099951,
        0.004015564002599662
    ],
    "bin-edges": [
        500,
        750,
        1000,
        1250,
        1500,
        1750,
        2000,
        2250,
        2500,
        2750,
        3000,
        3250,
        3500,
        1000000000
    ]
}