{
    "data": [
        81.28713557148943,
        14.867415302647048,
        3.8556248291605484,
        1.2777813437124614,
        0.48470946059471554,
        0.20452606713404603,
        0.09150861927529823,
        0.04172481342984037,
        0.021874631177513024,
        0.010716250026508913,
        0.005749406338492497,
        0.003043194542202408,
        0.00347233580592495
    ],
    "SM": [
        83.0363615275492,
        15.113109394957803,
        4.041701949411257,
        1.2982441016659283,
        0.49939366162194354,
        0.21034611614839588,
        0.09576057909099175,
        0.04472517798210099,
        0.021546563578200274,
        0.011733459354599905,
        0.006052402715699887,
        0.003264810401099951,
        0.004015564002599662
    ],
    "bin-edges": [
        500,
        750,
        1000,
        1250,
        1500,
        1750,
        2000,
        2250,
        2500,
        2750,
        3000,
        3250,
        3500,
        1000000000
    ]
}