{
    "data": [
        81.8850825232785,
        14.476097707116518,
        3.797171469581806,
        1.250959645828184,
        0.4644647977736276,
        0.19857250457951958,
        0.08862223282129512,
        0.04744901079821498,
        0.02389460433038857,
        0.019855511498747067,
        0.014875280087745739,
        0.015044753187425167,
        0.058696648047846585
    ],
    "SM": [
        83.0363615275492,
        15.113109394957803,
        4.041701949411257,
        1.2982441016659283,
        0.49939366162194354,
        0.21034611614839588,
        0.09576057909099175,
        0.04472517798210099,
        0.021546563578200274,
        0.011733459354599905,
        0.006052402715699887,
        0.003264810401099951,
        0.004015564002599662
    ],
    "bin-edges": [
        500,
        750,
        1000,
        1250,
        1500,
        1750,
        2000,
        2250,
        2500,
        2750,
        3000,
        3250,
        3500,
        1000000000
    ]
}