{
    "data": [
        81.63457161027077,
        14.748269250213578,
        3.8110800181403452,
        1.2674168988875745,
        0.47435099089718724,
        0.20324523511762516,
        0.09012693745513778,
        0.04193738109472818,
        0.02094173983523641,
        0.010456800093789777,
        0.005574473436696728,
        0.002946997751188981,
        0.005597966827001016
    ],
    "SM": [
        83.0363615275492,
        15.113109394957803,
        4.041701949411257,
        1.2982441016659283,
        0.49939366162194354,
        0.21034611614839588,
        0.09576057909099175,
        0.04472517798210099,
        0.021546563578200274,
        0.011733459354599905,
        0.006052402715699887,
        0.003264810401099951,
        0.004015564002599662
    ],
    "bin-edges": [
        500,
        750,
        1000,
        1250,
        1500,
        1750,
        2000,
        2250,
        2500,
        2750,
        3000,
        3250,
        3500,
        1000000000
    ]
}