{
    "data": [
        80.77326954541242,
        14.363036002071585,
        3.763431597345662,
        1.2285077079101465,
        0.45628151503818254,
        0.18366412390948095,
        0.08120631047234748,
        0.037635883012553294,
        0.019626492131057646,
        0.010317162351937558,
        0.00602142521912368,
        0.004924671797613119,
        0.03581980944253511
    ],
    "SM": [
        83.0363615275492,
        15.113109394957803,
        4.041701949411257,
        1.2982441016659283,
        0.49939366162194354,
        0.21034611614839588,
        0.09576057909099175,
        0.04472517798210099,
        0.021546563578200274,
        0.011733459354599905,
        0.006052402715699887,
        0.003264810401099951,
        0.004015564002599662
    ],
    "bin-edges": [
        500,
        750,
        1000,
        1250,
        1500,
        1750,
        2000,
        2250,
        2500,
        2750,
        3000,
        3250,
        3500,
        1000000000
    ]
}