{
    "data": [
        75.52374034725328,
        12.895980459086957,
        2.9469700634388794,
        0.8483023663050018,
        0.2673736050377782,
        0.08528300768070768,
        0.028618439724850016,
        0.009132005204185004,
        0.0033288780621175016,
        0.0017790260913125011,
        0.0017921040701324963,
        0.0016813368385799978,
        0.02375033436963267
    ],
    "SM": [
        83.0363615275492,
        15.113109394957803,
        4.041701949411257,
        1.2982441016659283,
        0.49939366162194354,
        0.21034611614839588,
        0.09576057909099175,
        0.04472517798210099,
        0.021546563578200274,
        0.011733459354599905,
        0.006052402715699887,
        0.003264810401099951,
        0.004015564002599662
    ],
    "bin-edges": [
        500,
        750,
        1000,
        1250,
        1500,
        1750,
        2000,
        2250,
        2500,
        2750,
        3000,
        3250,
        3500,
        1000000000
    ]
}