{
    "data": [
        81.30657141108152,
        14.624992184232248,
        3.7566785654736203,
        1.239773697450641,
        0.4596430344360088,
        0.19477028036506777,
        0.08514781296282803,
        0.03900294237647773,
        0.01913793451101941,
        0.009389957698744553,
        0.0049143524632034264,
        0.002588673658627227,
        0.008185623565561424
    ],
    "SM": [
        83.0363615275492,
        15.113109394957803,
        4.041701949411257,
        1.2982441016659283,
        0.49939366162194354,
        0.21034611614839588,
        0.09576057909099175,
        0.04472517798210099,
        0.021546563578200274,
        0.011733459354599905,
        0.006052402715699887,
        0.003264810401099951,
        0.004015564002599662
    ],
    "bin-edges": [
        500,
        750,
        1000,
        1250,
        1500,
        1750,
        2000,
        2250,
        2500,
        2750,
        3000,
        3250,
        3500,
        1000000000
    ]
}