{
    "data": [
        80.66106554836877,
        14.63066933300617,
        3.7524131172670177,
        1.2260798016701044,
        0.4571336584044429,
        0.18900877197502017,
        0.08252224948240267,
        0.03655077276674247,
        0.01847656986765502,
        0.008718635076472005,
        0.0044625807387367565,
        0.0022447156524375055,
        0.0024761725503202477
    ],
    "SM": [
        83.0363615275492,
        15.113109394957803,
        4.041701949411257,
        1.2982441016659283,
        0.49939366162194354,
        0.21034611614839588,
        0.09576057909099175,
        0.04472517798210099,
        0.021546563578200274,
        0.011733459354599905,
        0.006052402715699887,
        0.003264810401099951,
        0.004015564002599662
    ],
    "bin-edges": [
        500,
        750,
        1000,
        1250,
        1500,
        1750,
        2000,
        2250,
        2500,
        2750,
        3000,
        3250,
        3500,
        1000000000
    ]
}