{
    "data": [
        79.78258587677962,
        14.056510528679805,
        3.5083433527826857,
        1.1153365904348553,
        0.39446254280114185,
        0.1579967265234006,
        0.06421885984274331,
        0.027118445819226636,
        0.012147201897499831,
        0.005595801401350072,
        0.002923792875025064,
        0.0017615523612750333,
        0.022908265847978445
    ],
    "SM": [
        83.0363615275492,
        15.113109394957803,
        4.041701949411257,
        1.2982441016659283,
        0.49939366162194354,
        0.21034611614839588,
        0.09576057909099175,
        0.04472517798210099,
        0.021546563578200274,
        0.011733459354599905,
        0.006052402715699887,
        0.003264810401099951,
        0.004015564002599662
    ],
    "bin-edges": [
        500,
        750,
        1000,
        1250,
        1500,
        1750,
        2000,
        2250,
        2500,
        2750,
        3000,
        3250,
        3500,
        1000000000
    ]
}