{
    "data": [
        81.13035249448245,
        14.195644487772789,
        3.672769992015061,
        1.190735506750925,
        0.4374017559701828,
        0.18639468356090513,
        0.08738389006749504,
        0.05252675232892126,
        0.034758825210818266,
        0.033793483722926815,
        0.031849604544952476,
        0.03640768168748473,
        0.15456199909225093
    ],
    "SM": [
        83.0363615275492,
        15.113109394957803,
        4.041701949411257,
        1.2982441016659283,
        0.49939366162194354,
        0.21034611614839588,
        0.09576057909099175,
        0.04472517798210099,
        0.021546563578200274,
        0.011733459354599905,
        0.006052402715699887,
        0.003264810401099951,
        0.004015564002599662
    ],
    "bin-edges": [
        500,
        750,
        1000,
        1250,
        1500,
        1750,
        2000,
        2250,
        2500,
        2750,
        3000,
        3250,
        3500,
        1000000000
    ]
}