{
    "data": [
        78.8601629024092,
        13.95620949315605,
        3.462150349265181,
        1.083041862419002,
        0.38238092789492995,
        0.14793343373033999,
        0.05945418660570352,
        0.023745264245793957,
        0.010652137749489251,
        0.00424300109274125,
        0.0018118413655309983,
        0.0007049491529982504,
        0.0018388171998862512
    ],
    "SM": [
        83.0363615275492,
        15.113109394957803,
        4.041701949411257,
        1.2982441016659283,
        0.49939366162194354,
        0.21034611614839588,
        0.09576057909099175,
        0.04472517798210099,
        0.021546563578200274,
        0.011733459354599905,
        0.006052402715699887,
        0.003264810401099951,
        0.004015564002599662
    ],
    "bin-edges": [
        500,
        750,
        1000,
        1250,
        1500,
        1750,
        2000,
        2250,
        2500,
        2750,
        3000,
        3250,
        3500,
        1000000000
    ]
}