{
    "data": [
        34.263298667190625,
        6.889637205935577,
        1.9554903950848044,
        0.6534158806357488,
        0.253061212218301,
        0.10747485850274459,
        0.046975848987502455,
        0.021399739389225084,
        0.010458451919234236,
        0.005133189432945498,
        0.0027069179523517522,
        0.001645968487712501,
        0.07290467266595295
    ],
    "SM": [
        34.56364936589915,
        7.088210872585725,
        2.061399673244676,
        0.727174056910506,
        0.28785291505946387,
        0.12496182803960505,
        0.05966555133154265,
        0.028442229012138796,
        0.015114616666590275,
        0.007961931094105439,
        0.004312491630738567,
        0.002421457163248142,
        0.003287051221145139
    ],
    "bin-edges": [
        500,
        750,
        1000,
        1250,
        1500,
        1750,
        2000,
        2250,
        2500,
        2750,
        3000,
        3250,
        3500,
        1000000
    ]
}