{
    "data": [
        34.58215987372843,
        7.025704413407363,
        1.9915086499196286,
        0.6944342635010512,
        0.272798584834874,
        0.11547154321365934,
        0.052419679992161364,
        0.02533489904295311,
        0.01290617929544931,
        0.006416190954599756,
        0.0032529556606501852,
        0.0017474600196000854,
        0.009547123582800606
    ],
    "SM": [
        34.56364936589915,
        7.088210872585725,
        2.061399673244676,
        0.727174056910506,
        0.28785291505946387,
        0.12496182803960505,
        0.05966555133154265,
        0.028442229012138796,
        0.015114616666590275,
        0.007961931094105439,
        0.004312491630738567,
        0.002421457163248142,
        0.003287051221145139
    ],
    "bin-edges": [
        500,
        750,
        1000,
        1250,
        1500,
        1750,
        2000,
        2250,
        2500,
        2750,
        3000,
        3250,
        3500,
        1000000
    ]
}