{
    "data": [
        34.260575157624615,
        6.890717794311685,
        1.9260913113488463,
        0.6601055967088788,
        0.2534929035177761,
        0.10424652332731998,
        0.046023793681398716,
        0.021519367758148753,
        0.010643068937287517,
        0.005122982336119498,
        0.0025990474759257547,
        0.0014430937229639954,
        0.020184872626082463
    ],
    "SM": [
        34.56364936589915,
        7.088210872585725,
        2.061399673244676,
        0.727174056910506,
        0.28785291505946387,
        0.12496182803960505,
        0.05966555133154265,
        0.028442229012138796,
        0.015114616666590275,
        0.007961931094105439,
        0.004312491630738567,
        0.002421457163248142,
        0.003287051221145139
    ],
    "bin-edges": [
        500,
        750,
        1000,
        1250,
        1500,
        1750,
        2000,
        2250,
        2500,
        2750,
        3000,
        3250,
        3500,
        1000000
    ]
}