{
    "data": [
        34.02137761242004,
        6.644892471952804,
        1.8912261741272365,
        0.6458906525100108,
        0.2429741569716623,
        0.09951970812922876,
        0.04412169499783946,
        0.020432732319304807,
        0.009585286005885258,
        0.0048224723254400035,
        0.002563473071245001,
        0.0014253858972914986,
        0.008938894750475011
    ],
    "SM": [
        34.56364936589915,
        7.088210872585725,
        2.061399673244676,
        0.727174056910506,
        0.28785291505946387,
        0.12496182803960505,
        0.05966555133154265,
        0.028442229012138796,
        0.015114616666590275,
        0.007961931094105439,
        0.004312491630738567,
        0.002421457163248142,
        0.003287051221145139
    ],
    "bin-edges": [
        500,
        750,
        1000,
        1250,
        1500,
        1750,
        2000,
        2250,
        2500,
        2750,
        3000,
        3250,
        3500,
        1000000
    ]
}