{
    "SM": [
        48.88938999999938,
        12.7891900000048,
        4.335439000000899,
        1.7191079999999315,
        0.7607585000001482,
        0.3634861000001333,
        0.1850975900000689,
        0.09866288999997713,
        0.05464475000002925,
        0.03125991000000341,
        0.01832616000000732,
        0.01101545900000184,
        0.006721525000002235,
        0.004167489400001038,
        0.0026151901000007172,
        0.0016582539999999615,
        0.0010601116000004149,
        0.0006823330299998982,
        0.000442011790000055,
        0.0002876316600001305
    ],
    "C2JB": [
        24.30643331999188,
        11.882260881003898,
        6.397490127100868,
        3.6889224959998392,
        2.2512228588004795,
        1.4163847737197073,
        0.9231522196200883,
        0.6054995888499093,
        0.411333536789964,
        0.28049189308005296,
        0.19420822730403628,
        0.13531924976102344,
        0.0950577161469839,
        0.06765289751999572,
        0.04798261988548384,
        0.03428877260249153,
        0.024419441260408452,
        0.01752196872160479,
        0.012606222064495534,
        0.009076677480000395
    ],
    "Cphi1": [
        -2.2299455311998155,
        -0.5617618549201062,
        -0.1912128522199674,
        -0.0746667032669885,
        -0.03282192676000217,
        -0.01569794688000232,
        -0.007989629431401636,
        -0.004236772673800053,
        -0.0023725581084594947,
        -0.001333283841810458,
        -0.0007716049233200923,
        -0.00046634388439998665,
        -0.0002852499750540788,
        -0.00017421548219995878,
        -0.00010798123867601037,
        -6.839505367798297e-05,
        -4.3835505830406495e-05,
        -2.8224080719395994e-05,
        -1.8254114427004044e-05,
        -1.1806225931696605e-05
    ],
    "CBW": [
        -5.381795300000537,
        -1.396764354599826,
        -0.47442997024006384,
        -0.18487431861001527,
        -0.08288660806400282,
        -0.03975290400000179,
        -0.01988855469899743,
        -0.010528384112397983,
        -0.0058159851929998965,
        -0.0033246709599998956,
        -0.001921948369700067,
        -0.0011643181494401613,
        -0.000709907643439863,
        -0.00043200205279000936,
        -0.00027639085673793884,
        -0.00017535215090396227,
        -0.00010930585678002536,
        -7.181649773999435e-05,
        -4.5170972488803186e-05,
        -2.9336894794203584e-05
    ],
    "Cphi1-Cphi1": [
        0.14284759999997493,
        0.0367495699999948,
        0.012368590000004226,
        0.004874870000000979,
        0.0021437660000005456,
        0.0010234598999996401,
        0.0005192125999998974,
        0.00027639760000001056,
        0.00015269612999992802,
        8.715488000001516e-05,
        5.099298000000985e-05,
        3.0549088000001005e-05,
        1.8610090999993365e-05,
        1.147875300000362e-05,
        7.2024739999981185e-06,
        4.547471399999959e-06,
        2.9015344000004853e-06,
        1.864388000000924e-06,
        1.2041109999996111e-06,
        7.823091699997646e-07
    ],
    "Cphi1-CBW": [
        0.6007281000001142,
        0.1554833999999612,
        0.05239844000002031,
        0.02073233900000468,
        0.009163849999995873,
        0.004379759000000479,
        0.00222755919999943,
        0.0011857680000002544,
        0.0006568918000000791,
        0.0003758315799998634,
        0.00022028373999990087,
        0.00013229095999995903,
        8.078458999997716e-05,
        5.004698200001796e-05,
        3.138029700000024e-05,
        1.992754999999749e-05,
        1.2731215999995307e-05,
        8.187991099999406e-06,
        5.3047822000012335e-06,
        3.4468540999996145e-06
    ],
    "Cphi1-C2JB": [
        0.6033069552899462,
        0.2896107979999713,
        0.15593860449997643,
        0.0893834735690372,
        0.05412254899000276,
        0.033803479389992994,
        0.02191488218999295,
        0.014514213431898633,
        0.00973921036700204,
        0.006607779584997966,
        0.004533170071999651,
        0.003164009112501225,
        0.0022388267298298933,
        0.0015812479225004899,
        0.001110295778400009,
        0.000789253138739897,
        0.0005678639482271625,
        0.0004052142075961001,
        0.00028775510776792485,
        0.00020602654441195982
    ],
    "Cphi1-C2psi4D2": [
        0.110477991680013,
        0.08964643974001275,
        0.07515105348099795,
        0.059967662034991244,
        0.049776611316006414,
        0.04000904099999992,
        0.032614353405002475,
        0.02635357561200166,
        0.0215489115380001,
        0.01718616028500073,
        0.01393378667099585,
        0.011179876867797625,
        0.008913086345999643,
        0.007153445924098898,
        0.005637939681199207,
        0.004576732306299395,
        0.0035615559945706998,
        0.0028201091880101026,
        0.0021838247921600346,
        0.0017321095373399483
    ],
    "CBW-CBW": [
        1.1073040000001595,
        0.28773200000006816,
        0.09685201999998513,
        0.038325729999989185,
        0.016934846000000645,
        0.008107094999997863,
        0.004127628999998586,
        0.002201839699999631,
        0.001220039999999743,
        0.0006973619000000782,
        0.00040994129999978417,
        0.0002462523699999751,
        0.00015047410999996085,
        9.323478999999711e-05,
        5.85117120000027e-05,
        3.7148152000011086e-05,
        2.376696900000814e-05,
        1.533121900000036e-05,
        9.930313000002496e-06,
        6.462469200002536e-06
    ],
    "CBW-C2psi4D2": [
        0.6116264173000983,
        0.48793151084989494,
        0.41064911920002894,
        0.34064899214991506,
        0.274199835210043,
        0.2253275976900091,
        0.180089416649986,
        0.14988111271802274,
        0.11856825572401183,
        0.09502909461000798,
        0.0758792932620105,
        0.06104970145300051,
        0.05007158280000821,
        0.039639930119996045,
        0.031140531853204027,
        0.024439944405594816,
        0.019536232098802522,
        0.015513208120002526,
        0.012096539279502026,
        0.009464116665600507
    ],
    "CBW-C2JB": [
        3.8970486522011774,
        1.8763314360006373,
        1.0069314460000023,
        0.5772953046001154,
        0.35309434109988386,
        0.22137840274503687,
        0.14243941640996505,
        0.09412550977499455,
        0.06320704320997914,
        0.04314139552398325,
        0.029650886185805164,
        0.020784687687004904,
        0.014492745455999883,
        0.010247442367802723,
        0.0072732113943973385,
        0.005160026283661572,
        0.003695398206360491,
        0.0026304266926790803,
        0.0018730777919996563,
        0.0013395261130194778
    ],
    "C2JB-C2JB": [
        8.204969999999962,
        7.168140000002012,
        6.082759999998889,
        5.082380000001036,
        4.202390000001887,
        3.461070999998866,
        2.8369739999990107,
        2.3177360000001093,
        1.8908520000000648,
        1.5357579999994961,
        1.2459870000005004,
        1.009976399999968,
        0.814752500000124,
        0.6558824000001485,
        0.5259941000001627,
        0.4199692000001087,
        0.33440610000010085,
        0.2652415000001007,
        0.20944660000001628,
        0.16474674999999
    ],