{
    "C3W2H4": [
        -10768.588808890772,
        -10037.541556526283,
        -5521.711110238283,
        -3158.5448719479423,
        -1787.7045220810235,
        -1114.012898929937,
        -743.2765501082037,
        -476.705346216506,
        -317.75696211394546,
        -208.61085106610568,
        -152.61487132895175,
        -111.10751839168677,
        -75.13710629643175,
        -56.09726217251091,
        -41.76661618401645,
        -48.02812273150472,
        -27.160046576194,
        -24.134475023754472,
        -23.79515682260943,
        -12.2401357429009
    ],
    "C3psi4D2": [
        773917.2753154119,
        1077594.7177675557,
        1007861.2967199875,
        884735.5327673308,
        777555.4905304307,
        707629.7585773056,
        615276.3418420445,
        558508.2402030868,
        485382.64930918795,
        404994.5342036868,
        381962.0692470318,
        334561.7358012364,
        308457.5773427563,
        267634.2572921526,
        239144.27627718422,
        342642.68722656794,
        261282.71922186474,
        292384.0603253566,
        448127.263796105,
        614190.7569426604
    ],
    "CBW": [
        -17347.830282655086,
        -15557.36343457015,
        -8755.782735805991,
        -4972.859156126824,
        -2781.4070882077426,
        -1827.7113012848645,
        -1116.2268463593796,
        -706.0952907642765,
        -507.7907856498397,
        -329.19289580065004,
        -238.35860915096725,
        -165.86116272250973,
        -120.64970108387351,
        -88.423209794445,
        -62.933705295962696,
        -75.00174553611576,
        -43.320760809123826,
        -37.44032471827333,
        -37.05926716192869,
        -18.86987869133992
    ],
    "CBW-CBW": [
        -13868.682763107367,
        -12440.69790447377,
        -6691.141277053841,
        -3940.636928354618,
        -2248.2437579957855,
        -1446.5430878101006,
        -909.7228296679272,
        -601.0408883450914,
        -399.17564233267984,
        -261.7524469009807,
        -191.17837959767832,
        -135.30256322555817,
        -98.71952511573166,
        -69.76988280826298,
        -52.097295271013884,
        -58.94628767210514,
        -34.12807644533196,
        -29.90034252795014,
        -29.815431719919022,
        -15.273723330767016
    ],
    "Cphi1": [
        -8094.926012594338,
        -7149.958856966254,
        -3921.6607424995186,
        -2255.825744446856,
        -1279.9269520475773,
        -815.8556527124944,
        -528.5138165062559,
        -337.01018052832717,
        -226.33615772169674,
        -146.47053226671082,
        -110.1492813571242,
        -77.18795375326366,
        -54.6928316117891,
        -39.63854534817655,
        -29.83373174362356,
        -33.51942431940123,
        -19.46457941363977,
        -16.88438910972104,
        -16.962612643897447,
        -8.652359123251733
    ],
    "Cphi1-CBW": [
        9643.361053478446,
        8631.909541322251,
        4902.418342336937,
        2780.196784039815,
        1564.3818468613642,
        983.1957327358292,
        644.989953933608,
        420.79388521262354,
        294.56124234384515,
        185.98737115783527,
        132.37706766039716,
        96.29129590261664,
        71.73392451419431,
        49.66721956041043,
        36.73134225512277,
        43.00592612052411,
        24.0164337137372,
        20.76570944081638,
        21.189488606571885,
        11.033916791385204
    ],
    "Cphi1-Cphi1": [
        5850.077722059487,
        5401.288594171713,
        2931.28587875087,
        1739.715983509227,
        975.5078634496781,
        615.2408431558378,
        394.33223778348645,
        257.85809976771606,
        176.87747676208164,
        114.93856663639166,
        84.40020184068855,
        58.43422660521751,
        43.237528761670056,
        30.45172147138578,
        23.144959603259423,
        26.21365679032073,
        14.866785019414664,
        12.71758217545909,
        13.265642116195467,
        6.705710369571614
    ],
    "Cphi1-Delta4F": [
        800154.26665179,
        895130.6460959272,
        636273.8362263807,
        466898.44348345225,
        330158.7989423967,
        251579.2879028883,
        188394.36832842656,
        143826.29456879795,
        113581.47933097181,
        86053.74078699083,
        68837.2707977575,
        53980.03134656325,
        45533.59654944729,
        35891.23648748982,
        29258.973556397275,
        37340.378699514586,
        24642.45836542531,
        24366.395757431954,
        29856.670504494137,
        24691.372068802426
    ],
    "Delta4F": [
        -569364.6431177191,
        -628091.3358943346,
        -446295.8254929223,
        -328269.47008874983,
        -236224.0782319444,
        -174953.23867644195,
        -125837.32813231334,
        -99846.53742998114,
        -76284.87381988674,
        -58065.26138166051,
        -49195.966021435575,
        -37303.502674677504,
        -31220.54956645825,
        -25507.53147396538,
        -19853.2411516734,
        -26166.007122117146,
        -17220.142769729453,
        -16967.604927855096,
        -21131.371423217184,
        -16609.669317565287
    ],
    "Delta4F-CBW": [
        1689956.6380787701,
        1969819.931089076,
        1389797.6878914952,
        1014953.9947434048,
        728043.0436866343,
        548516.6374089804,
        406817.6661580435,
        330282.05951205,
        240449.7359813487,
        186206.7687305309,
        151055.0045812148,
        120744.54719628747,
        100080.41279082993,
        76943.85322126943,
        63407.6360863992,
        81758.31873499858,
        54711.24690425588,
        53472.42965698914,
        66792.56641759428,
        53728.79294320501
    ],
    "Delta4F-Delta4F": [
        17449189.556604367,
        24914918.05473235,
        23695400.173963316,
        20894030.421729483,
        17634017.013125602,
        16464883.823808359,
        13901486.171657834,
        12239126.670224981,
        10981264.745745772,
        9299111.144404182,
        8722862.689813472,
        7519442.9269624315,
        7036330.970496373,
        6103258.461495973,
        5525966.268803786,
        7745240.676807171,
        5663459.147898219,
        6365502.942185037,
        10190037.334636206,
        13660669.225980427
    ]
}