{
    "data": [
        6699.0,
        5488.0,
        2923.0,
        1638.0,
        982.0,
        566.0,
        365.0,
        235.0,
        181.0,
        110.0,
        78.0,
        52.0,
        48.0,
        29.0,
        27.0,
        24.0,
        14.0,
        12.0,
        12.0,
        11.0
    ],
    "background": [
        6844.5,
        5569.6,
        3050.7,
        1718.16,
        989.99,
        604.9100000000001,
        395.67,
        249.89,
        167.118,
        114.0,
        80.767,
        55.694,
        40.777,
        29.039,
        21.0473,
        24.2328,
        14.2119,
        11.742199999999999,
        11.91886,
        6.13598452471
    ],
    "signal": [
        5521.842414983099,
        4897.010296411909,
        2731.7538608358727,
        1550.8183414592258,
        910.690241035072,
        561.4661552827267,
        363.65558662881534,
        234.34759531408884,
        158.14642528696282,
        108.38386160382781,
        76.51644263539606,
        54.197459437121445,
        38.95152094908296,
        28.569752485006344,
        20.668095775214127,
        23.90372402003296,
        14.049737762017088,
        11.63185617235262,
        11.847008479341072,
        6.125804177121971
    ],
    "sigma": [
        667.0059023726852,
        352.055813898876,
        254.64142514524224,
        148.83133138220595,
        84.86084200030069,
        47.684254644484064,
        44.58084281392625,
        28.292548365249814,
        20.122396899971932,
        15.807756134252578,
        9.801212611202757,
        6.776981632703456,
        6.5017693353424955,
        4.201947197431211,
        2.6735186290729303,
        3.272119765534263,
        1.78561602762184,
        1.2518203346726717,
        0.8359659143768962,
        0.36201721037699236
    ],
    "bins": [
        440,
        520,
        600,
        680,
        760,
        840,
        920,
        1000,
        1080,
        1160,
        1240,
        1320,
        1400,
        1480,
        1560,
        1640,
        1760,
        1880,
        2040,
        2400,
        7000
    ]
}