{
    "data": [
        3021.8784751688518,
        167.90217781177776,
        30.74107037716007,
        8.644063444762327,
        3.0452647877943906,
        1.1925654538419188,
        0.5375367912294233,
        0.25498193805250924,
        0.1357485031209453,
        0.06913199194879582,
        0.03703156107229986,
        0.021016030162999497,
        0.012197456635199801,
        0.007355233722350124,
        0.005173507388750089,
        0.002815947759400035,
        0.0034963705599502545
    ],
    "SM": [
        3021.8784751688518,
        167.90217781177776,
        30.74107037716007,
        8.644063444762327,
        3.0452647877943906,
        1.1925654538419188,
        0.5375367912294233,
        0.25498193805250924,
        0.1357485031209453,
        0.06913199194879582,
        0.03703156107229986,
        0.021016030162999497,
        0.012197456635199801,
        0.007355233722350124,
        0.005173507388750089,
        0.002815947759400035,
        0.0034963705599502545
    ],
    "bin-edges": [
        200, 
        400, 
        600, 
        800, 
        1000, 
        1200, 
        1400, 
        1600, 
        1800, 
        2000, 
        2200, 
        2400, 
        2600, 
        2800, 
        3000, 
        3250, 
        3500, 
        1000000000
    ]
}