{
    "data": [
        2615.592346282102,
        406.2861288869985,
        120.86696140304389,
        47.035216408715996,
        20.428041209263718,
        10.313029167896135,
        5.533728479349008,
        3.11033496541295,
        1.8698349338506037,
        1.175429853943699,
        0.7205178924031768,
        0.4720475614387375,
        0.32017153530800474,
        0.2173652559214083,
        0.1505122612623021,
        0.10446967679019938,
        0.08204388715999991,
        0.05370461596094962,
        0.06913199194879582,
        0.03703156107229986,
        0.021016030162999497,
        0.012197456635199801,
        0.007355233722350124,
        0.007989455148150153,
        0.0034963705599502545
    ],
    "SM": [
        2615.592346282102,
        406.2861288869985,
        120.86696140304389,
        47.035216408715996,
        20.428041209263718,
        10.313029167896135,
        5.533728479349008,
        3.11033496541295,
        1.8698349338506037,
        1.175429853943699,
        0.7205178924031768,
        0.4720475614387375,
        0.32017153530800474,
        0.2173652559214083,
        0.1505122612623021,
        0.10446967679019938,
        0.08204388715999991,
        0.05370461596094962,
        0.06913199194879582,
        0.03703156107229986,
        0.021016030162999497,
        0.012197456635199801,
        0.007355233722350124,
        0.007989455148150153,
        0.0034963705599502545
    ],
    "bin-edges": [
       200, 
       300, 
       400, 
       500, 
       600, 
       700, 
       800, 
       900, 
       1000, 
       1100, 
       1200, 
       1300, 
       1400, 
       1500, 
       1600, 
       1700, 
       1800,
       1900, 
       2000, 
       2200, 
       2400, 
       2600, 
       2800, 
       3000, 
       3500, 
       1000000000
    ]
}