{
    "data": [
        68.03434458338201,
        10.250422270406148,
        8.647634629342889,
        3.0075173372313806,
        1.19257138000137,
        0.538459258022613,
        0.2528619025999994,
        0.12766059621316234,
        0.08186269816744852,
        0.03815641672552023,
        0.018731220233535028,
        0.00989638304822995,
        0.0050051078727850855,
        0.0027211086997800745,
        0.003505730125900371
    ],
    "SM": [
        68.03434458338201,
        10.250422270406148,
        8.647634629342889,
        3.0075173372313806,
        1.19257138000137,
        0.538459258022613,
        0.2528619025999994,
        0.12766059621316234,
        0.08186269816744852,
        0.03815641672552023,
        0.018731220233535028,
        0.00989638304822995,
        0.0050051078727850855,
        0.0027211086997800745,
        0.003505730125900371
    ],
    "bin-edges": [
       500, 
       700, 
       800, 
       1000, 
       1200, 
       1400, 
       1600, 
       1800, 
       2000, 
       2250, 
       2500, 
       2750, 
       3000, 
       3250, 
       3500, 
       1000000000
    ]
}