{
    "Cphi1": [
        -195.55324961557582,
        -14.838940833614434,
        -2.6982163185283836,
        -0.743745409399895,
        -0.26635976945740947,
        -0.10224561755547851,
        -0.046786667174751016,
        -0.02265420911877015,
        -0.011492157261830305,
        -0.005932874576200315,
        -0.00326045863678006,
        -0.0017912404877900101,
        -0.0010709784001200115,
        -0.0006332727684700137,
        -0.0004524494716000173,
        -0.0002493134008100053,
        -0.000303534804150022
    ],
    "Delta4F": [
        -4337.6180019840995,
        -943.8501993942469,
        -357.5226589957251,
        -164.71474254046672,
        -86.04250653519784,
        -47.16784872022648,
        -28.177145790599436,
        -16.717344042874668,
        -10.47119204657515,
        -6.894050156125212,
        -4.543839136299956,
        -2.896048325800042,
        -1.939366687175002,
        -1.3052016907000104,
        -1.0782980993500113,
        -0.7053217005500115,
        -1.142676841700062
    ],
    "CBW": [
        -427.619731984858,
        -31.916303022581,
        -5.863499364631493,
        -1.6377672905654783,
        -0.5775100331925795,
        -0.2280137081038736,
        -0.100969503387118,
        -0.04921284807041389,
        -0.025155068282304235,
        -0.013367293101444322,
        -0.0069984922248851385,
        -0.003934073639175104,
        -0.0023078835816150362,
        -0.0014241370499549536,
        -0.0009975915799749619,
        -0.0005348123910150046,
        -0.0006646195589050492
    ],
    "Cphi1-Cphi1": [
        9.08091341435767,
        0.6748112759215332,
        0.12506006463875113,
        0.03455693820230214,
        0.012205070468178477,
        0.004806672020389554,
        0.0021271591519336766,
        0.0010545751148831367,
        0.0005420601211571599,
        0.00027221928536321085,
        0.0001453757523291982,
        8.395704722364943e-05,
        4.9203108473549475e-05,
        2.9043899715149435e-05,
        2.1309292128249934e-05,
        1.1515329737900339e-05,
        1.3976741479500676e-05
    ],
    "Cphi1-CBW": [
        19.749010499894244,
        1.1150862059160014,
        0.20051822721064164,
        0.0556533668843459,
        0.019915633862912396,
        0.007762706585420975,
        0.0034542627887631534,
        0.0016999801159580511,
        0.0008818210887939673,
        0.0004443288252279765,
        0.0002401957425990048,
        0.00013520614070700512,
        8.20795235450029e-05,
        4.7167751614999674e-05,
        3.347419363399959e-05,
        1.8486701927999603e-05,
        2.2898092505997264e-05
    ],
    "Cphi1-Delta4F": [
        391.39887210101705,
        81.06683741971466,
        30.790615589351155,
        14.357799581437044,
        7.417468617644656,
        4.098649774909168,
        2.4290139357279967,
        1.4233355116239936,
        0.9272494803210133,
        0.5881228491910209,
        0.3872392505780015,
        0.2546598344080058,
        0.17035889137400312,
        0.1136488715049992,
        0.09451322660699657,
        0.05839373585999896,
        0.10009545765700731
    ],
    "Delta4F-Delta4F": [
        3147.5452295684645,
        1850.9560255989506,
        1274.2532406025107,
        946.719551801499,
        709.2868687969991,
        533.4532700895206,
        416.9128622045003,
        317.89052518549875,
        237.8985941379973,
        185.77612025049586,
        141.86538048349902,
        110.29751015300036,
        84.91014302649835,
        64.01494671549978,
        61.84750277149935,
        43.37672987949966,
        102.22956379450449
    ],
    "Delta4F-CBW": [
        753.1394834968253,
        175.38976541719188,
        67.2088969947454,
        31.29120195291608,
        16.223613672580434,
        8.911506739750324,
        5.2642348935901,
        3.168547394370078,
        2.01486088061501,
        1.2823103138150191,
        0.8526664078950019,
        0.5620233015199897,
        0.36830072046999734,
        0.24962359560500705,
        0.20105697497000535,
        0.13014912004500098,
        0.21801159531001818
    ],
    "CBW-CBW": [
        -27.97312851631563,
        -1.5567758185688996,
        -0.2859012762271879,
        -0.07948851789796271,
        -0.028108009385694455,
        -0.011079884497138955,
        -0.0048898000685006875,
        -0.0023962913478239264,
        -0.0012197816333219882,
        -0.0006426140982229803,
        -0.00034960183547700003,
        -0.00018990866626999715,
        -0.00011589857762499846,
        -6.624274189199919e-05,
        -4.823272636599869e-05,
        -2.640003019999966e-05,
        -3.2473912838000907e-05
    ],
    "C3W2H4": [
        -33.632421889765624,
        -1.2376931066097299,
        -0.22540883213813653,
        -0.06368641048950754,
        -0.02233197023957831,
        -0.008819522358053583,
        -0.003908536041419431,
        -0.0018730944966021009,
        -0.0009889816882340235,
        -0.0005050503222430262,
        -0.00027582879860749566,
        -0.0001528897800429952,
        -9.016662123549765e-05,
        -5.45641919380014e-05,
        -3.715086255600112e-05,
        -2.0915336314499848e-05,
        -2.6062689720999466e-05
    ],
    "C3psi4D2": [
        123.73129858889078,
        78.80124495330783,
        56.240077470902506,
        41.23657997210212,
        30.960275351400984,
        23.734503791100263,
        18.331508969900476,
        13.74469768320031,
        10.66170803680021,
        8.089660560000343,
        6.308419209199982,
        4.992728751500045,
        3.685469370600029,
        2.8527286328999932,
        2.700595129999962,
        1.9356362233999558,
        4.551006385499722
    ]
}