{
    "SM": [
        83.0363615275492,
        15.113109394957803,
        4.041701949411257,
        1.2982441016659283,
        0.709739777770315,
        0.17376578000590825,
        0.009317213116800865,
        0.004015564002599662
    ],
    "Cphi1": [
        -7.194847050960297,
        -1.309516554050013,
        -0.35020247465215987,
        -0.11249593265000354,
        -0.06149012416210413,
        -0.015056504549025131,
        -0.0008073012287001021,
        -0.0003479345687750473
    ],
    "Delta4F": [
        -733.5359776830402,
        -265.6507226265616,
        -116.10856755493332,
        -57.31204363416057,
        -47.246047797221536,
        -20.855781713264967,
        -2.1049825026800644,
        -1.3544434553400186
    ],
    "CBW": [
        -15.772187668726188,
        -2.870678893294761,
        -0.7677020781815693,
        -0.24659487309659003,
        -0.13481326935772892,
        -0.03300090326451314,
        -0.0017697258915798455,
        -0.000762721728435049
    ],
    "Cphi1-Cphi1": [
        0.33375667878425214,
        0.06074666276413653,
        0.01624542814547453,
        0.0052182639246298925,
        0.0028528052318305993,
        0.0006984337857542761,
        3.744885864180047e-05,
        1.6140238098850536e-05
    ],
    "Cphi1-CBW": [
        0.5409367904967466,
        0.09845295715622461,
        0.026329804048248393,
        0.00845756506168457,
        0.00462365922557019,
        0.0011319889575875158,
        6.069739479000327e-05,
        2.6159251567498656e-05
    ],
    "Cphi1-Delta4F": [
        63.62324696663491,
        23.02353576785981,
        10.05643882016259,
        4.964193794133815,
        4.092259355623309,
        1.8065925252541968,
        0.18246404466298521,
        0.1177760807510004
    ],
    "Delta4F-Delta4F": [
        2074.6307581040537,
        1422.9054896000391,
        994.9810599504,
        706.115358617427,
        878.0818687364186,
        692.9058026549529,
        121.62086030349487,
        121.77055545001608
    ],
    "Delta4F-CBW": [
        137.1898269402683,
        50.395969508044196,
        21.990992982250162,
        10.87265957606405,
        8.963765065409328,
        3.954237781210434,
        0.39869060124999434,
        0.25805330727997194
    ],
    "CBW-CBW": [
        -0.766396481581304,
        -0.13949109691575967,
        -0.03730442278568707,
        -0.011982729646979055,
        -0.006550979250419045,
        -0.0016038377895148765,
        -8.59970327400077e-05,
        -3.70628127049972e-05
    ],
    "C3psi4D2": [
        89.22933208830838,
        62.65464028420039,
        44.05626475710029,
        31.412642101502286,
        39.01292322010189,
        30.71695972560028,
        5.388532393199727,
        5.439766219899166
    ],
    "C3W2H4": [
        -0.6103584459367034,
        -0.11109128134501702,
        -0.029708266636319824,
        -0.009542733109453283,
        -0.0052170644364786765,
        -0.001277258314105639,
        -6.848473772599609e-05,
        -2.951598206949982e-05
    ]
}