{
    "SM": [
        68.03434458338201,
        10.250422270406148,
        8.647634629342889,
        3.0075173372313806,
        1.19257138000137,
        0.538459258022613,
        0.2528619025999994,
        0.12766059621316234,
        0.08186269816744852,
        0.03815641672552023,
        0.018731220233535028,
        0.00989638304822995,
        0.0050051078727850855,
        0.0027211086997800745,
        0.003505730125900371
    ],
    "Cphi1": [
        -5.897570130968804,
        -0.8776020866123394,
        -0.7411384756786709,
        -0.26451449362099355,
        -0.10285349952822938,
        -0.04656392176461149,
        -0.02199918059156272,
        -0.01139036002201236,
        -0.007000001499041253,
        -0.0033152126626444845,
        -0.0016624233117764613,
        -0.0008369294649944763,
        -0.000445686715437984,
        -0.00023575022387750086,
        -0.00030268388130249766
    ],
    "Delta4F": [
        -566.3742229588657,
        -142.35842595787977,
        -162.10005809770757,
        -86.4771372760426,
        -47.17438760681445,
        -27.48956591559499,
        -17.161181415554086,
        -10.925105187009763,
        -8.11709383430958,
        -4.713354631139948,
        -2.9083659284299928,
        -1.771158149329998,
        -1.0949034369250008,
        -0.6802213079850078,
        -1.1332183954600443
    ],
    "CBW": [
        -12.98770831082661,
        -1.9023620047297145,
        -1.6446361552763114,
        -0.5781272303419153,
        -0.22568313334437462,
        -0.10318524940867402,
        -0.04830981754760221,
        -0.024822264110205654,
        -0.015306701160671097,
        -0.007291334837299913,
        -0.0035613162117374376,
        -0.001811593255710007,
        -0.0009636362975300175,
        -0.0005254108848000027,
        -0.0006679370521900283
    ],
    "Cphi1-Cphi1": [
        0.27526947560560133,
        0.04035843502528704,
        0.034758668292837996,
        0.012309463928648975,
        0.004843147664050374,
        0.0021965901389376322,
        0.0010243138779733982,
        0.0005227007724456505,
        0.000319432676028121,
        0.00015650906778007315,
        7.591884081647356e-05,
        3.869280017989991e-05,
        2.07132794716247e-05,
        1.1210872307874899e-05,
        1.4019897298674547e-05
    ],
    "Cphi1-CBW": [
        0.4418057095545539,
        0.06631436133806819,
        0.05627421922414569,
        0.019684921009444654,
        0.007820823278516796,
        0.0034733765417985754,
        0.0016705320590720617,
        0.0008250140703826785,
        0.0005260514204211736,
        0.0002477735662825071,
        0.0001234323876638033,
        6.38618387245994e-05,
        3.322487923339988e-05,
        1.8132648587999966e-05,
        2.2672007173599133e-05
    ],
    "Cphi1-Delta4F": [
        48.88063114757981,
        12.307614000259614,
        13.952865474648881,
        7.367301482442548,
        4.11968165631868,
        2.385796020467756,
        1.513875505745784,
        0.9274544332342448,
        0.7023295952086133,
        0.40885053291145257,
        0.25015399873409605,
        0.15162204540000038,
        0.09549191202070151,
        0.05881139905609821,
        0.09900286581735654
    ],
    "Delta4F-Delta4F": [
        1558.405872287461,
        590.0506557005216,
        938.8238116605054,
        703.3020263559757,
        534.7428561539961,
        399.66720133149147,
        312.03302973550547,
        241.13646457400634,
        223.61664162451083,
        162.3604390475028,
        117.25694903900315,
        82.09862101350043,
        61.08283648000093,
        43.22272709649877,
        103.57939764149037
    ],
    "Delta4F-CBW": [
        105.77639252848931,
        26.80355415515335,
        30.871033975325037,
        16.321133644557346,
        8.811846178998659,
        5.234388218504978,
        3.2566787148799796,
        2.035815229537987,
        1.5550232576089726,
        0.9111820144859821,
        0.5400309766449893,
        0.33554426311399516,
        0.20511937561299728,
        0.1286915718020029,
        0.21872845198100982
    ],
    "CBW-CBW": [
        -0.6310407951291638,
        -0.09481921477596524,
        -0.07930512996239247,
        -0.02821501591392732,
        -0.011043048544179061,
        -0.00494856976866619,
        -0.002339222744015875,
        -0.0011716582719934975,
        -0.0007439397830609531,
        -0.0003490070163737047,
        -0.00017148081106820417,
        -9.000155782629982e-05,
        -4.681290301054897e-05,
        -2.5796810325399383e-05,
        -3.2200387282247216e-05
    ],
    "C3W2H4": [
        -0.5060070948447289,
        -0.07394145560379697,
        -0.06393958697581503,
        -0.022087249452745438,
        -0.00876957590014118,
        -0.003924258180934107,
        -0.0018735302660170092,
        -0.0009610256360970045,
        -0.0005813997856080901,
        -0.0002789251544716057,
        -0.00013921062022170333,
        -7.119971425740045e-05,
        -3.7451455634600813e-05,
        -2.0617277008700137e-05,
        -2.5650741261699168e-05
    ],
    "C3psi4D2": [
        66.60360211488383,
        25.39768533653511,
        41.6635340338022,
        31.322495259205986,
        23.59210982061037,
        17.78959970657959,
        13.933231976364786,
        10.381443037420208,
        9.942304174380299,
        7.344654132235128,
        5.136266785950111,
        3.7146706875750803,
        2.6958723559050615,
        1.9276852934200246,
        4.5773769493053145
    ]
}