{
    "SM": [
        83.0363615275492,
        15.113109394957803,
        4.041701949411257,
        1.2982441016659283,
        0.49939366162194354,
        0.21034611614839588,
        0.09576057909099175,
        0.04472517798210099,
        0.021546563578200274,
        0.011733459354599905,
        0.006052402715699887,
        0.003264810401099951,
        0.004015564002599662
    ],
    "Cphi1": [
        -7.194847050960297,
        -1.309516554050013,
        -0.35020247465215987,
        -0.11249593265000354,
        -0.04327130355995188,
        -0.018218820602149802,
        -0.008297501088224465,
        -0.0038753607817998375,
        -0.001866968175125007,
        -0.0010166745038750111,
        -0.0005244177091000291,
        -0.0002828835195999981,
        -0.0003479345687750473
    ],
    "Delta4F": [
        -733.5359776830402,
        -265.6507226265616,
        -116.10856755493332,
        -57.31204363416057,
        -30.42936766460596,
        -16.81668013262004,
        -9.784431877539737,
        -5.685652143029866,
        -3.3432117150799385,
        -2.042485977614972,
        -1.3097898028999588,
        -0.7951926997799937,
        -1.3544434553400186
    ],
    "CBW": [
        -15.772187668726188,
        -2.870678893294761,
        -0.7677020781815693,
        -0.24659487309659003,
        -0.09485894794434185,
        -0.039954321413389816,
        -0.018184583319424203,
        -0.008495100996809763,
        -0.0040925582849450255,
        -0.0022286606633349793,
        -0.001149602786269955,
        -0.0006201231053100005,
        -0.000762721728435049
    ],
    "Cphi1-Cphi1": [
        0.33375667878425214,
        0.06074666276413653,
        0.01624542814547453,
        0.0052182639246298925,
        0.002007322658192579,
        0.0008454825736378959,
        0.0003849003370237501,
        0.0001797683366356001,
        8.660404564994982e-05,
        4.716106644484884e-05,
        2.4326519660198276e-05,
        1.312233898160024e-05,
        1.6140238098850536e-05
    ],
    "Cphi1-CBW": [
        0.5409367904967466,
        0.09845295715622461,
        0.026329804048248393,
        0.00845756506168457,
        0.0032533489319951036,
        0.0013703102935749751,
        0.0006238272069724613,
        0.00029135999239500774,
        0.00014036426114249912,
        7.643749707750009e-05,
        3.942866116500057e-05,
        2.1268733624999332e-05,
        2.6159251567498656e-05
    ],
    "Cphi1-Delta4F": [
        63.62324696663491,
        23.02353576785981,
        10.05643882016259,
        4.964193794133815,
        2.6357039956491137,
        1.4565553599739267,
        0.8474170156079419,
        0.49274779100897953,
        0.2896326672690021,
        0.17679505136800414,
        0.1134638530360027,
        0.06900019162700183,
        0.1177760807510004
    ],
    "Delta4F-Delta4F": [
        2074.6307581040537,
        1422.9054896000391,
        994.9810599504,
        706.115358617427,
        510.2577241694501,
        367.82414456700565,
        271.4701078045095,
        190.01421934600012,
        135.23265070249602,
        96.18882480199846,
        70.92767383049761,
        50.69318647299882,
        121.77055545001608
    ],
    "Delta4F-CBW": [
        137.1898269402683,
        50.395969508044196,
        21.990992982250162,
        10.87265957606405,
        5.770099265499469,
        3.193665799909941,
        1.8456870132999277,
        1.0800929434700008,
        0.6372223295350098,
        0.3912354949049956,
        0.24932942865499563,
        0.14936117259499743,
        0.25805330727997194
    ],
    "CBW-CBW": [
        -0.766396481581304,
        -0.13949109691575967,
        -0.03730442278568707,
        -0.011982729646979055,
        -0.004609472641129641,
        -0.0019415066092899847,
        -0.0008838587508149589,
        -0.00041280812954001546,
        -0.0001988723127149994,
        -0.00010829859644500286,
        -5.5863154880003906e-05,
        -3.0133877860000073e-05,
        -3.70628127049972e-05
    ],
    "C3psi4D2": [
        89.22933208830838,
        62.65464028420039,
        44.05626475710029,
        31.412642101502286,
        22.65941265900087,
        16.353510561099803,
        11.998265229900246,
        8.441322516000096,
        5.992543948299977,
        4.2848280313998535,
        3.1491930281998295,
        2.2393393649999274,
        5.439766219899166
    ],
    "C3W2H4": [
        -0.6103584459367034,
        -0.11109128134501702,
        -0.029708266636319824,
        -0.009542733109453283,
        -0.0036708897214350325,
        -0.0015461747150430224,
        -0.0007038849388425423,
        -0.0003287506843869882,
        -0.00015837690255649908,
        -8.62457883194997e-05,
        -4.4487241628998774e-05,
        -2.3997496097000754e-05,
        -2.951598206949982e-05
    ]
}