{
    "Cphi1": [
        -0.3951338636103144,
        -0.05218759191712783,
        -0.007000001499041253,
        -0.0033152126626444845,
        -0.0016624233117764613,
        -0.0008369294649944763,
        -0.000445686715437984,
        -0.00023575022387750086,
        -0.00030268388130249766
    ],
    "Delta4F": [
        -148.89029636375173,
        -40.33708103728093,
        -8.11709383430958,
        -4.713354631139948,
        -2.9083659284299928,
        -1.771158149329998,
        -1.0949034369250008,
        -0.6802213079850078,
        -1.1332183954600443
    ],
    "CBW": [
        -0.864983036725934,
        -0.11514465802681596,
        -0.015306701160671097,
        -0.007291334837299913,
        -0.0035613162117374376,
        -0.001811593255710007,
        -0.0009636362975300175,
        -0.0005254108848000027,
        -0.0006679370521900283
    ],
    "Cphi1-Cphi1": [
        0.018494650544517967,
        0.002401565837538079,
        0.000319432676028121,
        0.00015650906778007315,
        7.591884081647356e-05,
        3.869280017989991e-05,
        2.07132794716247e-05,
        1.1210872307874899e-05,
        1.4019897298674547e-05
    ],
    "Cphi1-CBW": [
        0.029561210665480144,
        0.003913456293733516,
        0.0005260514204211736,
        0.0002477735662825071,
        0.0001234323876638033,
        6.38618387245994e-05,
        3.322487923339988e-05,
        1.8132648587999966e-05,
        2.2672007173599133e-05
    ],
    "Cphi1-Delta4F": [
        12.833093690058327,
        3.4810154081514812,
        0.7023295952086133,
        0.40885053291145257,
        0.25015399873409605,
        0.15162204540000038,
        0.09549191202070151,
        0.05881139905609821,
        0.09900286581735654
    ],
    "Delta4F-Delta4F": [
        1453.4133456978136,
        737.4682324529573,
        223.61664162451083,
        162.3604390475028,
        117.25694903900315,
        82.09862101350043,
        61.08283648000093,
        43.22272709649877,
        103.57939764149037
    ],
    "Delta4F-CBW": [
        28.156892353004277,
        7.502969633474393,
        1.5550232576089726,
        0.9111820144859821,
        0.5400309766449893,
        0.33554426311399516,
        0.20511937561299728,
        0.1286915718020029,
        0.21872845198100982
    ],
    "CBW-CBW": [
        -0.042208765909833024,
        -0.005508749332949579,
        -0.0007439397830609531,
        -0.0003490070163737047,
        -0.00017148081106820417,
        -9.000155782629982e-05,
        -4.681290301054897e-05,
        -2.5796810325399383e-05,
        -3.2200387282247216e-05
    ],
    "C3W2H4": [
        -0.03319884757843301,
        -0.004416791857504533,
        -0.0005813997856080901,
        -0.0002789251544716057,
        -0.00013921062022170333,
        -7.119971425740045e-05,
        -3.7451455634600813e-05,
        -2.0617277008700137e-05,
        -2.5650741261699168e-05
    ],
    "C3psi4D2": [
        64.4724368636407,
        32.54644293653824,
        9.942304174380299,
        7.344654132235128,
        5.136266785950111,
        3.7146706875750803,
        2.6958723559050615,
        1.9276852934200246,
        4.5773769493053145
    ]
}