{
    "Cphi1": [
        -160.9439833048654,
        -34.60926631070578,
        -10.768792688149281,
        -4.070148145464569,
        -1.78714468008302,
        -0.9110716384453698,
        -0.47277402978710836,
        -0.2709713796127847,
        -0.1648905535387037,
        -0.10146921591871118,
        -0.06180602300535272,
        -0.04043959455013183,
        -0.02834858663817023,
        -0.018438080536580283,
        -0.013103569331940434,
        -0.009550639786830111,
        -0.006632175603090033,
        -0.004859981658740102,
        -0.005932874576200315,
        -0.00326045863678006,
        -0.0017912404877900101,
        -0.0010709784001200115,
        -0.0006332727684700137,
        -0.0007017628724100395,
        -0.000303534804150022
    ],
    "Delta4F": [
        -3150.2909561651886,
        -1187.32704581882,
        -598.8309704212728,
        -345.01922897290893,
        -216.64601614499426,
        -140.87664285074575,
        -96.79105372075054,
        -67.92368881972617,
        -49.504262115974804,
        -36.538244419225,
        -26.47015857259978,
        -20.697690147624442,
        -16.03805901422486,
        -12.139086776374826,
        -9.567828564874922,
        -7.149515478000011,
        -5.866519051600057,
        -4.604672994974956,
        -6.894050156125212,
        -4.543839136299956,
        -2.896048325800042,
        -1.939366687175002,
        -1.3052016907000104,
        -1.7836197998999492,
        -1.142676841700062
    ],
    "CBW": [
        -351.1986509571334,
        -76.42108102773545,
        -22.893479999373383,
        -9.022823023207623,
        -3.924594457486704,
        -1.9389049071445852,
        -1.0473771182576186,
        -0.5903901723077918,
        -0.3651528604491256,
        -0.21235717274344246,
        -0.13830516306969529,
        -0.08970854503418606,
        -0.060677895359779056,
        -0.040291608027339186,
        -0.02888539708035449,
        -0.02032745099005978,
        -0.014577675622875007,
        -0.010577392659430111,
        -0.013367293101444322,
        -0.0069984922248851385,
        -0.003934073639175104,
        -0.0023078835816150362,
        -0.0014241370499549536,
        -0.0015324039709899682,
        -0.0006646195589050492
    ],
    "Cphi1-Cphi1": [
        7.4816172390232385,
        1.5992961753349462,
        0.4879386761815062,
        0.18687259974010587,
        0.08353716644284778,
        0.0415228981959059,
        0.021958255067796653,
        0.012598683134507162,
        0.007557837988060059,
        0.00464723248011879,
        0.0028619332955394042,
        0.0019447387248501516,
        0.0012732770095448917,
        0.0008538821423888862,
        0.0006101464567587628,
        0.0004444286581243473,
        0.0003275042224581474,
        0.00021455589869900064,
        0.00027221928536321085,
        0.0001453757523291982,
        8.395704722364943e-05,
        4.9203108473549475e-05,
        2.9043899715149435e-05,
        3.28246218661511e-05,
        1.3976741479500676e-05
    ],
    "Cphi1-CBW": [
        17.114156369484352,
        2.6348541304106043,
        0.807854967936986,
        0.3072312379790566,
        0.133780797947051,
        0.06673742926359309,
        0.03536978953779699,
        0.020283577346547784,
        0.012378995034587718,
        0.007536638828323968,
        0.004760873528550181,
        0.003001833056871043,
        0.002092209630701014,
        0.0013620531580620277,
        0.0010056049827069926,
        0.0006943751332509911,
        0.000510500037451998,
        0.00037132105134200127,
        0.0004443288252279765,
        0.0002401957425990048,
        0.00013520614070700512,
        8.20795235450029e-05,
        4.7167751614999674e-05,
        5.196089556199885e-05,
        2.2898092505997264e-05
    ],
    "Cphi1-Delta4F": [
        290.1044361146254,
        101.29443598643336,
        51.26258232822919,
        29.8042550914867,
        18.709425164000518,
        12.081190425351455,
        8.380712356697744,
        5.977087224739945,
        4.290340339563856,
        3.1271282780810092,
        2.345348077281952,
        1.7533016976269655,
        1.367549663369997,
        1.0614642723579906,
        0.7952827409599923,
        0.6280527706639937,
        0.5216384202389932,
        0.4056110600819965,
        0.5881228491910209,
        0.3872392505780015,
        0.2546598344080058,
        0.17035889137400312,
        0.1136488715049992,
        0.15290696246699365,
        0.10009545765700731
    ],
    "Delta4F-Delta4F": [
        1862.67637773099,
        1284.8688518374272,
        1021.2014612940222,
        829.7545643049893,
        687.2200213000035,
        587.033219302505,
        510.45449141350167,
        436.26506038799647,
        376.05829237949274,
        333.22857641749357,
        285.89966961350177,
        247.55360047599743,
        223.0723046125006,
        193.84055759199978,
        169.98136314600026,
        147.90916203950084,
        128.70556650650113,
        109.19302763150118,
        185.77612025049586,
        141.86538048349902,
        110.29751015300036,
        84.91014302649835,
        64.01494671549978,
        105.224232650998,
        102.22956379450449
    ],
    "Delta4F-CBW": [
        526.8584919075506,
        226.28099158927765,
        111.62655135957797,
        63.76321405761281,
        40.5938939860061,
        26.615003008740832,
        18.164778766230405,
        13.126423186684708,
        9.281386113289557,
        6.942227559289992,
        4.967899251580015,
        3.9436074881699534,
        2.946891384239952,
        2.3173435093499775,
        1.761185619054953,
        1.4073617753149712,
        1.1222633300149876,
        0.8925975506000077,
        1.2823103138150191,
        0.8526664078950019,
        0.5620233015199897,
        0.36830072046999734,
        0.24962359560500705,
        0.331206095015014,
        0.21801159531001818
    ],
    "CBW-CBW": [
        -24.27644012903785,
        -3.696688387278258,
        -1.1281224041332447,
        -0.4286534144356461,
        -0.19187439353637067,
        -0.09402688269081699,
        -0.05079123100504484,
        -0.028697286892916726,
        -0.017431987741985646,
        -0.01067602164370703,
        -0.006581581425085042,
        -0.004498303072053913,
        -0.002905234130679025,
        -0.001984565937821999,
        -0.0013713424284020163,
        -0.0010249489194220126,
        -0.0007158876771990067,
        -0.000503893956123,
        -0.0006426140982229803,
        -0.00034960183547700003,
        -0.00018990866626999715,
        -0.00011589857762499846,
        -6.624274189199919e-05,
        -7.463275656599815e-05,
        -3.2473912838000907e-05
    ],
    "C3W2H4": [
        -30.722886339118144,
        -2.9095355506486533,
        -0.8908215727070109,
        -0.34687153390270165,
        -0.14981260869338456,
        -0.07559622344474426,
        -0.04087040221254807,
        -0.022816008276956977,
        -0.014002170793759126,
        -0.008329799445819398,
        -0.005385014398063049,
        -0.0034345079599910266,
        -0.002299847212228543,
        -0.0016086888291910655,
        -0.0010947042338045124,
        -0.000778390262797495,
        -0.000585986643044997,
        -0.00040299504518900316,
        -0.0005050503222430262,
        -0.00027582879860749566,
        -0.0001528897800429952,
        -9.016662123549765e-05,
        -5.45641919380014e-05,
        -5.8066198870499945e-05,
        -2.6062689720999466e-05
    ],