{
    "data": [
        1316.380986771663,
        254.85026078122021,
        79.82489595521375,
        32.59392321513447,
        14.763119135594005,
        7.309561369686087,
        4.061171178246747,
        2.2791346624055775,
        1.3660417296542113,
        0.8663758021703508,
        0.5499124452793106,
        0.36377381556874505,
        0.24968672360432148,
        0.16762261737792997,
        0.11555926378435175,
        0.08610547659925337,
        0.0594947641775985,
        0.04381504792986757,
        0.0568291789580975,
        0.030944059891805993,
        0.017536385266117515,
        0.010587707893797526,
        0.006483495802368988,
        0.007233857628433489,
        0.003410357102405667
    ],
    "SM": [
        1503.009761992703,
        256.10375633877396,
        84.40629214423133,
        32.5976823051051,
        14.717942799174036,
        7.171908016124162,
        4.033531768911663,
        2.2520318562571724,
        1.3945232846275775,
        0.868087675981476,
        0.5534863302602925,
        0.36552878401011335,
        0.24184986552848142,
        0.16792994847237047,
        0.11898416189489563,
        0.08360600864192513,
        0.05926880395710149,
        0.04372599936598046,
        0.056300693246619814,
        0.030737812916820574,
        0.01845190772276544,
        0.010641419082607873,
        0.006222948611078697,
        0.007208178872970599,
        0.0034027064619119684
    ],
    "bin-edges": [
        200,
        300,
        400,
        500,
        600,
        700,
        800,
        900,
        1000,
        1100,
        1200,
        1300,
        1400,
        1500,
        1600,
        1700,
        1800,
        1900,
        2000,
        2200,
        2400,
        2600,
        2800,
        3000,
        3500,
        1000000000
    ]
}