{
    "data": [
        1306.769999193414,
        262.5306083942039,
        78.17852385610371,
        31.46553723394041,
        14.768859330560847,
        7.418510310575307,
        3.908369100728322,
        2.2572179194102113,
        1.3111070651471293,
        0.8154440404256221,
        0.5160983473408071,
        0.33950031496506305,
        0.2299574406242043,
        0.1554595293230635,
        0.10765383892615128,
        0.07406352008941883,
        0.05686211360046595,
        0.036902143969910095,
        0.04658459711733596,
        0.025272969613620903,
        0.014213288306747968,
        0.007983188419354833,
        0.004533273284251207,
        0.0046445392115971535,
        0.005035420312315296
    ],
    "SM": [
        1503.009761992703,
        256.10375633877396,
        84.40629214423133,
        32.5976823051051,
        14.717942799174036,
        7.171908016124162,
        4.033531768911663,
        2.2520318562571724,
        1.3945232846275775,
        0.868087675981476,
        0.5534863302602925,
        0.36552878401011335,
        0.24184986552848142,
        0.16792994847237047,
        0.11898416189489563,
        0.08360600864192513,
        0.05926880395710149,
        0.04372599936598046,
        0.056300693246619814,
        0.030737812916820574,
        0.01845190772276544,
        0.010641419082607873,
        0.006222948611078697,
        0.007208178872970599,
        0.0034027064619119684
    ],
    "bin-edges": [
        200,
        300,
        400,
        500,
        600,
        700,
        800,
        900,
        1000,
        1100,
        1200,
        1300,
        1400,
        1500,
        1600,
        1700,
        1800,
        1900,
        2000,
        2200,
        2400,
        2600,
        2800,
        3000,
        3500,
        1000000000
    ]
}