{
    "data": [
        1315.1355056188256,
        255.97106833496125,
        80.0251890498754,
        32.555998502547524,
        14.582757519147082,
        7.390987166434999,
        3.944986363530057,
        2.2632487334702565,
        1.383486788539241,
        0.8567858096282034,
        0.5452126284819494,
        0.3568749017738136,
        0.2497817891016352,
        0.16662808599887075,
        0.11438787356649503,
        0.08273236992752958,
        0.057743268827495024,
        0.041351486204715,
        0.054267825575809434,
        0.029760180823848015,
        0.017158994337255474,
        0.009971329470587487,
        0.005828066576213494,
        0.006517905032898025,
        0.0029938137114114854
    ],
    "SM": [
        1503.009761992703,
        256.10375633877396,
        84.40629214423133,
        32.5976823051051,
        14.717942799174036,
        7.171908016124162,
        4.033531768911663,
        2.2520318562571724,
        1.3945232846275775,
        0.868087675981476,
        0.5534863302602925,
        0.36552878401011335,
        0.24184986552848142,
        0.16792994847237047,
        0.11898416189489563,
        0.08360600864192513,
        0.05926880395710149,
        0.04372599936598046,
        0.056300693246619814,
        0.030737812916820574,
        0.01845190772276544,
        0.010641419082607873,
        0.006222948611078697,
        0.007208178872970599,
        0.0034027064619119684
    ],
    "bin-edges": [
        200,
        300,
        400,
        500,
        600,
        700,
        800,
        900,
        1000,
        1100,
        1200,
        1300,
        1400,
        1500,
        1600,
        1700,
        1800,
        1900,
        2000,
        2200,
        2400,
        2600,
        2800,
        3000,
        3500,
        1000000000
    ]
}