{
    "data": [
        1026.6490882918797,
        257.9290848549648,
        84.17536764679517,
        32.25735947327563,
        14.960531253961749,
        7.425424803215999,
        3.9859206692424873,
        2.3184668582561168,
        1.355185695741338,
        0.8446400197325012,
        0.5608703436461254,
        0.35609053989953654,
        0.24257423878560874,
        0.1716267351059789,
        0.11259406192826872,
        0.08003284182762621,
        0.0599686314198744,
        0.042603376981131084,
        0.055516384641117016,
        0.03064373309009975,
        0.017464383773447424,
        0.010022517157874233,
        0.005949036666401483,
        0.006633356627114832,
        0.004805207909099886
    ],
    "SM": [
        1503.009761992703,
        256.10375633877396,
        84.40629214423133,
        32.5976823051051,
        14.717942799174036,
        7.171908016124162,
        4.033531768911663,
        2.2520318562571724,
        1.3945232846275775,
        0.868087675981476,
        0.5534863302602925,
        0.36552878401011335,
        0.24184986552848142,
        0.16792994847237047,
        0.11898416189489563,
        0.08360600864192513,
        0.05926880395710149,
        0.04372599936598046,
        0.056300693246619814,
        0.030737812916820574,
        0.01845190772276544,
        0.010641419082607873,
        0.006222948611078697,
        0.007208178872970599,
        0.0034027064619119684
    ],
    "bin-edges": [
        200,
        300,
        400,
        500,
        600,
        700,
        800,
        900,
        1000,
        1100,
        1200,
        1300,
        1400,
        1500,
        1600,
        1700,
        1800,
        1900,
        2000,
        2200,
        2400,
        2600,
        2800,
        3000,
        3500,
        1000000000
    ]
}