{
    "data": [
        1316.3662375534511,
        254.84152934561556,
        79.8199427172054,
        32.59083619795192,
        14.761203547491553,
        7.30819288274606,
        4.060237860008699,
        2.278457861028797,
        1.3655481493481625,
        0.8659997450051568,
        0.5496253367706974,
        0.3635628420609926,
        0.24950543458688318,
        0.16748870888727976,
        0.11545167263161686,
        0.08601388530054548,
        0.05942321679434854,
        0.043757908324285506,
        0.05674326748167953,
        0.030887317764257027,
        0.017497966820719992,
        0.010560316619541,
        0.0064638366794649935,
        0.007206343223471031,
        0.0033891405326180756
    ],
    "SM": [
        1503.009761992703,
        256.10375633877396,
        84.40629214423133,
        32.5976823051051,
        14.717942799174036,
        7.171908016124162,
        4.033531768911663,
        2.2520318562571724,
        1.3945232846275775,
        0.868087675981476,
        0.5534863302602925,
        0.36552878401011335,
        0.24184986552848142,
        0.16792994847237047,
        0.11898416189489563,
        0.08360600864192513,
        0.05926880395710149,
        0.04372599936598046,
        0.056300693246619814,
        0.030737812916820574,
        0.01845190772276544,
        0.010641419082607873,
        0.006222948611078697,
        0.007208178872970599,
        0.0034027064619119684
    ],
    "bin-edges": [
        200,
        300,
        400,
        500,
        600,
        700,
        800,
        900,
        1000,
        1100,
        1200,
        1300,
        1400,
        1500,
        1600,
        1700,
        1800,
        1900,
        2000,
        2200,
        2400,
        2600,
        2800,
        3000,
        3500,
        1000000000
    ]
}