{
    "data": [
        1312.6000741830626,
        258.19653208996897,
        80.65349653121915,
        32.41139710182485,
        14.414165212101148,
        7.438678286711721,
        4.007456760619101,
        2.243193141925559,
        1.3909147152323107,
        0.8471074867813816,
        0.5590898755410941,
        0.34985572667217,
        0.24558097699506054,
        0.16760759905322056,
        0.11407785844790977,
        0.07950302374596128,
        0.05681160341609453,
        0.04109091742235447,
        0.053968868996814655,
        0.03022592520995643,
        0.016596022110102544,
        0.00972573070433999,
        0.005763511608383253,
        0.006399794741234995,
        0.015856271685806066
    ],
    "SM": [
        1503.009761992703,
        256.10375633877396,
        84.40629214423133,
        32.5976823051051,
        14.717942799174036,
        7.171908016124162,
        4.033531768911663,
        2.2520318562571724,
        1.3945232846275775,
        0.868087675981476,
        0.5534863302602925,
        0.36552878401011335,
        0.24184986552848142,
        0.16792994847237047,
        0.11898416189489563,
        0.08360600864192513,
        0.05926880395710149,
        0.04372599936598046,
        0.056300693246619814,
        0.030737812916820574,
        0.01845190772276544,
        0.010641419082607873,
        0.006222948611078697,
        0.007208178872970599,
        0.0034027064619119684
    ],
    "bin-edges": [
        200,
        300,
        400,
        500,
        600,
        700,
        800,
        900,
        1000,
        1100,
        1200,
        1300,
        1400,
        1500,
        1600,
        1700,
        1800,
        1900,
        2000,
        2200,
        2400,
        2600,
        2800,
        3000,
        3500,
        1000000000
    ]
}