{
    "data": [
        1314.0530829888244,
        255.4225731499752,
        79.72738047039172,
        32.37119236543936,
        14.464935049105756,
        7.308625234094857,
        3.890982848389355,
        2.222560885754367,
        1.3546748077769297,
        0.8338573913364168,
        0.5279458138805692,
        0.3440188504844892,
        0.23931763000154968,
        0.15876554416122513,
        0.10833580809088707,
        0.07754904753911131,
        0.053650839228918,
        0.03813622843337412,
        0.049519588514604904,
        0.026536312776777447,
        0.015010122645006651,
        0.008580102822344997,
        0.004879323579206403,
        0.005194141114656813,
        0.0026302052314350443
    ],
    "SM": [
        1503.009761992703,
        256.10375633877396,
        84.40629214423133,
        32.5976823051051,
        14.717942799174036,
        7.171908016124162,
        4.033531768911663,
        2.2520318562571724,
        1.3945232846275775,
        0.868087675981476,
        0.5534863302602925,
        0.36552878401011335,
        0.24184986552848142,
        0.16792994847237047,
        0.11898416189489563,
        0.08360600864192513,
        0.05926880395710149,
        0.04372599936598046,
        0.056300693246619814,
        0.030737812916820574,
        0.01845190772276544,
        0.010641419082607873,
        0.006222948611078697,
        0.007208178872970599,
        0.0034027064619119684
    ],
    "bin-edges": [
        200,
        300,
        400,
        500,
        600,
        700,
        800,
        900,
        1000,
        1100,
        1200,
        1300,
        1400,
        1500,
        1600,
        1700,
        1800,
        1900,
        2000,
        2200,
        2400,
        2600,
        2800,
        3000,
        3500,
        1000000000
    ]
}