{
    "data": [
        1407.0137798273877,
        255.65816480673269,
        79.01134464247683,
        32.19818120186651,
        14.66635138928355,
        7.244959047545059,
        3.9185110006322916,
        2.342494657822091,
        1.3855127071519422,
        0.8484984182790072,
        0.5390793607490277,
        0.3545288350512365,
        0.24037986918721407,
        0.16678246225312804,
        0.1151949805663549,
        0.08098625424849612,
        0.05859263988399601,
        0.041463009107945065,
        0.05393934830380535,
        0.02908064972169994,
        0.016158635607944765,
        0.009629256297673992,
        0.005695861476932156,
        0.006337368866685453,
        0.002771003495134356
    ],
    "SM": [
        1503.009761992703,
        256.10375633877396,
        84.40629214423133,
        32.5976823051051,
        14.717942799174036,
        7.171908016124162,
        4.033531768911663,
        2.2520318562571724,
        1.3945232846275775,
        0.868087675981476,
        0.5534863302602925,
        0.36552878401011335,
        0.24184986552848142,
        0.16792994847237047,
        0.11898416189489563,
        0.08360600864192513,
        0.05926880395710149,
        0.04372599936598046,
        0.056300693246619814,
        0.030737812916820574,
        0.01845190772276544,
        0.010641419082607873,
        0.006222948611078697,
        0.007208178872970599,
        0.0034027064619119684
    ],
    "bin-edges": [
        200,
        300,
        400,
        500,
        600,
        700,
        800,
        900,
        1000,
        1100,
        1200,
        1300,
        1400,
        1500,
        1600,
        1700,
        1800,
        1900,
        2000,
        2200,
        2400,
        2600,
        2800,
        3000,
        3500,
        1000000000
    ]
}