{
    "data": [
        1407.5818171984722,
        255.9584768169205,
        79.17456733542312,
        32.29964479113388,
        14.731017188211831,
        7.2896235137806205,
        3.948760941726222,
        2.3654132848131946,
        1.4022407248077928,
        0.8611338099544988,
        0.548412077817428,
        0.3616891861757526,
        0.24609904677642097,
        0.17121948708592546,
        0.11873133781076756,
        0.0838748050501775,
        0.060878403043505946,
        0.043304393804939036,
        0.05674564066710507,
        0.03093822980142704,
        0.017371014105351475,
        0.010470127451624973,
        0.006293768074359496,
        0.007153590645169527,
        0.0033684867890380163
    ],
    "SM": [
        1503.009761992703,
        256.10375633877396,
        84.40629214423133,
        32.5976823051051,
        14.717942799174036,
        7.171908016124162,
        4.033531768911663,
        2.2520318562571724,
        1.3945232846275775,
        0.868087675981476,
        0.5534863302602925,
        0.36552878401011335,
        0.24184986552848142,
        0.16792994847237047,
        0.11898416189489563,
        0.08360600864192513,
        0.05926880395710149,
        0.04372599936598046,
        0.056300693246619814,
        0.030737812916820574,
        0.01845190772276544,
        0.010641419082607873,
        0.006222948611078697,
        0.007208178872970599,
        0.0034027064619119684
    ],
    "bin-edges": [
        200,
        300,
        400,
        500,
        600,
        700,
        800,
        900,
        1000,
        1100,
        1200,
        1300,
        1400,
        1500,
        1600,
        1700,
        1800,
        1900,
        2000,
        2200,
        2400,
        2600,
        2800,
        3000,
        3500,
        1000000000
    ]
}