{
    "data": [
        1220.6448313093717,
        256.01699594882405,
        77.92725723611194,
        31.689504835032004,
        14.877899398753728,
        7.209358789426798,
        3.95556331498528,
        2.304654724492119,
        1.3698467111297317,
        0.8423646223321919,
        0.5435891714243405,
        0.35544850123916716,
        0.23522821998210186,
        0.16685972404336857,
        0.11218614933672683,
        0.08042890654151083,
        0.05614408491946656,
        0.040791592481722226,
        0.05179841156507518,
        0.029008936977800676,
        0.016467890216280232,
        0.00951246474125833,
        0.004914695759237356,
        0.006405619694941898,
        0.09211646488016582
    ],
    "SM": [
        1503.009761992703,
        256.10375633877396,
        84.40629214423133,
        32.5976823051051,
        14.717942799174036,
        7.171908016124162,
        4.033531768911663,
        2.2520318562571724,
        1.3945232846275775,
        0.868087675981476,
        0.5534863302602925,
        0.36552878401011335,
        0.24184986552848142,
        0.16792994847237047,
        0.11898416189489563,
        0.08360600864192513,
        0.05926880395710149,
        0.04372599936598046,
        0.056300693246619814,
        0.030737812916820574,
        0.01845190772276544,
        0.010641419082607873,
        0.006222948611078697,
        0.007208178872970599,
        0.0034027064619119684
    ],
    "bin-edges": [
        200,
        300,
        400,
        500,
        600,
        700,
        800,
        900,
        1000,
        1100,
        1200,
        1300,
        1400,
        1500,
        1600,
        1700,
        1800,
        1900,
        2000,
        2200,
        2400,
        2600,
        2800,
        3000,
        3500,
        1000000000
    ]
}