{
    "data": [
        1023.5504033140102,
        255.7573749459559,
        82.96754693683708,
        31.50957972419644,
        14.465627388730862,
        7.087173567329829,
        3.759542856743254,
        2.150673841636477,
        1.2368963963349002,
        0.7567778501120496,
        0.49371080956104707,
        0.3056337275623561,
        0.20429037116201568,
        0.13958549511796156,
        0.08983219210481402,
        0.062315055450233685,
        0.04487404057614771,
        0.03106642075938674,
        0.03897423793747541,
        0.019988300927218275,
        0.010995735062997074,
        0.0061770992538928825,
        0.003913875205674721,
        0.005348101396151872,
        0.03987361695254711
    ],
    "SM": [
        1503.009761992703,
        256.10375633877396,
        84.40629214423133,
        32.5976823051051,
        14.717942799174036,
        7.171908016124162,
        4.033531768911663,
        2.2520318562571724,
        1.3945232846275775,
        0.868087675981476,
        0.5534863302602925,
        0.36552878401011335,
        0.24184986552848142,
        0.16792994847237047,
        0.11898416189489563,
        0.08360600864192513,
        0.05926880395710149,
        0.04372599936598046,
        0.056300693246619814,
        0.030737812916820574,
        0.01845190772276544,
        0.010641419082607873,
        0.006222948611078697,
        0.007208178872970599,
        0.0034027064619119684
    ],
    "bin-edges": [
        200,
        300,
        400,
        500,
        600,
        700,
        800,
        900,
        1000,
        1100,
        1200,
        1300,
        1400,
        1500,
        1600,
        1700,
        1800,
        1900,
        2000,
        2200,
        2400,
        2600,
        2800,
        3000,
        3500,
        1000000000
    ]
}