{
    "data": [
        1312.7646047550136,
        258.3783595829198,
        80.75780218868044,
        32.473829337505045,
        14.452688957632798,
        7.465804141021645,
        4.026694462623304,
        2.2567135431672267,
        1.4017389494717234,
        0.8550868699983218,
        0.5653082672287341,
        0.3543940646474176,
        0.249473292534185,
        0.17057705258893555,
        0.116349332177918,
        0.08140658056851247,
        0.05840112788857528,
        0.04228796613873041,
        0.055876867147766796,
        0.03165232003372703,
        0.017512528887624394,
        0.010389545925673116,
        0.006262933824210599,
        0.0072074211675867104,
        0.005424364502825183
    ],
    "SM": [
        1503.009761992703,
        256.10375633877396,
        84.40629214423133,
        32.5976823051051,
        14.717942799174036,
        7.171908016124162,
        4.033531768911663,
        2.2520318562571724,
        1.3945232846275775,
        0.868087675981476,
        0.5534863302602925,
        0.36552878401011335,
        0.24184986552848142,
        0.16792994847237047,
        0.11898416189489563,
        0.08360600864192513,
        0.05926880395710149,
        0.04372599936598046,
        0.056300693246619814,
        0.030737812916820574,
        0.01845190772276544,
        0.010641419082607873,
        0.006222948611078697,
        0.007208178872970599,
        0.0034027064619119684
    ],
    "bin-edges": [
        200,
        300,
        400,
        500,
        600,
        700,
        800,
        900,
        1000,
        1100,
        1200,
        1300,
        1400,
        1500,
        1600,
        1700,
        1800,
        1900,
        2000,
        2200,
        2400,
        2600,
        2800,
        3000,
        3500,
        1000000000
    ]
}