{
    "data": [
        1025.6574639402268,
        257.23327309400224,
        83.78727768034705,
        32.01624699834297,
        14.800259850369539,
        7.315294151417115,
        3.9117449107429936,
        2.2630953902150464,
        1.3158311670881846,
        0.81514961548973,
        0.5380891900601606,
        0.33877202572668436,
        0.22926168010522427,
        0.16031678689107615,
        0.10442498596388239,
        0.07355098849484396,
        0.05433215457090858,
        0.03819693229337383,
        0.04893387493419165,
        0.026084728978449042,
        0.014431958991123884,
        0.00796147300161641,
        0.004607311027184792,
        0.004827418405655639,
        0.01351000816260403
    ],
    "SM": [
        1503.009761992703,
        256.10375633877396,
        84.40629214423133,
        32.5976823051051,
        14.717942799174036,
        7.171908016124162,
        4.033531768911663,
        2.2520318562571724,
        1.3945232846275775,
        0.868087675981476,
        0.5534863302602925,
        0.36552878401011335,
        0.24184986552848142,
        0.16792994847237047,
        0.11898416189489563,
        0.08360600864192513,
        0.05926880395710149,
        0.04372599936598046,
        0.056300693246619814,
        0.030737812916820574,
        0.01845190772276544,
        0.010641419082607873,
        0.006222948611078697,
        0.007208178872970599,
        0.0034027064619119684
    ],
    "bin-edges": [
        200,
        300,
        400,
        500,
        600,
        700,
        800,
        900,
        1000,
        1100,
        1200,
        1300,
        1400,
        1500,
        1600,
        1700,
        1800,
        1900,
        2000,
        2200,
        2400,
        2600,
        2800,
        3000,
        3500,
        1000000000
    ]
}