{
    "data": [
        1307.5777191330883,
        263.08522694314706,
        78.47856001031575,
        31.647505666638025,
        14.89072399689555,
        7.500649141423096,
        3.965764117062857,
        2.29867356854917,
        1.3406777990715482,
        0.8380014419088221,
        0.5332737325480398,
        0.35231469966450923,
        0.2401235570306635,
        0.16332677032001228,
        0.11369471324759982,
        0.07894395082764107,
        0.06122840283141893,
        0.03999317042704987,
        0.05129990242932385,
        0.028229214623227365,
        0.016262638535809486,
        0.009307880765929121,
        0.005403317792099837,
        0.005794911317180483,
        0.003561011652199955
    ],
    "SM": [
        1503.009761992703,
        256.10375633877396,
        84.40629214423133,
        32.5976823051051,
        14.717942799174036,
        7.171908016124162,
        4.033531768911663,
        2.2520318562571724,
        1.3945232846275775,
        0.868087675981476,
        0.5534863302602925,
        0.36552878401011335,
        0.24184986552848142,
        0.16792994847237047,
        0.11898416189489563,
        0.08360600864192513,
        0.05926880395710149,
        0.04372599936598046,
        0.056300693246619814,
        0.030737812916820574,
        0.01845190772276544,
        0.010641419082607873,
        0.006222948611078697,
        0.007208178872970599,
        0.0034027064619119684
    ],
    "bin-edges": [
        200,
        300,
        400,
        500,
        600,
        700,
        800,
        900,
        1000,
        1100,
        1200,
        1300,
        1400,
        1500,
        1600,
        1700,
        1800,
        1900,
        2000,
        2200,
        2400,
        2600,
        2800,
        3000,
        3500,
        1000000000
    ]
}