{
    "data": [
        1315.398623510685,
        256.10448823709334,
        80.09771803504663,
        32.601075219190726,
        14.611550228700843,
        7.411158280500459,
        3.958246816892889,
        2.2732691770770432,
        1.39060570996297,
        0.8624710540214683,
        0.5495112041463727,
        0.36009024090836067,
        0.25241165049753983,
        0.16861429306151166,
        0.11592582414334689,
        0.0840571005557469,
        0.058797223147579944,
        0.042185245417647545,
        0.05551385271988496,
        0.030622106865064128,
        0.017745676390379668,
        0.010360827445695896,
        0.0061016295447361675,
        0.00692240639960925,
        0.0032329851428236456
    ],
    "SM": [
        1503.009761992703,
        256.10375633877396,
        84.40629214423133,
        32.5976823051051,
        14.717942799174036,
        7.171908016124162,
        4.033531768911663,
        2.2520318562571724,
        1.3945232846275775,
        0.868087675981476,
        0.5534863302602925,
        0.36552878401011335,
        0.24184986552848142,
        0.16792994847237047,
        0.11898416189489563,
        0.08360600864192513,
        0.05926880395710149,
        0.04372599936598046,
        0.056300693246619814,
        0.030737812916820574,
        0.01845190772276544,
        0.010641419082607873,
        0.006222948611078697,
        0.007208178872970599,
        0.0034027064619119684
    ],
    "bin-edges": [
        200,
        300,
        400,
        500,
        600,
        700,
        800,
        900,
        1000,
        1100,
        1200,
        1300,
        1400,
        1500,
        1600,
        1700,
        1800,
        1900,
        2000,
        2200,
        2400,
        2600,
        2800,
        3000,
        3500,
        1000000000
    ]
}