{
    "data": [
        1311.6719269618413,
        257.1710047710795,
        80.06649007722491,
        32.06102695138022,
        14.198737338435055,
        7.287611586525881,
        3.9007959720429164,
        2.1686672094094086,
        1.3316178232814067,
        0.8037012163091316,
        0.5255247778896197,
        0.3255860924152107,
        0.22498040915709053,
        0.1520803348854465,
        0.10232007917374343,
        0.06980373432639536,
        0.04883243857476998,
        0.03518107696243003,
        0.04483165456231201,
        0.023739225689468006,
        0.01268163182774399,
        0.007148892034999,
        0.0040604665927110005,
        0.0045905003464114915,
        0.07785782030320484
    ],
    "SM": [
        1503.009761992703,
        256.10375633877396,
        84.40629214423133,
        32.5976823051051,
        14.717942799174036,
        7.171908016124162,
        4.033531768911663,
        2.2520318562571724,
        1.3945232846275775,
        0.868087675981476,
        0.5534863302602925,
        0.36552878401011335,
        0.24184986552848142,
        0.16792994847237047,
        0.11898416189489563,
        0.08360600864192513,
        0.05926880395710149,
        0.04372599936598046,
        0.056300693246619814,
        0.030737812916820574,
        0.01845190772276544,
        0.010641419082607873,
        0.006222948611078697,
        0.007208178872970599,
        0.0034027064619119684
    ],
    "bin-edges": [
        200,
        300,
        400,
        500,
        600,
        700,
        800,
        900,
        1000,
        1100,
        1200,
        1300,
        1400,
        1500,
        1600,
        1700,
        1800,
        1900,
        2000,
        2200,
        2400,
        2600,
        2800,
        3000,
        3500,
        1000000000
    ]
}