{
    "data": [
        1315.5404062524967,
        256.17638959002375,
        80.13681890845253,
        32.625387439355556,
        14.627088355698612,
        7.422050765475155,
        3.965413040821666,
        2.278689151055913,
        1.3944599653910277,
        0.8655522785415973,
        0.5518435953674282,
        0.36183720398268604,
        0.2538425029065482,
        0.16969653112089103,
        0.11676522285299856,
        0.08478128957457372,
        0.059374615961615,
        0.04264287455325702,
        0.05619998912134102,
        0.031099109948797086,
        0.018072131548315797,
        0.010578936468531648,
        0.006255930920695327,
        0.007153686073041319,
        0.0033865325004749187
    ],
    "SM": [
        1503.009761992703,
        256.10375633877396,
        84.40629214423133,
        32.5976823051051,
        14.717942799174036,
        7.171908016124162,
        4.033531768911663,
        2.2520318562571724,
        1.3945232846275775,
        0.868087675981476,
        0.5534863302602925,
        0.36552878401011335,
        0.24184986552848142,
        0.16792994847237047,
        0.11898416189489563,
        0.08360600864192513,
        0.05926880395710149,
        0.04372599936598046,
        0.056300693246619814,
        0.030737812916820574,
        0.01845190772276544,
        0.010641419082607873,
        0.006222948611078697,
        0.007208178872970599,
        0.0034027064619119684
    ],
    "bin-edges": [
        200,
        300,
        400,
        500,
        600,
        700,
        800,
        900,
        1000,
        1100,
        1200,
        1300,
        1400,
        1500,
        1600,
        1700,
        1800,
        1900,
        2000,
        2200,
        2400,
        2600,
        2800,
        3000,
        3500,
        1000000000
    ]
}