{
    "data": [
        1310.3055098118832,
        258.9498154379312,
        80.30297394808203,
        32.94746839720863,
        14.830641342449379,
        7.254624333883746,
        4.02473986362342,
        2.2476796643126162,
        1.3825545130562598,
        0.8396186268990126,
        0.546794452591071,
        0.3578159018617432,
        0.23983511838248944,
        0.16562779461069424,
        0.11589630395050732,
        0.08198727971355346,
        0.05901447316304424,
        0.04163361491801299,
        0.054607379719494004,
        0.029594499660370883,
        0.016935599809261095,
        0.010051230355570038,
        0.0059233529051178286,
        0.006552376183804624,
        0.0029553950368668017
    ],
    "SM": [
        1503.009761992703,
        256.10375633877396,
        84.40629214423133,
        32.5976823051051,
        14.717942799174036,
        7.171908016124162,
        4.033531768911663,
        2.2520318562571724,
        1.3945232846275775,
        0.868087675981476,
        0.5534863302602925,
        0.36552878401011335,
        0.24184986552848142,
        0.16792994847237047,
        0.11898416189489563,
        0.08360600864192513,
        0.05926880395710149,
        0.04372599936598046,
        0.056300693246619814,
        0.030737812916820574,
        0.01845190772276544,
        0.010641419082607873,
        0.006222948611078697,
        0.007208178872970599,
        0.0034027064619119684
    ],
    "bin-edges": [
        200,
        300,
        400,
        500,
        600,
        700,
        800,
        900,
        1000,
        1100,
        1200,
        1300,
        1400,
        1500,
        1600,
        1700,
        1800,
        1900,
        2000,
        2200,
        2400,
        2600,
        2800,
        3000,
        3500,
        1000000000
    ]
}