{
    "data": [
        1312.8885123510022,
        254.83291142443187,
        79.407861786023,
        32.17342535801159,
        14.339255628015486,
        7.221101578587475,
        3.833854933784591,
        2.179741809115372,
        1.3245284809093805,
        0.8100179224658203,
        0.5101221600824759,
        0.33085975014942987,
        0.22870271382717958,
        0.15086640230627363,
        0.10232414143081779,
        0.07245701874198608,
        0.04969086896871086,
        0.03506798878984134,
        0.045099348022019085,
        0.023654791739647733,
        0.013180883246001213,
        0.007468606986429065,
        0.004180754257174996,
        0.004390415387605702,
        0.003348006434689701
    ],
    "SM": [
        1503.009761992703,
        256.10375633877396,
        84.40629214423133,
        32.5976823051051,
        14.717942799174036,
        7.171908016124162,
        4.033531768911663,
        2.2520318562571724,
        1.3945232846275775,
        0.868087675981476,
        0.5534863302602925,
        0.36552878401011335,
        0.24184986552848142,
        0.16792994847237047,
        0.11898416189489563,
        0.08360600864192513,
        0.05926880395710149,
        0.04372599936598046,
        0.056300693246619814,
        0.030737812916820574,
        0.01845190772276544,
        0.010641419082607873,
        0.006222948611078697,
        0.007208178872970599,
        0.0034027064619119684
    ],
    "bin-edges": [
        200,
        300,
        400,
        500,
        600,
        700,
        800,
        900,
        1000,
        1100,
        1200,
        1300,
        1400,
        1500,
        1600,
        1700,
        1800,
        1900,
        2000,
        2200,
        2400,
        2600,
        2800,
        3000,
        3500,
        1000000000
    ]
}