{
    "data": [
        1305.651855985757,
        261.76280221921115,
        77.76411819773983,
        31.214989979795153,
        14.601698607316045,
        7.306360076395185,
        3.8304221899280066,
        2.2012751081865907,
        1.2714849082097468,
        0.7854529918847779,
        0.4934701944665132,
        0.32277961297970026,
        0.21684826520274467,
        0.1454355887075514,
        0.10007264009235003,
        0.06803733838034409,
        0.0515670335247045,
        0.03323572851921649,
        0.041167410279554,
        0.0220707314107355,
        0.012163970351459998,
        0.0067978608919084735,
        0.0038739919951724998,
        0.0041536900365354915,
        0.009406484272317522
    ],
    "SM": [
        1503.009761992703,
        256.10375633877396,
        84.40629214423133,
        32.5976823051051,
        14.717942799174036,
        7.171908016124162,
        4.033531768911663,
        2.2520318562571724,
        1.3945232846275775,
        0.868087675981476,
        0.5534863302602925,
        0.36552878401011335,
        0.24184986552848142,
        0.16792994847237047,
        0.11898416189489563,
        0.08360600864192513,
        0.05926880395710149,
        0.04372599936598046,
        0.056300693246619814,
        0.030737812916820574,
        0.01845190772276544,
        0.010641419082607873,
        0.006222948611078697,
        0.007208178872970599,
        0.0034027064619119684
    ],
    "bin-edges": [
        200,
        300,
        400,
        500,
        600,
        700,
        800,
        900,
        1000,
        1100,
        1200,
        1300,
        1400,
        1500,
        1600,
        1700,
        1800,
        1900,
        2000,
        2200,
        2400,
        2600,
        2800,
        3000,
        3500,
        1000000000
    ]
}