{
    "data": [
        1026.824558380608,
        258.05230362680925,
        84.24420091868836,
        32.300205087277284,
        14.989077899209798,
        7.4450965749150395,
        3.9992144962963163,
        2.3284271482495913,
        1.3622943446041835,
        0.8499907168790475,
        0.565025928233504,
        0.35926798161963747,
        0.24503216411170806,
        0.17372967820247479,
        0.11412482495382126,
        0.0812579454527961,
        0.0610434794410405,
        0.04345215733951666,
        0.056805151504836296,
        0.031561149826997814,
        0.018093678685223494,
        0.010467203684648877,
        0.00625371788027178,
        0.007087192980628048,
        0.0035333158385651067
    ],
    "SM": [
        1503.009761992703,
        256.10375633877396,
        84.40629214423133,
        32.5976823051051,
        14.717942799174036,
        7.171908016124162,
        4.033531768911663,
        2.2520318562571724,
        1.3945232846275775,
        0.868087675981476,
        0.5534863302602925,
        0.36552878401011335,
        0.24184986552848142,
        0.16792994847237047,
        0.11898416189489563,
        0.08360600864192513,
        0.05926880395710149,
        0.04372599936598046,
        0.056300693246619814,
        0.030737812916820574,
        0.01845190772276544,
        0.010641419082607873,
        0.006222948611078697,
        0.007208178872970599,
        0.0034027064619119684
    ],
    "bin-edges": [
        200,
        300,
        400,
        500,
        600,
        700,
        800,
        900,
        1000,
        1100,
        1200,
        1300,
        1400,
        1500,
        1600,
        1700,
        1800,
        1900,
        2000,
        2200,
        2400,
        2600,
        2800,
        3000,
        3500,
        1000000000
    ]
}