{
    "data": [
        1219.8994964733288,
        255.4916437594406,
        77.65323753983765,
        31.512911830552046,
        14.762299683148662,
        7.131772636026885,
        3.900245341226152,
        2.264462893380989,
        1.3401572038007687,
        0.819476028791473,
        0.526540707674535,
        0.341843299441159,
        0.224731844126084,
        0.1581302652269905,
        0.1055572482785197,
        0.07496055307178542,
        0.051992442158715416,
        0.03711400962934896,
        0.04638973159785851,
        0.02516436236884149,
        0.013938291343257294,
        0.007741582359197741,
        0.004561923788449344,
        0.0079879531107291,
        0.2263758715106198
    ],
    "SM": [
        1503.009761992703,
        256.10375633877396,
        84.40629214423133,
        32.5976823051051,
        14.717942799174036,
        7.171908016124162,
        4.033531768911663,
        2.2520318562571724,
        1.3945232846275775,
        0.868087675981476,
        0.5534863302602925,
        0.36552878401011335,
        0.24184986552848142,
        0.16792994847237047,
        0.11898416189489563,
        0.08360600864192513,
        0.05926880395710149,
        0.04372599936598046,
        0.056300693246619814,
        0.030737812916820574,
        0.01845190772276544,
        0.010641419082607873,
        0.006222948611078697,
        0.007208178872970599,
        0.0034027064619119684
    ],
    "bin-edges": [
        200,
        300,
        400,
        500,
        600,
        700,
        800,
        900,
        1000,
        1100,
        1200,
        1300,
        1400,
        1500,
        1600,
        1700,
        1800,
        1900,
        2000,
        2200,
        2400,
        2600,
        2800,
        3000,
        3500,
        1000000000
    ]
}