{
    "data": [
        1407.3683938575725,
        255.84563485315718,
        79.11321691682316,
        32.261492175299765,
        14.706689251101233,
        7.272809934895726,
        3.937365623466759,
        2.3567729628068523,
        1.3959285579377478,
        0.8563614560117526,
        0.5448832707679316,
        0.3589787186186322,
        0.24393133227522285,
        0.1695354858249701,
        0.11738718546584226,
        0.08277514743822337,
        0.06000691102203692,
        0.0426010404929484,
        0.05567064364600286,
        0.030223641627529326,
        0.016902382591947308,
        0.010143438748899237,
        0.006060064867669684,
        0.006831173631475318,
        0.0031215313864864478
    ],
    "SM": [
        1503.009761992703,
        256.10375633877396,
        84.40629214423133,
        32.5976823051051,
        14.717942799174036,
        7.171908016124162,
        4.033531768911663,
        2.2520318562571724,
        1.3945232846275775,
        0.868087675981476,
        0.5534863302602925,
        0.36552878401011335,
        0.24184986552848142,
        0.16792994847237047,
        0.11898416189489563,
        0.08360600864192513,
        0.05926880395710149,
        0.04372599936598046,
        0.056300693246619814,
        0.030737812916820574,
        0.01845190772276544,
        0.010641419082607873,
        0.006222948611078697,
        0.007208178872970599,
        0.0034027064619119684
    ],
    "bin-edges": [
        200,
        300,
        400,
        500,
        600,
        700,
        800,
        900,
        1000,
        1100,
        1200,
        1300,
        1400,
        1500,
        1600,
        1700,
        1800,
        1900,
        2000,
        2200,
        2400,
        2600,
        2800,
        3000,
        3500,
        1000000000
    ]
}