{
    "data": [
        1312.2950272070912,
        257.85947918910495,
        80.46032744267701,
        32.29591397465488,
        14.343014061609644,
        7.388666200272668,
        3.9720530700522914,
        2.218373620419448,
        1.371095168176486,
        0.8325397284211742,
        0.5477728961082845,
        0.3416276895750898,
        0.23855650205413964,
        0.16227490673100123,
        0.11001578402453474,
        0.076121726092465,
        0.05400387328840996,
        0.03899152215363497,
        0.05066141928729824,
        0.02780263265410519,
        0.015073937307221159,
        0.008661229581412664,
        0.004995686934264502,
        0.005291610090752683,
        0.035713632544051535
    ],
    "SM": [
        1503.009761992703,
        256.10375633877396,
        84.40629214423133,
        32.5976823051051,
        14.717942799174036,
        7.171908016124162,
        4.033531768911663,
        2.2520318562571724,
        1.3945232846275775,
        0.868087675981476,
        0.5534863302602925,
        0.36552878401011335,
        0.24184986552848142,
        0.16792994847237047,
        0.11898416189489563,
        0.08360600864192513,
        0.05926880395710149,
        0.04372599936598046,
        0.056300693246619814,
        0.030737812916820574,
        0.01845190772276544,
        0.010641419082607873,
        0.006222948611078697,
        0.007208178872970599,
        0.0034027064619119684
    ],
    "bin-edges": [
        200,
        300,
        400,
        500,
        600,
        700,
        800,
        900,
        1000,
        1100,
        1200,
        1300,
        1400,
        1500,
        1600,
        1700,
        1800,
        1900,
        2000,
        2200,
        2400,
        2600,
        2800,
        3000,
        3500,
        1000000000
    ]
}