{
    "data": [
        1312.7254133473862,
        258.33504712297906,
        80.73294966928098,
        32.458949122860595,
        14.443503455545537,
        7.459333315190389,
        4.022103757814009,
        2.2534845075279817,
        1.3991523345060313,
        0.8531786111689486,
        0.563820025831513,
        0.3533073045008934,
        0.24853958712914984,
        0.16986411373554058,
        0.11580303851614258,
        0.08094801552448921,
        0.05801766763010057,
        0.04199842168456867,
        0.05541454165922836,
        0.03130448198990291,
        0.017287427540910887,
        0.010225644771992934,
        0.006138513810815419,
        0.007001266761742188,
        0.007885200652170913
    ],
    "SM": [
        1503.009761992703,
        256.10375633877396,
        84.40629214423133,
        32.5976823051051,
        14.717942799174036,
        7.171908016124162,
        4.033531768911663,
        2.2520318562571724,
        1.3945232846275775,
        0.868087675981476,
        0.5534863302602925,
        0.36552878401011335,
        0.24184986552848142,
        0.16792994847237047,
        0.11898416189489563,
        0.08360600864192513,
        0.05926880395710149,
        0.04372599936598046,
        0.056300693246619814,
        0.030737812916820574,
        0.01845190772276544,
        0.010641419082607873,
        0.006222948611078697,
        0.007208178872970599,
        0.0034027064619119684
    ],
    "bin-edges": [
        200,
        300,
        400,
        500,
        600,
        700,
        800,
        900,
        1000,
        1100,
        1200,
        1300,
        1400,
        1500,
        1600,
        1700,
        1800,
        1900,
        2000,
        2200,
        2400,
        2600,
        2800,
        3000,
        3500,
        1000000000
    ]
}