{
    "data": [
        1312.0141602390638,
        257.5491484029453,
        80.28268189151731,
        32.189871131838174,
        14.277804266233545,
        7.342931761468303,
        3.939756779105125,
        2.1958027837572986,
        1.3531326446044787,
        0.8193871997083007,
        0.5375992928408377,
        0.33426915278938246,
        0.2323083872976247,
        0.15756322183010876,
        0.10644630781064486,
        0.07317576692363113,
        0.05157877970563866,
        0.03719376122458012,
        0.04787943508306289,
        0.025822707582061462,
        0.013875395577650607,
        0.007869401355590755,
        0.0044688538685602455,
        0.004714197117179371,
        0.05445040448792553
    ],
    "SM": [
        1503.009761992703,
        256.10375633877396,
        84.40629214423133,
        32.5976823051051,
        14.717942799174036,
        7.171908016124162,
        4.033531768911663,
        2.2520318562571724,
        1.3945232846275775,
        0.868087675981476,
        0.5534863302602925,
        0.36552878401011335,
        0.24184986552848142,
        0.16792994847237047,
        0.11898416189489563,
        0.08360600864192513,
        0.05926880395710149,
        0.04372599936598046,
        0.056300693246619814,
        0.030737812916820574,
        0.01845190772276544,
        0.010641419082607873,
        0.006222948611078697,
        0.007208178872970599,
        0.0034027064619119684
    ],
    "bin-edges": [
        200,
        300,
        400,
        500,
        600,
        700,
        800,
        900,
        1000,
        1100,
        1200,
        1300,
        1400,
        1500,
        1600,
        1700,
        1800,
        1900,
        2000,
        2200,
        2400,
        2600,
        2800,
        3000,
        3500,
        1000000000
    ]
}