{
    "data": [
        1219.2136193016431,
        255.00850082079597,
        77.40172451085817,
        31.35121210891159,
        14.656776921405347,
        7.061221354249367,
        3.8501386226108814,
        2.2282269128401198,
        1.313556231942113,
        0.7990949630486419,
        0.5114894244871696,
        0.32991458496337317,
        0.21562616276619284,
        0.15065004785367075,
        0.09995808645006882,
        0.07042327393047547,
        0.048616397605330916,
        0.03418893203787061,
        0.042275652897606236,
        0.022494257537476445,
        0.012473288492987577,
        0.0071201938780638815,
        0.004804808032476329,
        0.012760504510666808,
        0.3466467272482896
    ],
    "SM": [
        1503.009761992703,
        256.10375633877396,
        84.40629214423133,
        32.5976823051051,
        14.717942799174036,
        7.171908016124162,
        4.033531768911663,
        2.2520318562571724,
        1.3945232846275775,
        0.868087675981476,
        0.5534863302602925,
        0.36552878401011335,
        0.24184986552848142,
        0.16792994847237047,
        0.11898416189489563,
        0.08360600864192513,
        0.05926880395710149,
        0.04372599936598046,
        0.056300693246619814,
        0.030737812916820574,
        0.01845190772276544,
        0.010641419082607873,
        0.006222948611078697,
        0.007208178872970599,
        0.0034027064619119684
    ],
    "bin-edges": [
        200,
        300,
        400,
        500,
        600,
        700,
        800,
        900,
        1000,
        1100,
        1200,
        1300,
        1400,
        1500,
        1600,
        1700,
        1800,
        1900,
        2000,
        2200,
        2400,
        2600,
        2800,
        3000,
        3500,
        1000000000
    ]
}