{
    "data": [
        1310.825556963004,
        259.1646125095758,
        80.42348231241463,
        33.02214924714184,
        14.878017620947066,
        7.286245517528195,
        4.046828800102445,
        2.2640136913771456,
        1.3941325570905272,
        0.8484099294016034,
        0.5536380620651887,
        0.36309875426749827,
        0.24383104361894842,
        0.16891185302481673,
        0.1184683872965465,
        0.08405491204369103,
        0.06074165297028248,
        0.04301061525693049,
        0.05668592505461135,
        0.030891521254046483,
        0.017826560700025494,
        0.010692403301403027,
        0.006383717753583012,
        0.007181158408363117,
        0.0034311201867568454
    ],
    "SM": [
        1503.009761992703,
        256.10375633877396,
        84.40629214423133,
        32.5976823051051,
        14.717942799174036,
        7.171908016124162,
        4.033531768911663,
        2.2520318562571724,
        1.3945232846275775,
        0.868087675981476,
        0.5534863302602925,
        0.36552878401011335,
        0.24184986552848142,
        0.16792994847237047,
        0.11898416189489563,
        0.08360600864192513,
        0.05926880395710149,
        0.04372599936598046,
        0.056300693246619814,
        0.030737812916820574,
        0.01845190772276544,
        0.010641419082607873,
        0.006222948611078697,
        0.007208178872970599,
        0.0034027064619119684
    ],
    "bin-edges": [
        200,
        300,
        400,
        500,
        600,
        700,
        800,
        900,
        1000,
        1100,
        1200,
        1300,
        1400,
        1500,
        1600,
        1700,
        1800,
        1900,
        2000,
        2200,
        2400,
        2600,
        2800,
        3000,
        3500,
        1000000000
    ]
}