{
    "data": [
        1216.6634175447614,
        258.7370157024515,
        77.98680538318585,
        32.19078261313212,
        14.795884334010328,
        7.269207023679456,
        3.982597211993816,
        2.27397827765549,
        1.3603669944857133,
        0.8650016142546209,
        0.5528805053088425,
        0.3617550718940502,
        0.24391831714133835,
        0.16633184004398616,
        0.11614165203907466,
        0.0830679675871971,
        0.05649190062234737,
        0.042163875807549454,
        0.054727464829384925,
        0.030414962816341498,
        0.017398559387134492,
        0.010046297117628986,
        0.005951834734794997,
        0.006673068815226828,
        0.0030137240221806624
    ],
    "SM": [
        1503.009761992703,
        256.10375633877396,
        84.40629214423133,
        32.5976823051051,
        14.717942799174036,
        7.171908016124162,
        4.033531768911663,
        2.2520318562571724,
        1.3945232846275775,
        0.868087675981476,
        0.5534863302602925,
        0.36552878401011335,
        0.24184986552848142,
        0.16792994847237047,
        0.11898416189489563,
        0.08360600864192513,
        0.05926880395710149,
        0.04372599936598046,
        0.056300693246619814,
        0.030737812916820574,
        0.01845190772276544,
        0.010641419082607873,
        0.006222948611078697,
        0.007208178872970599,
        0.0034027064619119684
    ],
    "bin-edges": [
        200,
        300,
        400,
        500,
        600,
        700,
        800,
        900,
        1000,
        1100,
        1200,
        1300,
        1400,
        1500,
        1600,
        1700,
        1800,
        1900,
        2000,
        2200,
        2400,
        2600,
        2800,
        3000,
        3500,
        1000000000
    ]
}