{
    "data": [
        1308.168647165073,
        263.4911627981793,
        78.69853325666637,
        31.78121313142876,
        14.980505679731124,
        7.561358270274965,
        4.0083423204735835,
        2.329561080355328,
        1.3628161223879804,
        0.8549768555673768,
        0.5462765085037931,
        0.3620768064026673,
        0.24792668697772233,
        0.16941078212570906,
        0.11840969416889086,
        0.08279051125697308,
        0.06470547982637628,
        0.04248560467779691,
        0.05516802015073738,
        0.030727179399801935,
        0.01805843581401772,
        0.01052096292419275,
        0.006245236827424418,
        0.007051167968929256,
        0.0034176359314625616
    ],
    "SM": [
        1503.009761992703,
        256.10375633877396,
        84.40629214423133,
        32.5976823051051,
        14.717942799174036,
        7.171908016124162,
        4.033531768911663,
        2.2520318562571724,
        1.3945232846275775,
        0.868087675981476,
        0.5534863302602925,
        0.36552878401011335,
        0.24184986552848142,
        0.16792994847237047,
        0.11898416189489563,
        0.08360600864192513,
        0.05926880395710149,
        0.04372599936598046,
        0.056300693246619814,
        0.030737812916820574,
        0.01845190772276544,
        0.010641419082607873,
        0.006222948611078697,
        0.007208178872970599,
        0.0034027064619119684
    ],
    "bin-edges": [
        200,
        300,
        400,
        500,
        600,
        700,
        800,
        900,
        1000,
        1100,
        1200,
        1300,
        1400,
        1500,
        1600,
        1700,
        1800,
        1900,
        2000,
        2200,
        2400,
        2600,
        2800,
        3000,
        3500,
        1000000000
    ]
}