{
    "data": [
        1221.1045816587066,
        256.34123339535734,
        78.0966545904209,
        31.798891981969902,
        14.949688034031352,
        7.257684840281008,
        3.9901092964357012,
        2.329866024877903,
        1.3885546902474157,
        0.8568740242308909,
        0.5544414190111606,
        0.3641625293299705,
        0.24198911775989798,
        0.1725576911294079,
        0.11655925860364465,
        0.08409528058894206,
        0.05895508402342999,
        0.04332011176110396,
        0.0556255331004056,
        0.031842776636760405,
        0.018493855910921408,
        0.011193817692996278,
        0.005441906149285291,
        0.007198825005037212,
        0.007116926357985134
    ],
    "SM": [
        1503.009761992703,
        256.10375633877396,
        84.40629214423133,
        32.5976823051051,
        14.717942799174036,
        7.171908016124162,
        4.033531768911663,
        2.2520318562571724,
        1.3945232846275775,
        0.868087675981476,
        0.5534863302602925,
        0.36552878401011335,
        0.24184986552848142,
        0.16792994847237047,
        0.11898416189489563,
        0.08360600864192513,
        0.05926880395710149,
        0.04372599936598046,
        0.056300693246619814,
        0.030737812916820574,
        0.01845190772276544,
        0.010641419082607873,
        0.006222948611078697,
        0.007208178872970599,
        0.0034027064619119684
    ],
    "bin-edges": [
        200,
        300,
        400,
        500,
        600,
        700,
        800,
        900,
        1000,
        1100,
        1200,
        1300,
        1400,
        1500,
        1600,
        1700,
        1800,
        1900,
        2000,
        2200,
        2400,
        2600,
        2800,
        3000,
        3500,
        1000000000
    ]
}