{
    "data": [
        1218.3783747551793,
        254.42051155855177,
        77.09627020467107,
        31.155345712767296,
        14.529384916394896,
        6.976403647028352,
        3.790165137830107,
        2.1850907126458776,
        1.2820983814889024,
        0.7751647108294892,
        0.4939928038952447,
        0.31617315276509583,
        0.2052707897051903,
        0.14225695399107618,
        0.0937948440017694,
        0.06554239567551831,
        0.045076410996762975,
        0.031224216481589517,
        0.03839711295165708,
        0.020378512934914557,
        0.011819888937873009,
        0.007651271284099004,
        0.005846130643396503,
        0.022822970454292973,
        0.48914627890311374
    ],
    "SM": [
        1503.009761992703,
        256.10375633877396,
        84.40629214423133,
        32.5976823051051,
        14.717942799174036,
        7.171908016124162,
        4.033531768911663,
        2.2520318562571724,
        1.3945232846275775,
        0.868087675981476,
        0.5534863302602925,
        0.36552878401011335,
        0.24184986552848142,
        0.16792994847237047,
        0.11898416189489563,
        0.08360600864192513,
        0.05926880395710149,
        0.04372599936598046,
        0.056300693246619814,
        0.030737812916820574,
        0.01845190772276544,
        0.010641419082607873,
        0.006222948611078697,
        0.007208178872970599,
        0.0034027064619119684
    ],
    "bin-edges": [
        200,
        300,
        400,
        500,
        600,
        700,
        800,
        900,
        1000,
        1100,
        1200,
        1300,
        1400,
        1500,
        1600,
        1700,
        1800,
        1900,
        2000,
        2200,
        2400,
        2600,
        2800,
        3000,
        3500,
        1000000000
    ]
}