{
    "data": [
        1310.0747882104647,
        258.8545511174097,
        80.24955705728574,
        32.914387822384754,
        14.809673196280643,
        7.240643841454099,
        4.014984848169521,
        2.2404754492981174,
        1.3774555676134452,
        0.8357531630849494,
        0.5437907495306236,
        0.35550173037670635,
        0.2380884040665514,
        0.16419558852658772,
        0.11477722939661143,
        0.08109015865751498,
        0.058267149063775996,
        0.04103981413090406,
        0.053715044781995964,
        0.029041910489300396,
        0.016559032198961317,
        0.00978279846362672,
        0.005732697515022499,
        0.006297028689467911,
        0.002780261871328408
    ],
    "SM": [
        1503.009761992703,
        256.10375633877396,
        84.40629214423133,
        32.5976823051051,
        14.717942799174036,
        7.171908016124162,
        4.033531768911663,
        2.2520318562571724,
        1.3945232846275775,
        0.868087675981476,
        0.5534863302602925,
        0.36552878401011335,
        0.24184986552848142,
        0.16792994847237047,
        0.11898416189489563,
        0.08360600864192513,
        0.05926880395710149,
        0.04372599936598046,
        0.056300693246619814,
        0.030737812916820574,
        0.01845190772276544,
        0.010641419082607873,
        0.006222948611078697,
        0.007208178872970599,
        0.0034027064619119684
    ],
    "bin-edges": [
        200,
        300,
        400,
        500,
        600,
        700,
        800,
        900,
        1000,
        1100,
        1200,
        1300,
        1400,
        1500,
        1600,
        1700,
        1800,
        1900,
        2000,
        2200,
        2400,
        2600,
        2800,
        3000,
        3500,
        1000000000
    ]
}