{
    "data": [
        1221.184109530357,
        253.48971452489812,
        81.86108165903921,
        32.567780496689466,
        14.636944386604522,
        7.357173511345629,
        4.015367191751305,
        2.372745857903837,
        1.3793874039111143,
        0.8649410333331379,
        0.5537259373870315,
        0.360786601412788,
        0.2501564977470767,
        0.16942891191138,
        0.11864254069120556,
        0.08546645345638212,
        0.05967774257022021,
        0.04328854065404432,
        0.05566171762742076,
        0.03185780237734621,
        0.01756584653664709,
        0.010644680764327978,
        0.006327443627144704,
        0.007266376076606336,
        0.00343386986789642
    ],
    "SM": [
        1503.009761992703,
        256.10375633877396,
        84.40629214423133,
        32.5976823051051,
        14.717942799174036,
        7.171908016124162,
        4.033531768911663,
        2.2520318562571724,
        1.3945232846275775,
        0.868087675981476,
        0.5534863302602925,
        0.36552878401011335,
        0.24184986552848142,
        0.16792994847237047,
        0.11898416189489563,
        0.08360600864192513,
        0.05926880395710149,
        0.04372599936598046,
        0.056300693246619814,
        0.030737812916820574,
        0.01845190772276544,
        0.010641419082607873,
        0.006222948611078697,
        0.007208178872970599,
        0.0034027064619119684
    ],
    "bin-edges": [
        200,
        300,
        400,
        500,
        600,
        700,
        800,
        900,
        1000,
        1100,
        1200,
        1300,
        1400,
        1500,
        1600,
        1700,
        1800,
        1900,
        2000,
        2200,
        2400,
        2600,
        2800,
        3000,
        3500,
        1000000000
    ]
}