{
    "data": [
        1026.7827730786144,
        258.02295620814147,
        84.22780363302206,
        32.28999638826054,
        14.982274363609049,
        7.440406674005083,
        3.9960439599958524,
        2.3260506710378674,
        1.3605975835944244,
        0.848712952558075,
        0.5640328787773266,
        0.35850820126412514,
        0.24444402683427996,
        0.1732260991438193,
        0.11375795596786781,
        0.0809640206124406,
        0.06078540004481388,
        0.04324813758531226,
        0.05649478496861433,
        0.03133960079951391,
        0.01794130078581792,
        0.010359204122357229,
        0.006179287632842154,
        0.006975371007631361,
        0.0038251605129252654
    ],
    "SM": [
        1503.009761992703,
        256.10375633877396,
        84.40629214423133,
        32.5976823051051,
        14.717942799174036,
        7.171908016124162,
        4.033531768911663,
        2.2520318562571724,
        1.3945232846275775,
        0.868087675981476,
        0.5534863302602925,
        0.36552878401011335,
        0.24184986552848142,
        0.16792994847237047,
        0.11898416189489563,
        0.08360600864192513,
        0.05926880395710149,
        0.04372599936598046,
        0.056300693246619814,
        0.030737812916820574,
        0.01845190772276544,
        0.010641419082607873,
        0.006222948611078697,
        0.007208178872970599,
        0.0034027064619119684
    ],
    "bin-edges": [
        200,
        300,
        400,
        500,
        600,
        700,
        800,
        900,
        1000,
        1100,
        1200,
        1300,
        1400,
        1500,
        1600,
        1700,
        1800,
        1900,
        2000,
        2200,
        2400,
        2600,
        2800,
        3000,
        3500,
        1000000000
    ]
}