{
    "data": [
        1215.4304616335958,
        257.8462331107442,
        77.50576597915604,
        31.889970628328886,
        14.603498100762376,
        7.140792171938772,
        3.8956917173662937,
        2.2066500826306115,
        1.3126994539092918,
        0.8255808231664893,
        0.5244957913083347,
        0.34135011315217423,
        0.2275119965193935,
        0.15358892692247803,
        0.10610839207060138,
        0.07450721631032091,
        0.05052154562482364,
        0.03734208347590263,
        0.04726657389014196,
        0.0254037153654772,
        0.014084729730486632,
        0.007851966909680916,
        0.004492012991256056,
        0.004787501657330958,
        0.002303789087158648
    ],
    "SM": [
        1503.009761992703,
        256.10375633877396,
        84.40629214423133,
        32.5976823051051,
        14.717942799174036,
        7.171908016124162,
        4.033531768911663,
        2.2520318562571724,
        1.3945232846275775,
        0.868087675981476,
        0.5534863302602925,
        0.36552878401011335,
        0.24184986552848142,
        0.16792994847237047,
        0.11898416189489563,
        0.08360600864192513,
        0.05926880395710149,
        0.04372599936598046,
        0.056300693246619814,
        0.030737812916820574,
        0.01845190772276544,
        0.010641419082607873,
        0.006222948611078697,
        0.007208178872970599,
        0.0034027064619119684
    ],
    "bin-edges": [
        200,
        300,
        400,
        500,
        600,
        700,
        800,
        900,
        1000,
        1100,
        1200,
        1300,
        1400,
        1500,
        1600,
        1700,
        1800,
        1900,
        2000,
        2200,
        2400,
        2600,
        2800,
        3000,
        3500,
        1000000000
    ]
}