{
    "data": [
        1316.3898496813827,
        254.85549979155243,
        79.82786829636746,
        32.59577561617384,
        14.764268655737768,
        7.310382620993307,
        4.061731304950109,
        2.279540868264139,
        1.3663379883237545,
        0.8666015369859127,
        0.5500848001570043,
        0.36390047667498887,
        0.24979557328008198,
        0.16770302677158003,
        0.11562387749445255,
        0.08616048807079904,
        0.05953774232148944,
        0.04384937583766654,
        0.05688080241737648,
        0.030978165958556524,
        0.01755948538717397,
        0.010604183892352013,
        0.0064953255076275074,
        0.007250426703159491,
        0.003423171469122948
    ],
    "SM": [
        1503.009761992703,
        256.10375633877396,
        84.40629214423133,
        32.5976823051051,
        14.717942799174036,
        7.171908016124162,
        4.033531768911663,
        2.2520318562571724,
        1.3945232846275775,
        0.868087675981476,
        0.5534863302602925,
        0.36552878401011335,
        0.24184986552848142,
        0.16792994847237047,
        0.11898416189489563,
        0.08360600864192513,
        0.05926880395710149,
        0.04372599936598046,
        0.056300693246619814,
        0.030737812916820574,
        0.01845190772276544,
        0.010641419082607873,
        0.006222948611078697,
        0.007208178872970599,
        0.0034027064619119684
    ],
    "bin-edges": [
        200,
        300,
        400,
        500,
        600,
        700,
        800,
        900,
        1000,
        1100,
        1200,
        1300,
        1400,
        1500,
        1600,
        1700,
        1800,
        1900,
        2000,
        2200,
        2400,
        2600,
        2800,
        3000,
        3500,
        1000000000
    ]
}