{
    "data": [
        1315.5606619393523,
        256.18666386677234,
        80.14240726579298,
        32.62886274868785,
        14.629309947296688,
        7.423608539337678,
        3.966438224004415,
        2.279464790229635,
        1.395011745922991,
        0.8659935720624448,
        0.5521777945864333,
        0.3620876509031759,
        0.25404774462751395,
        0.16985185706340333,
        0.11688577704891653,
        0.08488536132357502,
        0.05945766103904499,
        0.04270874295905451,
        0.056298872045655,
        0.031167986960136163,
        0.018119369734308742,
        0.010610575714234328,
        0.006278367439080943,
        0.007187495018894205,
        0.0034100343414668107
    ],
    "SM": [
        1503.009761992703,
        256.10375633877396,
        84.40629214423133,
        32.5976823051051,
        14.717942799174036,
        7.171908016124162,
        4.033531768911663,
        2.2520318562571724,
        1.3945232846275775,
        0.868087675981476,
        0.5534863302602925,
        0.36552878401011335,
        0.24184986552848142,
        0.16792994847237047,
        0.11898416189489563,
        0.08360600864192513,
        0.05926880395710149,
        0.04372599936598046,
        0.056300693246619814,
        0.030737812916820574,
        0.01845190772276544,
        0.010641419082607873,
        0.006222948611078697,
        0.007208178872970599,
        0.0034027064619119684
    ],
    "bin-edges": [
        200,
        300,
        400,
        500,
        600,
        700,
        800,
        900,
        1000,
        1100,
        1200,
        1300,
        1400,
        1500,
        1600,
        1700,
        1800,
        1900,
        2000,
        2200,
        2400,
        2600,
        2800,
        3000,
        3500,
        1000000000
    ]
}