{
    "data": [
        1310.8097866710448,
        259.15809703965164,
        80.41982557712642,
        33.01988207478644,
        14.876578543781248,
        7.285284336398626,
        4.046156865115672,
        2.2635163931508058,
        1.3937797077556495,
        0.8481417246591461,
        0.5534290314495178,
        0.36293718938733704,
        0.2437086668190652,
        0.16881112487478117,
        0.1183893763707773,
        0.08399128402366209,
        0.060688406745663025,
        0.04296807278315056,
        0.05662152577903452,
        0.03085114227771394,
        0.017798685090399044,
        0.010672225654481022,
        0.006369134997342507,
        0.007161009304660845,
        0.003415055972966492
    ],
    "SM": [
        1503.009761992703,
        256.10375633877396,
        84.40629214423133,
        32.5976823051051,
        14.717942799174036,
        7.171908016124162,
        4.033531768911663,
        2.2520318562571724,
        1.3945232846275775,
        0.868087675981476,
        0.5534863302602925,
        0.36552878401011335,
        0.24184986552848142,
        0.16792994847237047,
        0.11898416189489563,
        0.08360600864192513,
        0.05926880395710149,
        0.04372599936598046,
        0.056300693246619814,
        0.030737812916820574,
        0.01845190772276544,
        0.010641419082607873,
        0.006222948611078697,
        0.007208178872970599,
        0.0034027064619119684
    ],
    "bin-edges": [
        200,
        300,
        400,
        500,
        600,
        700,
        800,
        900,
        1000,
        1100,
        1200,
        1300,
        1400,
        1500,
        1600,
        1700,
        1800,
        1900,
        2000,
        2200,
        2400,
        2600,
        2800,
        3000,
        3500,
        1000000000
    ]
}