{
    "data": [
        1407.243373141124,
        255.7795400011224,
        79.0772932388346,
        32.23916065813324,
        14.692456363969136,
        7.262979041231771,
        3.9307072223479738,
        2.351728088165022,
        1.3922462071964443,
        0.8535798907109545,
        0.5428286496042445,
        0.35740226280667686,
        0.24267209297338516,
        0.16855848509226215,
        0.11660844895185313,
        0.08213901450052905,
        0.059503490148373625,
        0.042195453900427005,
        0.05505243773841859,
        0.029814344982937963,
        0.01663518532007318,
        0.009958071417029495,
        0.00592821849246211,
        0.0066510903947155555,
        0.0029894025356089963
    ],
    "SM": [
        1503.009761992703,
        256.10375633877396,
        84.40629214423133,
        32.5976823051051,
        14.717942799174036,
        7.171908016124162,
        4.033531768911663,
        2.2520318562571724,
        1.3945232846275775,
        0.868087675981476,
        0.5534863302602925,
        0.36552878401011335,
        0.24184986552848142,
        0.16792994847237047,
        0.11898416189489563,
        0.08360600864192513,
        0.05926880395710149,
        0.04372599936598046,
        0.056300693246619814,
        0.030737812916820574,
        0.01845190772276544,
        0.010641419082607873,
        0.006222948611078697,
        0.007208178872970599,
        0.0034027064619119684
    ],
    "bin-edges": [
        200,
        300,
        400,
        500,
        600,
        700,
        800,
        900,
        1000,
        1100,
        1200,
        1300,
        1400,
        1500,
        1600,
        1700,
        1800,
        1900,
        2000,
        2200,
        2400,
        2600,
        2800,
        3000,
        3500,
        1000000000
    ]
}