{
    "data": [
        1315.9683434308074,
        254.60613990528927,
        79.68646247886792,
        32.50769530036128,
        14.70964609449921,
        7.27139109571544,
        4.035162006573774,
        2.2602930949791027,
        1.3523160057888013,
        0.8559314238366684,
        0.5419491343724464,
        0.3579307220778294,
        0.24467385199972108,
        0.16392603976800982,
        0.11259499186342173,
        0.08358712412412411,
        0.05753179447893485,
        0.04225086999487836,
        0.054485458429679945,
        0.029404147848301265,
        0.01649995982843898,
        0.009853705550430535,
        0.005960350827448005,
        0.006511549070159805,
        0.002883413573286486
    ],
    "SM": [
        1503.009761992703,
        256.10375633877396,
        84.40629214423133,
        32.5976823051051,
        14.717942799174036,
        7.171908016124162,
        4.033531768911663,
        2.2520318562571724,
        1.3945232846275775,
        0.868087675981476,
        0.5534863302602925,
        0.36552878401011335,
        0.24184986552848142,
        0.16792994847237047,
        0.11898416189489563,
        0.08360600864192513,
        0.05926880395710149,
        0.04372599936598046,
        0.056300693246619814,
        0.030737812916820574,
        0.01845190772276544,
        0.010641419082607873,
        0.006222948611078697,
        0.007208178872970599,
        0.0034027064619119684
    ],
    "bin-edges": [
        200,
        300,
        400,
        500,
        600,
        700,
        800,
        900,
        1000,
        1100,
        1200,
        1300,
        1400,
        1500,
        1600,
        1700,
        1800,
        1900,
        2000,
        2200,
        2400,
        2600,
        2800,
        3000,
        3500,
        1000000000
    ]
}