{
    "data": [
        1216.885648850353,
        258.8975685532631,
        78.0736657530461,
        32.24523172424328,
        14.8308061183463,
        7.292600127334415,
        3.9984915167877277,
        2.286350293795564,
        1.369170992627077,
        0.8723237901467914,
        0.558185638318503,
        0.3655947773416451,
        0.24703005210158258,
        0.16876841396302167,
        0.11807692985856649,
        0.08473648464764179,
        0.05766786630350658,
        0.043123845630786375,
        0.05624090762122296,
        0.031459713155940906,
        0.018112829791120513,
        0.010538177282271457,
        0.006293369435865001,
        0.0071549944059109425,
        0.0033737278081061774
    ],
    "SM": [
        1503.009761992703,
        256.10375633877396,
        84.40629214423133,
        32.5976823051051,
        14.717942799174036,
        7.171908016124162,
        4.033531768911663,
        2.2520318562571724,
        1.3945232846275775,
        0.868087675981476,
        0.5534863302602925,
        0.36552878401011335,
        0.24184986552848142,
        0.16792994847237047,
        0.11898416189489563,
        0.08360600864192513,
        0.05926880395710149,
        0.04372599936598046,
        0.056300693246619814,
        0.030737812916820574,
        0.01845190772276544,
        0.010641419082607873,
        0.006222948611078697,
        0.007208178872970599,
        0.0034027064619119684
    ],
    "bin-edges": [
        200,
        300,
        400,
        500,
        600,
        700,
        800,
        900,
        1000,
        1100,
        1200,
        1300,
        1400,
        1500,
        1600,
        1700,
        1800,
        1900,
        2000,
        2200,
        2400,
        2600,
        2800,
        3000,
        3500,
        1000000000
    ]
}