{
    "data": [
        1316.319015931597,
        254.81359366360255,
        79.80409531953447,
        32.580960672385736,
        14.755076097298932,
        7.30381600355523,
        4.057253213106317,
        2.2762938636799297,
        1.3639702498475037,
        0.8647977842081109,
        0.5487078656309958,
        0.3628888153895128,
        0.24892638817907942,
        0.16706110805026989,
        0.11510821235694312,
        0.08572159161724781,
        0.059194964639361976,
        0.04357568239915098,
        0.05646942776461889,
        0.030706597243411564,
        0.017375716395388516,
        0.010473243255602992,
        0.006401407846379993,
        0.007119144809122999,
        0.0033224290727867432
    ],
    "SM": [
        1503.009761992703,
        256.10375633877396,
        84.40629214423133,
        32.5976823051051,
        14.717942799174036,
        7.171908016124162,
        4.033531768911663,
        2.2520318562571724,
        1.3945232846275775,
        0.868087675981476,
        0.5534863302602925,
        0.36552878401011335,
        0.24184986552848142,
        0.16792994847237047,
        0.11898416189489563,
        0.08360600864192513,
        0.05926880395710149,
        0.04372599936598046,
        0.056300693246619814,
        0.030737812916820574,
        0.01845190772276544,
        0.010641419082607873,
        0.006222948611078697,
        0.007208178872970599,
        0.0034027064619119684
    ],
    "bin-edges": [
        200,
        300,
        400,
        500,
        600,
        700,
        800,
        900,
        1000,
        1100,
        1200,
        1300,
        1400,
        1500,
        1600,
        1700,
        1800,
        1900,
        2000,
        2200,
        2400,
        2600,
        2800,
        3000,
        3500,
        1000000000
    ]
}