{
    "data": [
        1026.02349790472,
        257.49000811905705,
        83.93035152299129,
        32.10504522484153,
        14.859210985170362,
        7.3557397185986835,
        3.938936147145364,
        2.2833522600879768,
        1.3301951156206064,
        0.8258864635560779,
        0.5463587089712105,
        0.3450379536474448,
        0.23406090679374977,
        0.16437744554555617,
        0.10734472882820463,
        0.07585603582874113,
        0.056325725502001295,
        0.039746143765741274,
        0.051224581972280095,
        0.02764369002575299,
        0.015447473277086428,
        0.00863239688091114,
        0.005027410748805193,
        0.005343056488253623,
        0.00999846632963298
    ],
    "SM": [
        1503.009761992703,
        256.10375633877396,
        84.40629214423133,
        32.5976823051051,
        14.717942799174036,
        7.171908016124162,
        4.033531768911663,
        2.2520318562571724,
        1.3945232846275775,
        0.868087675981476,
        0.5534863302602925,
        0.36552878401011335,
        0.24184986552848142,
        0.16792994847237047,
        0.11898416189489563,
        0.08360600864192513,
        0.05926880395710149,
        0.04372599936598046,
        0.056300693246619814,
        0.030737812916820574,
        0.01845190772276544,
        0.010641419082607873,
        0.006222948611078697,
        0.007208178872970599,
        0.0034027064619119684
    ],
    "bin-edges": [
        200,
        300,
        400,
        500,
        600,
        700,
        800,
        900,
        1000,
        1100,
        1200,
        1300,
        1400,
        1500,
        1600,
        1700,
        1800,
        1900,
        2000,
        2200,
        2400,
        2600,
        2800,
        3000,
        3500,
        1000000000
    ]
}