{
    "data": [
        1216.8967678655142,
        258.905601548231,
        78.07801313852192,
        32.247957913302656,
        14.832555378793849,
        7.293772562542197,
        3.99928861347128,
        2.286971201160021,
        1.3696131798119884,
        0.872691870306795,
        0.5584525746631217,
        0.36578817590604396,
        0.24718696902835446,
        0.1688914315739439,
        0.11817476313032498,
        0.0848209600084463,
        0.05772749401963797,
        0.04317259517145961,
        0.05631796413296562,
        0.03151310427974162,
        0.01814949162641049,
        0.010563549184565499,
        0.006311077117253018,
        0.00718022944897295,
        0.0033936024160507853
    ],
    "SM": [
        1503.009761992703,
        256.10375633877396,
        84.40629214423133,
        32.5976823051051,
        14.717942799174036,
        7.171908016124162,
        4.033531768911663,
        2.2520318562571724,
        1.3945232846275775,
        0.868087675981476,
        0.5534863302602925,
        0.36552878401011335,
        0.24184986552848142,
        0.16792994847237047,
        0.11898416189489563,
        0.08360600864192513,
        0.05926880395710149,
        0.04372599936598046,
        0.056300693246619814,
        0.030737812916820574,
        0.01845190772276544,
        0.010641419082607873,
        0.006222948611078697,
        0.007208178872970599,
        0.0034027064619119684
    ],
    "bin-edges": [
        200,
        300,
        400,
        500,
        600,
        700,
        800,
        900,
        1000,
        1100,
        1200,
        1300,
        1400,
        1500,
        1600,
        1700,
        1800,
        1900,
        2000,
        2200,
        2400,
        2600,
        2800,
        3000,
        3500,
        1000000000
    ]
}