{
    "data": [
        1213.6031242031518,
        251.0651366632929,
        75.36704818751556,
        30.057771277056556,
        13.824829199305471,
        6.515073695917929,
        3.4698769613233007,
        1.9601062153235826,
        1.122614966583574,
        0.6577630901431332,
        0.4119750752339603,
        0.2547637441851413,
        0.16208476177577988,
        0.10996567536123013,
        0.07281365981515497,
        0.05161651877061497,
        0.037245335077285,
        0.027336062943729988,
        0.0409579468667242,
        0.032702370872935003,
        0.03239645120679466,
        0.03810012153269018,
        0.027561651770675703,
        0.16416794654631678,
        1.2222355741659947
    ],
    "SM": [
        1503.009761992703,
        256.10375633877396,
        84.40629214423133,
        32.5976823051051,
        14.717942799174036,
        7.171908016124162,
        4.033531768911663,
        2.2520318562571724,
        1.3945232846275775,
        0.868087675981476,
        0.5534863302602925,
        0.36552878401011335,
        0.24184986552848142,
        0.16792994847237047,
        0.11898416189489563,
        0.08360600864192513,
        0.05926880395710149,
        0.04372599936598046,
        0.056300693246619814,
        0.030737812916820574,
        0.01845190772276544,
        0.010641419082607873,
        0.006222948611078697,
        0.007208178872970599,
        0.0034027064619119684
    ],
    "bin-edges": [
        200,
        300,
        400,
        500,
        600,
        700,
        800,
        900,
        1000,
        1100,
        1200,
        1300,
        1400,
        1500,
        1600,
        1700,
        1800,
        1900,
        2000,
        2200,
        2400,
        2600,
        2800,
        3000,
        3500,
        1000000000
    ]
}