{
    "data": [
        1311.0455202087828,
        256.4786251460469,
        79.67142424550444,
        31.826179140377928,
        14.055095429745164,
        7.18749570987319,
        3.8305910844730824,
        2.1200409029084057,
        1.2932971377008966,
        0.7759619673915712,
        0.50434508939604,
        0.3105021654757059,
        0.21238401336340515,
        0.14278490368962463,
        0.09540917889734139,
        0.06425691337094303,
        0.044404083002237485,
        0.03201011368741097,
        0.040235703068555936,
        0.020870818673923406,
        0.011263426595003003,
        0.006531543052414,
        0.003980177242168998,
        0.006033158002394504,
        0.12220773762000998
    ],
    "SM": [
        1503.009761992703,
        256.10375633877396,
        84.40629214423133,
        32.5976823051051,
        14.717942799174036,
        7.171908016124162,
        4.033531768911663,
        2.2520318562571724,
        1.3945232846275775,
        0.868087675981476,
        0.5534863302602925,
        0.36552878401011335,
        0.24184986552848142,
        0.16792994847237047,
        0.11898416189489563,
        0.08360600864192513,
        0.05926880395710149,
        0.04372599936598046,
        0.056300693246619814,
        0.030737812916820574,
        0.01845190772276544,
        0.010641419082607873,
        0.006222948611078697,
        0.007208178872970599,
        0.0034027064619119684
    ],
    "bin-edges": [
        200,
        300,
        400,
        500,
        600,
        700,
        800,
        900,
        1000,
        1100,
        1200,
        1300,
        1400,
        1500,
        1600,
        1700,
        1800,
        1900,
        2000,
        2200,
        2400,
        2600,
        2800,
        3000,
        3500,
        1000000000
    ]
}