{
    "data": [
        1315.5066427653987,
        256.1592667528801,
        80.12750650365555,
        32.619596433503204,
        14.623386721057308,
        7.419455411206186,
        3.9637051953946765,
        2.2773971719383916,
        1.3935409778876366,
        0.8648174080620437,
        0.5512871502568988,
        0.3614202797342162,
        0.2535008952470577,
        0.16943805370374035,
        0.1165646545298575,
        0.08460817827662491,
        0.05923651824904488,
        0.04253336719914248,
        0.056035663166077686,
        0.030984722228049426,
        0.01799373583503406,
        0.01052647512733158,
        0.006218752688999757,
        0.007097764882303869,
        0.003348391645800536
    ],
    "SM": [
        1503.009761992703,
        256.10375633877396,
        84.40629214423133,
        32.5976823051051,
        14.717942799174036,
        7.171908016124162,
        4.033531768911663,
        2.2520318562571724,
        1.3945232846275775,
        0.868087675981476,
        0.5534863302602925,
        0.36552878401011335,
        0.24184986552848142,
        0.16792994847237047,
        0.11898416189489563,
        0.08360600864192513,
        0.05926880395710149,
        0.04372599936598046,
        0.056300693246619814,
        0.030737812916820574,
        0.01845190772276544,
        0.010641419082607873,
        0.006222948611078697,
        0.007208178872970599,
        0.0034027064619119684
    ],
    "bin-edges": [
        200,
        300,
        400,
        500,
        600,
        700,
        800,
        900,
        1000,
        1100,
        1200,
        1300,
        1400,
        1500,
        1600,
        1700,
        1800,
        1900,
        2000,
        2200,
        2400,
        2600,
        2800,
        3000,
        3500,
        1000000000
    ]
}