{
    "data": [
        1315.7305244984082,
        254.46544684892137,
        79.60673255410805,
        32.4580773008936,
        14.678908298425254,
        7.2494787642858,
        4.020253026005598,
        2.2495109704778384,
        1.3444758481476786,
        0.8499781694767582,
        0.5374202569649582,
        0.35461580730868497,
        0.24183769009018502,
        0.1618405187492782,
        0.11092820486894651,
        0.08217598980767746,
        0.05643598008815069,
        0.04138106535890854,
        0.05318999831409264,
        0.02856081436882142,
        0.01593842787958943,
        0.009460884692633101,
        0.005683999585226842,
        0.006139831742935351,
        0.002642534871999134
    ],
    "SM": [
        1503.009761992703,
        256.10375633877396,
        84.40629214423133,
        32.5976823051051,
        14.717942799174036,
        7.171908016124162,
        4.033531768911663,
        2.2520318562571724,
        1.3945232846275775,
        0.868087675981476,
        0.5534863302602925,
        0.36552878401011335,
        0.24184986552848142,
        0.16792994847237047,
        0.11898416189489563,
        0.08360600864192513,
        0.05926880395710149,
        0.04372599936598046,
        0.056300693246619814,
        0.030737812916820574,
        0.01845190772276544,
        0.010641419082607873,
        0.006222948611078697,
        0.007208178872970599,
        0.0034027064619119684
    ],
    "bin-edges": [
        200,
        300,
        400,
        500,
        600,
        700,
        800,
        900,
        1000,
        1100,
        1200,
        1300,
        1400,
        1500,
        1600,
        1700,
        1800,
        1900,
        2000,
        2200,
        2400,
        2600,
        2800,
        3000,
        3500,
        1000000000
    ]
}