{
    "data": [
        1314.8928605763613,
        255.84806714486044,
        79.95835446093433,
        32.51448453416469,
        14.556259185351509,
        7.372438527211318,
        3.9328043510428574,
        2.2540533499094635,
        1.3769619291332382,
        0.8515817951517266,
        0.5412837052317971,
        0.35394105794700115,
        0.2473864375940827,
        0.16482239127638298,
        0.11299271109176962,
        0.08153312593561336,
        0.0567917863589892,
        0.04060064918066488,
        0.053150491962142964,
        0.028992365806568526,
        0.016640184871448877,
        0.009629855574360186,
        0.005590620371630734,
        0.006173449114762635,
        0.0028255945668461046
    ],
    "SM": [
        1503.009761992703,
        256.10375633877396,
        84.40629214423133,
        32.5976823051051,
        14.717942799174036,
        7.171908016124162,
        4.033531768911663,
        2.2520318562571724,
        1.3945232846275775,
        0.868087675981476,
        0.5534863302602925,
        0.36552878401011335,
        0.24184986552848142,
        0.16792994847237047,
        0.11898416189489563,
        0.08360600864192513,
        0.05926880395710149,
        0.04372599936598046,
        0.056300693246619814,
        0.030737812916820574,
        0.01845190772276544,
        0.010641419082607873,
        0.006222948611078697,
        0.007208178872970599,
        0.0034027064619119684
    ],
    "bin-edges": [
        200,
        300,
        400,
        500,
        600,
        700,
        800,
        900,
        1000,
        1100,
        1200,
        1300,
        1400,
        1500,
        1600,
        1700,
        1800,
        1900,
        2000,
        2200,
        2400,
        2600,
        2800,
        3000,
        3500,
        1000000000
    ]
}