{
    "data": [
        1312.788122183562,
        258.40435311944725,
        80.77271888423061,
        32.482762064367485,
        14.458204178907376,
        7.469690301410313,
        4.029451379611421,
        2.258653945682676,
        1.403293958783,
        0.8562345143245785,
        0.5662032452859999,
        0.3550477688909353,
        0.250035602051129,
        0.17100641737667172,
        0.11667878004642575,
        0.08168332764685436,
        0.058632735555633406,
        0.04246313117895272,
        0.05615684107354365,
        0.0318636269803863,
        0.01765021363960394,
        0.010490373023706756,
        0.0063392175923604075,
        0.007336442083333772,
        0.0039494152221640965
    ],
    "SM": [
        1503.009761992703,
        256.10375633877396,
        84.40629214423133,
        32.5976823051051,
        14.717942799174036,
        7.171908016124162,
        4.033531768911663,
        2.2520318562571724,
        1.3945232846275775,
        0.868087675981476,
        0.5534863302602925,
        0.36552878401011335,
        0.24184986552848142,
        0.16792994847237047,
        0.11898416189489563,
        0.08360600864192513,
        0.05926880395710149,
        0.04372599936598046,
        0.056300693246619814,
        0.030737812916820574,
        0.01845190772276544,
        0.010641419082607873,
        0.006222948611078697,
        0.007208178872970599,
        0.0034027064619119684
    ],
    "bin-edges": [
        200,
        300,
        400,
        500,
        600,
        700,
        800,
        900,
        1000,
        1100,
        1200,
        1300,
        1400,
        1500,
        1600,
        1700,
        1800,
        1900,
        2000,
        2200,
        2400,
        2600,
        2800,
        3000,
        3500,
        1000000000
    ]
}