{
    "Cphi1": [
        -62697.54604219034,
        -1444.3271901016305,
        -1144.97932504694,
        -884.5211367286693,
        -629.1991386753858,
        -469.66805445463723,
        -431.0450270813696,
        -279.7064770436607,
        -243.36027508844558,
        -158.70963536108673,
        -108.8936980266696,
        -100.4799181912313,
        -75.59659204003485,
        -55.17514033784419,
        -39.35155755389674,
        -31.305066926643697,
        -11.940582114540277,
        -14.664632911085375,
        -6.298243224074583,
        -4.049091022122569
    ],
    "Delta4F": [
        -1571750.064738397,
        -102168.42172984213,
        -98493.37124266442,
        -80419.026825371,
        -68311.77264624462,
        -60958.68831834053,
        -66487.08014100831,
        -50435.35910792068,
        -47446.444433759934,
        -35928.055067054185,
        -31198.911939798112,
        -32399.726360949735,
        -28187.137865235312,
        -24678.02817487802,
        -19623.84150791605,
        -19005.693266968217,
        -9417.505003325148,
        -13471.315916521295,
        -8006.5292902766305,
        -8251.686337351637
    ],
    "CBW": [
        -147532.48466999628,
        -3675.8711347084854,
        -2908.7242930588045,
        -2052.476690038819,
        -1467.0863610755364,
        -1072.9991119821395,
        -1055.1070277505282,
        -669.2737979408986,
        -620.9274375719393,
        -315.33678052592757,
        -282.86546419825635,
        -250.26494093048507,
        -183.0618218793213,
        -139.40304274058917,
        -92.1674688724751,
        -73.40599431852314,
        -30.54304815258213,
        -36.964780223258856,
        -15.984443053482421,
        -10.026943744452474
    ],
    "C2JB": [
        168666.80099939107,
        12143.509761911426,
        11618.348940162463,
        9681.036907936475,
        8314.2851739366,
        7424.086111692797,
        8375.024868278428,
        6082.284709366535,
        6107.323898282556,
        4985.645055685564,
        4125.885053264257,
        4195.289591207197,
        3723.225822193882,
        3283.3145202340543,
        2660.945080621546,
        2543.220094564892,
        1224.7213159774656,
        1844.2356066536217,
        1111.1673474228307,
        1196.857065599305
    ],
    "Cphi1-Cphi1": [
        61142.78029352542,
        1500.166646838246,
        1239.0377889334816,
        930.951084874786,
        667.3986796235289,
        490.08171640991463,
        465.7643993680989,
        312.18271395520475,
        244.97703306038045,
        165.02006072395142,
        127.87365335200366,
        105.28461282992032,
        80.71468151162338,
        60.52097687221941,
        40.76309972614645,
        33.509670396458326,
        13.110764752783274,
        15.950041360423985,
        6.918337525812659,
        4.378841379141315
    ],
    "Cphi1-Delta4F": [
        2346664.6577354004,
        149067.44126447127,
        136793.52506098372,
        114658.92195601568,
        99098.30032851265,
        85704.22254873333,
        95612.93490236628,
        71618.5115539271,
        68467.29418202219,
        52604.381328665484,
        44273.03760678487,
        45785.31894847,
        40598.76069253893,
        34730.85084735716,
        27850.604362411657,
        26712.255672301122,
        12969.699278631231,
        18970.97944165661,
        11355.04758217407,
        11657.942160248023
    ],
    "Cphi1-CBW": [
        299858.73161031934,
        6456.9743645337785,
        5233.031564280664,
        3777.303099187907,
        2695.723972321385,
        2133.0232490062326,
        1952.6988194896385,
        1320.6618846425777,
        1086.260581064167,
        713.5016084836511,
        516.4862472352138,
        461.5494208685254,
        338.32905181321433,
        251.36684069431,
        181.02723265886397,
        142.36709828131143,
        57.374019823857296,
        66.6358829443437,
        29.827649296752792,
        19.452775865560408
    ],
    "Cphi1-C2JB": [
        74032.4848784461,
        5176.8314728450005,
        4870.605181016476,
        4165.836203179821,
        3404.981916455807,
        3004.311702629539,
        3361.648753940607,
        2654.4649824915273,
        2420.48785944458,
        1923.903679350201,
        1634.3237576575996,
        1720.636560383803,
        1497.6212273364263,
        1313.5059703922018,
        1023.0812681102453,
        987.354243842405,
        483.2610942703763,
        716.7615520620707,
        431.80162846606254,
        460.1226642337468
    ],
    "Delta4F-Delta4F": [
        18354361.50172798,
        2371251.640254933,
        2519860.482154122,
        2521972.3672622256,
        2437187.7895532358,
        2484906.9628632395,
        3072751.6593619557,
        2776008.3650758783,
        3076611.8739749305,
        2610268.899714963,
        2669734.6619913382,
        3201209.4244722705,
        3172906.601109035,
        3220190.093910863,
        2900761.922041062,
        3441051.255337814,
        1982287.8808940188,
        3649628.5195834357,
        2909552.334538742,
        5186876.308216567
    ],
    "Delta4F-CBW": [
        5961835.050870428,
        378925.6626055712,
        346777.6246836538,
        307755.1189939995,
        251279.57258227994,
        226412.60477468005,
        248346.44412956614,
        189132.5347442382,
        176123.1227230953,
        132996.04910255864,
        110730.09312891486,
        119077.51231010504,
        105404.78220997645,
        89042.40114531256,
        73629.18457284237,
        69433.86513413998,
        33672.486183524765,
        49257.172344712744,
        29249.82861789608,
        30411.81494974315
    ],
    "Delta4F-C2JB": [
        100711.6888142173,
        -3610.8563067489204,
        -3449.7925387411988,
        -4421.825612677877,
        -5926.039450705696,
        -6231.673789204876,
        -12163.729446604997,
        -15523.024578749284,
        -17002.723177712694,
        -18607.600386642687,
        -20541.52651692882,
        -26093.223265800658,
        -24407.986241260533,
        -29895.08727222819,
        -30374.225738445857,
        -33483.447884094356,
        -21134.082623272374,
        -44190.579006046646,
        -39247.99823360222,
        -88032.77487681837
    ],
    "CBW-CBW": [
        458452.1891386466,
        12076.139655424111,
        9562.619738793504,
        7241.2890894547645,
        4897.943355434735,
        3826.468320160125,
        3611.1945575527384,
        2434.0581541570045,
        2016.6869181647023,
        1339.5540677421707,
        896.3583318983955,
        833.9400946319506,
        651.3021141660328,
        489.7223013765508,
        340.38754726275897,
        264.0092205248368,
        104.63515854065227,
        128.58056491076204,
        55.515931845406186,
        36.51768761305196
    ],
    "CBW-C2JB": [
        472015.306538713,
        33394.17478279569,
        31536.950181383538,
        25866.551655416977,
        22034.831028404686,
        19840.581567231595,
        21795.282747230176,
        16674.462099638975,
        16313.089233563145,
        12238.642376885526,
        10390.540338619363,
        10839.549863815766,
        9656.694964111031,
        8484.923083462349,
        6922.404782909918,
        6534.825746793458,
        3120.1964234350858,
        4592.367403043387,
        2789.309825317351,
        2982.985383361851
    ],