{
    "data": [
        99164.0,
        85642.0,
        74619.0,
        66136.0,
        57923.0,
        51698.0,
        46439.0,
        41578.0,
        37666.0,
        33709.0,
        30511.0,
        27287.0,
        24596.0,
        22133.0,
        20082.0,
        18073.0,
        16540.0,
        14506.0,
        13238.0,
        11742.0,
        10344.0,
        9365.0,
        8233.0,
        7533.0,
        6633.0,
        5881.0,
        5202.0,
        4689.0,
        4117.0,
        3652.0,
        3194.0,
        2762.0,
        2456.0,
        2033.0,
        1852.0,
        1661.0,
        1393.0,
        1293.0,
        1101.0,
        955.0,
        829.0,
        720.0,
        567.0,
        517.0,
        444.0,
        432.0,
        407.0,
        306.0,
        241.0,
        220.0,
        226.0,
        163.0,
        132.0,
        115.0,
        95.0,
        90.0,
        77.0,
        58.0,
        65.0,
        39.0,
        41.0,
        29.0,
        23.0,
        22.0,
        18.0,
        10.0,
        14.0,
        17.0,
        9.0,
        6.0,
        1.0,
        2.0,
        9.0,
        0.0,
        5.0,
        3.0,
        5.0,
        2.0,
        2.0,
        0.0,
        0.0,
        0.0,
        0.0,
        0.0,
        0.0,
        1.0,
        0.0,
        0.0,
        0.0,
        1.0,
        0.0,
        0.0,
        0.0,
        0.0,
        0.0,
        0.0,
        0.0,
        0.0,
        0.0,
        0.0
    ],
    "background": [
        95284.00305618122,
        83019.03796704166,
        72332.82024170792,
        64782.02507442464,
        57224.54802217059,
        51249.23794504459,
        45270.49709416488,
        40542.0984196063,
        36306.39291403558,
        32514.801267306077,
        29119.177549684428,
        26078.169575732314,
        23678.013010429833,
        21205.243089328884,
        19520.394698252876,
        17481.534638331468,
        15873.101210197145,
        14215.192515991432,
        12556.64328378393,
        11401.152291724256,
        9933.433955252462,
        9019.190466864233,
        7967.01087067338,
        7233.751069154278,
        6389.964584395467,
        5644.419222040374,
        5054.954638665179,
        4527.049709416469,
        3998.923670534191,
        3532.4088643196974,
        3077.716890726784,
        2681.5529071800106,
        2368.722696374846,
        1980.4390251170416,
        1798.1653530898773,
        1610.3772478832452,
        1365.038905567677,
        1239.3847244365352,
        1065.125377381832,
        928.0223469660933,
        786.6396588191161,
        685.3833341088649,
        549.8830671006178,
        499.27347773440647,
        429.06792397821926,
        411.5927872302105,
        389.4451979455504,
        291.6973027995981,
        234.02875375861188,
        212.48600410163414,
        218.33824874780566,
        159.1019799755622,
        127.64752274651413,
        109.70009001768898,
        91.71792868045505,
        86.78122884297125,
        74.57844920763011,
        55.85980414087469,
        62.335274715486115,
        47.335072543047986,
        39.575213006520606,
        33.5470816058079,
        28.047097154948254,
        23.128685111090373,
        17.563341788007722,
        16.618267694254627,
        12.794377177171219,
        11.617386017938552,
        9.067274572563262,
        9.064335289670055,
        6.605135380629705,
        5.5227723113940455,
        4.430920371643218,
        3.554697025765177,
        2.931621222353688,
        2.4174461065662687,
        1.9131614410211115,
        1.555973703139977,
        1.231314262971739,
        0.9480944212074082,
        0.7711849523989207,
        0.6101953334651883,
        0.4698112389328233,
        0.36670759923609064,
        0.2823230054684385,
        0.2143889899422819,
        0.1628121640225189,
        0.12028258688592008,
        0.09008085464049091,
        0.06564572071200564,
        0.047835705388782394,
        0.03485763710449955,
        0.025053797146640994
    ],
    "signal": [
        82292.51999092338,
        70201.03085898535,
        59857.27454593452,
        52642.15371837518,
        45410.55288060727,
        40064.615078720206,
        34535.27855717612,
        30378.4523861297,
        26684.199365697375,
        23278.933243107625,
        20612.810300639525,
        18024.96585396146,
        16158.076583031703,
        14279.385823743763,
        13141.580572588071,
        11525.016435016416,
        10462.072846758005,
        9299.619064470695,
        8029.402869929599,
        7344.742506899525,
        6197.422217976367,
        5717.491889864133,
        4967.677361085311,
        4546.5209811592085,
        4047.445483506433,
        3516.424836032432,
        3225.416269394731,
        2887.8886967019534,
        2550.221948318167,
        2252.140174586254,
        1961.7139812445878,
        1735.1908978511515,
        1532.3892875599308,
        1241.3297770837082,
        1162.7075412292238,
        1071.522577504833,
        888.8263496361939,
        824.2864201266218,
        713.125161255158,
        621.1957187914079,
        526.453003490665,
        464.747022281117,
        360.18842005874683,
        338.4164631593594,
        290.7714688435646,
        295.91442911302516,
        285.8040511812278,
        208.51536852044288,
        161.52423948813401,
        152.67352142954138,
        163.99978745028844,
        113.65635670491477,
        90.1560128734109,
        77.90654267706358,
        62.836459529399235,
        62.954348126868396,
        54.37343493845377,
        38.960374042194026,
        47.806970230281735,
        35.014381306078214,
        28.0703736848549,
        24.56441809234491,
        20.534138711344482,
        15.509601496503464,
        11.531909288333726,
        12.036987026661212,
        9.066671197565253,
        8.277359505463197,
        6.565189592365729,
        5.6755905461182135,
        4.677818195487915,
        3.594611103979859,
        3.0638646016168174,
        2.4725059097078397,
        2.0139164762821817,
        1.7009622259009498,
        1.313876442077293,
        1.0477845658694878,
        0.8120776516066137,
        0.6207712626062987,
        0.49741257269327877,
        0.3934676417107215,
        0.3006099110532915,
        0.2309139545435466,
        0.17334798661186168,
        0.1304635588075414,
        0.10079743942551651,
        0.07252600034412697,
        0.052275087753401096,
        0.03809378938242264,
        0.027476853364817557,
        0.03485763710449955,
        0.025053797146640994
    ],