{
    "data": [
        117432.0,
        3054.0,
        2394.0,
        1784.0,
        1287.0,
        961.0,
        839.0,
        547.0,
        446.0,
        295.0,
        210.0,
        167.0,
        123.0,
        80.0,
        52.0,
        50.0,
        31.0,
        18.0,
        17.0,
        11.0
    ],
    "background": [
        113380.69201530391,
        2975.416153450922,
        2304.5101018183673,
        1714.6620057852094,
        1235.2664012094829,
        928.3414017126257,
        801.0379851757609,
        525.72605655821,
        430.8242528494398,
        286.74950272207633,
        201.418018698144,
        161.35967805060136,
        118.1950788563608,
        86.91028554956858,
        61.59417876075615,
        57.31029459335272,
        24.41176319510977,
        30.25951755425707,
        13.334684726328353,
        8.909723413684839
    ],
    "signal": [
        72215.74578489341,
        1960.3489271410267,
        1537.4115813817798,
        1147.6487222820729,
        824.9354423398638,
        629.1879320029241,
        581.7184802942529,
        370.0396080085769,
        316.67330887982985,
        203.81236957832567,
        140.74300220646282,
        117.32778306532217,
        86.76734427247575,
        63.084754990933114,
        45.09855680368939,
        39.0784978114984,
        17.34403070302845,
        20.513209437951716,
        9.251249213507789,
        5.871806152101359
    ],
    "bins": [
        249.38,
        497.07,
        536.66,
        579.41,
        625.56,
        675.39,
        729.18,
        787.27,
        849.97,
        917.68,
        990.77,
        1069.7,
        1154.9,
        1246.9,
        1346.2,
        1453.4,
        1630.5,
        1760.4,
        2052.0,
        2391.9,
        4588.4
    ]
}