{
    "data": [
        53.393617232600086,
        10.669909009,
        2.9846925194650282,
        1.027453644117497,
        0.3996218566964576,
        0.16919332187050515,
        0.07716058042449457,
        0.03664785309874978,
        0.018336289541250484,
        0.008940160557499879,
        0.004719597446125096,
        0.0024602020722250596,
        0.007047860859291754
    ],
    "SM": [
        53.652560000020394,
        10.747602000002486,
        3.0560320000016246,
        1.064060799999981,
        0.4234996142651021,
        0.1818024857349894,
        0.08627901177553082,
        0.041608058224499686,
        0.021606181808105855,
        0.011537217191901924,
        0.006264808570800991,
        0.003459900428400377,
        0.0047046035808007425
    ],
    "bin-edges": [
        500,
        750,
        1000,
        1250,
        1500,
        1750,
        2000,
        2250,
        2500,
        2750,
        3000,
        3250,
        3500,
        1000000000
    ]
}