{
    "data": [
        52.569716035524884,
        10.216331829374964,
        2.796375325789865,
        0.9384088540024847,
        0.3462415494780171,
        0.13774726101024218,
        0.0584222863371687,
        0.02597139712902359,
        0.01130065347910036,
        0.005190665750249885,
        0.0025887929741800425,
        0.0015043837220825049,
        0.07082458512767616
    ],
    "SM": [
        53.652560000020394,
        10.747602000002486,
        3.0560320000016246,
        1.064060799999981,
        0.4234996142651021,
        0.1818024857349894,
        0.08627901177553082,
        0.041608058224499686,
        0.021606181808105855,
        0.011537217191901924,
        0.006264808570800991,
        0.003459900428400377,
        0.0047046035808007425
    ],
    "bin-edges": [
        500,
        750,
        1000,
        1250,
        1500,
        1750,
        2000,
        2250,
        2500,
        2750,
        3000,
        3250,
        3500,
        1000000000
    ]
}