{
    "data": [
        53.16576170925666,
        10.574511290700727,
        2.9389672702658385,
        1.0030450297351747,
        0.38622234577412967,
        0.16143598422578115,
        0.07245660164401659,
        0.0337621584359992,
        0.016504058111998673,
        0.007847261808000168,
        0.004023478682999809,
        0.0020250294277499095,
        0.009140161889249552
    ],
    "SM": [
        53.652560000020394,
        10.747602000002486,
        3.0560320000016246,
        1.064060799999981,
        0.4234996142651021,
        0.1818024857349894,
        0.08627901177553082,
        0.041608058224499686,
        0.021606181808105855,
        0.011537217191901924,
        0.006264808570800991,
        0.003459900428400377,
        0.0047046035808007425
    ],
    "bin-edges": [
        500,
        750,
        1000,
        1250,
        1500,
        1750,
        2000,
        2250,
        2500,
        2750,
        3000,
        3250,
        3500,
        1000000000
    ]
}