{
    "data": [
        53.67328242122374,
        10.789291984549992,
        3.0420967215598425,
        1.0598869123875285,
        0.41653228319748176,
        0.18040546413848366,
        0.08359325978198716,
        0.04090616942350096,
        0.020811994802250513,
        0.010522543364500139,
        0.005883274031499013,
        0.0032004524339750433,
        0.004226050181890579
    ],
    "SM": [
        53.652560000020394,
        10.747602000002486,
        3.0560320000016246,
        1.064060799999981,
        0.4234996142651021,
        0.1818024857349894,
        0.08627901177553082,
        0.041608058224499686,
        0.021606181808105855,
        0.011537217191901924,
        0.006264808570800991,
        0.003459900428400377,
        0.0047046035808007425
    ],
    "bin-edges": [
        500,
        750,
        1000,
        1250,
        1500,
        1750,
        2000,
        2250,
        2500,
        2750,
        3000,
        3250,
        3500,
        1000000000
    ]
}