{
    "data": [
        53.65866316727502,
        10.669615557150015,
        3.0120313678424178,
        1.054011230529966,
        0.4095929121137443,
        0.17417136101549038,
        0.08030342619476318,
        0.0393263086649982,
        0.01925682715224992,
        0.00998396335500027,
        0.005223625671174922,
        0.0028217302959499986,
        0.015137185404908639
    ],
    "SM": [
        53.652560000020394,
        10.747602000002486,
        3.0560320000016246,
        1.064060799999981,
        0.4234996142651021,
        0.1818024857349894,
        0.08627901177553082,
        0.041608058224499686,
        0.021606181808105855,
        0.011537217191901924,
        0.006264808570800991,
        0.003459900428400377,
        0.0047046035808007425
    ],
    "bin-edges": [
        500,
        750,
        1000,
        1250,
        1500,
        1750,
        2000,
        2250,
        2500,
        2750,
        3000,
        3250,
        3500,
        1000000000
    ]
}