{
    "data": [
        53.056117630274954,
        10.26896024682503,
        2.890587636780118,
        0.951717445505027,
        0.36543711902254156,
        0.14668759689774966,
        0.06351169395634985,
        0.027458450975774974,
        0.011964967849474966,
        0.0050112576950625,
        0.002545433975950003,
        0.0020541825126500013,
        0.2121918257132222
    ],
    "SM": [
        53.652560000020394,
        10.747602000002486,
        3.0560320000016246,
        1.064060799999981,
        0.4234996142651021,
        0.1818024857349894,
        0.08627901177553082,
        0.041608058224499686,
        0.021606181808105855,
        0.011537217191901924,
        0.006264808570800991,
        0.003459900428400377,
        0.0047046035808007425
    ],
    "bin-edges": [
        500,
        750,
        1000,
        1250,
        1500,
        1750,
        2000,
        2250,
        2500,
        2750,
        3000,
        3250,
        3500,
        1000000000
    ]
}