{
    "data": [
        51.91596061205005,
        9.801523670875028,
        2.6635070448400415,
        0.8371948466149978,
        0.3018555153185045,
        0.11174701549150691,
        0.04450020903852455,
        0.018105757243160367,
        0.008475826167667639,
        0.00615109010034991,
        0.007757963659749963,
        0.014144073066999973,
        0.44824243719674917
    ],
    "SM": [
        53.652560000020394,
        10.747602000002486,
        3.0560320000016246,
        1.064060799999981,
        0.4234996142651021,
        0.1818024857349894,
        0.08627901177553082,
        0.041608058224499686,
        0.021606181808105855,
        0.011537217191901924,
        0.006264808570800991,
        0.003459900428400377,
        0.0047046035808007425
    ],
    "bin-edges": [
        500,
        750,
        1000,
        1250,
        1500,
        1750,
        2000,
        2250,
        2500,
        2750,
        3000,
        3250,
        3500,
        1000000000
    ]
}