{
    "data": [
        53.80686392512468,
        10.731972238849975,
        3.042143360382417,
        1.0704821782924807,
        0.4188622941327122,
        0.1796871434947568,
        0.08377317715324732,
        0.04158009282199929,
        0.0207189781239997,
        0.010985562514749867,
        0.005883984166999933,
        0.0033475348775000237,
        0.00856466381306815
    ],
    "SM": [
        53.652560000020394,
        10.747602000002486,
        3.0560320000016246,
        1.064060799999981,
        0.4234996142651021,
        0.1818024857349894,
        0.08627901177553082,
        0.041608058224499686,
        0.021606181808105855,
        0.011537217191901924,
        0.006264808570800991,
        0.003459900428400377,
        0.0047046035808007425
    ],
    "bin-edges": [
        500,
        750,
        1000,
        1250,
        1500,
        1750,
        2000,
        2250,
        2500,
        2750,
        3000,
        3250,
        3500,
        1000000000
    ]
}