{
    "data": [
        53.62114721367466,
        10.504230626000023,
        3.0075575968549595,
        1.0126893439325253,
        0.40096179689727507,
        0.16767497211573884,
        0.07633794393737771,
        0.03525780555145082,
        0.016975031532149975,
        0.007291604136725009,
        0.0037571915954499966,
        0.0016930926532917527,
        0.08732668563403645
    ],
    "SM": [
        53.652560000020394,
        10.747602000002486,
        3.0560320000016246,
        1.064060799999981,
        0.4234996142651021,
        0.1818024857349894,
        0.08627901177553082,
        0.041608058224499686,
        0.021606181808105855,
        0.011537217191901924,
        0.006264808570800991,
        0.003459900428400377,
        0.0047046035808007425
    ],
    "bin-edges": [
        500,
        750,
        1000,
        1250,
        1500,
        1750,
        2000,
        2250,
        2500,
        2750,
        3000,
        3250,
        3500,
        1000000000
    ]
}