{
    "data": [
        53.86985460567486,
        10.630404888499989,
        3.058110136419924,
        1.0531850330024632,
        0.41841047341849996,
        0.18078080720600748,
        0.08435960264424833,
        0.04097893140600237,
        0.021111307447499693,
        0.010819530858749867,
        0.005948148400924768,
        0.0033898714387999,
        0.0042068130573628985
    ],
    "SM": [
        53.652560000020394,
        10.747602000002486,
        3.0560320000016246,
        1.064060799999981,
        0.4234996142651021,
        0.1818024857349894,
        0.08627901177553082,
        0.041608058224499686,
        0.021606181808105855,
        0.011537217191901924,
        0.006264808570800991,
        0.003459900428400377,
        0.0047046035808007425
    ],
    "bin-edges": [
        500,
        750,
        1000,
        1250,
        1500,
        1750,
        2000,
        2250,
        2500,
        2750,
        3000,
        3250,
        3500,
        1000000000
    ]
}