{
    "data": [
        53.601457033383554,
        10.520870966599524,
        3.00434897006928,
        1.024818829929847,
        0.4026126429140846,
        0.17166634708577427,
        0.07886866838777869,
        0.03755668119975425,
        0.018939489217497874,
        0.009487851194999524,
        0.005053623122248441,
        0.00278921282774955,
        0.0032817540499993085
    ],
    "SM": [
        53.652560000020394,
        10.747602000002486,
        3.0560320000016246,
        1.064060799999981,
        0.4234996142651021,
        0.1818024857349894,
        0.08627901177553082,
        0.041608058224499686,
        0.021606181808105855,
        0.011537217191901924,
        0.006264808570800991,
        0.003459900428400377,
        0.0047046035808007425
    ],
    "bin-edges": [
        500,
        750,
        1000,
        1250,
        1500,
        1750,
        2000,
        2250,
        2500,
        2750,
        3000,
        3250,
        3500,
        1000000000
    ]
}