{
    "data": [
        53.445108880799424,
        10.457289930775012,
        2.9732929808625674,
        1.00853615326253,
        0.3936155292519833,
        0.16652573488226352,
        0.07580768626100527,
        0.03567602563850307,
        0.017766716124750642,
        0.008782574332999924,
        0.0045922723756752215,
        0.0024889806492026053,
        0.002928294171379822
    ],
    "SM": [
        53.652560000020394,
        10.747602000002486,
        3.0560320000016246,
        1.064060799999981,
        0.4234996142651021,
        0.1818024857349894,
        0.08627901177553082,
        0.041608058224499686,
        0.021606181808105855,
        0.011537217191901924,
        0.006264808570800991,
        0.003459900428400377,
        0.0047046035808007425
    ],
    "bin-edges": [
        500,
        750,
        1000,
        1250,
        1500,
        1750,
        2000,
        2250,
        2500,
        2750,
        3000,
        3250,
        3500,
        1000000000
    ]
}