{
    "data": [
        53.74389391005017,
        10.817277257425017,
        3.0558075011950687,
        1.0657586158675287,
        0.42089267174502565,
        0.18168623543874096,
        0.08487519405900255,
        0.041491611186500764,
        0.021502937476250233,
        0.010899817132750095,
        0.006034356659075471,
        0.003341262495200106,
        0.004696271748806508
    ],
    "SM": [
        53.652560000020394,
        10.747602000002486,
        3.0560320000016246,
        1.064060799999981,
        0.4234996142651021,
        0.1818024857349894,
        0.08627901177553082,
        0.041608058224499686,
        0.021606181808105855,
        0.011537217191901924,
        0.006264808570800991,
        0.003459900428400377,
        0.0047046035808007425
    ],
    "bin-edges": [
        500,
        750,
        1000,
        1250,
        1500,
        1750,
        2000,
        2250,
        2500,
        2750,
        3000,
        3250,
        3500,
        1000000000
    ]
}