{
    "data": [
        53.32211428476117,
        10.643953715201516,
        2.9722104783030705,
        1.022427621694803,
        0.39577386373907797,
        0.1682877962609473,
        0.07631412441076925,
        0.03637190593350672,
        0.01792471058550094,
        0.008718529070249557,
        0.004701016384501322,
        0.0024253772356502283,
        0.0037241923798508525
    ],
    "SM": [
        53.652560000020394,
        10.747602000002486,
        3.0560320000016246,
        1.064060799999981,
        0.4234996142651021,
        0.1818024857349894,
        0.08627901177553082,
        0.041608058224499686,
        0.021606181808105855,
        0.011537217191901924,
        0.006264808570800991,
        0.003459900428400377,
        0.0047046035808007425
    ],
    "bin-edges": [
        500,
        750,
        1000,
        1250,
        1500,
        1750,
        2000,
        2250,
        2500,
        2750,
        3000,
        3250,
        3500,
        1000000000
    ]
}