{
    "data": [
        52.74590031872522,
        10.407346000249973,
        2.8596879478750714,
        0.962997903370012,
        0.36344155743652257,
        0.14984903812276124,
        0.0655595189662739,
        0.029913385341950597,
        0.014002658183649333,
        0.006411075977125009,
        0.0033082332715069457,
        0.0016099806589825036,
        0.004689696468387301
    ],
    "SM": [
        53.652560000020394,
        10.747602000002486,
        3.0560320000016246,
        1.064060799999981,
        0.4234996142651021,
        0.1818024857349894,
        0.08627901177553082,
        0.041608058224499686,
        0.021606181808105855,
        0.011537217191901924,
        0.006264808570800991,
        0.003459900428400377,
        0.0047046035808007425
    ],
    "bin-edges": [
        500,
        750,
        1000,
        1250,
        1500,
        1750,
        2000,
        2250,
        2500,
        2750,
        3000,
        3250,
        3500,
        1000000000
    ]
}