{
    "data": [
        51.96909124647444,
        10.092318404324988,
        2.7125480491974896,
        0.887194536999998,
        0.32351977755102024,
        0.12805223586650735,
        0.053578467857620465,
        0.02328094018575064,
        0.010435397596824717,
        0.004673550457630085,
        0.0025780509126814535,
        0.0014641160723454037,
        0.009364002954574471
    ],
    "SM": [
        53.652560000020394,
        10.747602000002486,
        3.0560320000016246,
        1.064060799999981,
        0.4234996142651021,
        0.1818024857349894,
        0.08627901177553082,
        0.041608058224499686,
        0.021606181808105855,
        0.011537217191901924,
        0.006264808570800991,
        0.003459900428400377,
        0.0047046035808007425
    ],
    "bin-edges": [
        500,
        750,
        1000,
        1250,
        1500,
        1750,
        2000,
        2250,
        2500,
        2750,
        3000,
        3250,
        3500,
        1000000000
    ]
}