{
    "MXX": 5.0,
    "best-fit": -0.020239670200919498,
    "beta": 1.5,
    "lower-limit": -0.25999999999999934,
    "upper-limit": 0.2000000000000008
}