{
    "MXX": 6.0,
    "best-fit": 0.08491838675846736,
    "beta": 0.5,
    "lower-limit": -0.36999999999999944,
    "upper-limit": 0.38000000000000095
}