{
    "MXX": 4.0,
    "best-fit": 0.13990192830674192,
    "beta": 0.5,
    "lower-limit": -0.3299999999999994,
    "upper-limit": 0.38000000000000095
}