{
    "MXX": 8.0,
    "best-fit": 0.04485205922672762,
    "beta": 2.0,
    "lower-limit": -0.3099999999999994,
    "upper-limit": 0.3000000000000009
}