{
    "MXX": 8.0,
    "best-fit": 0.06252912349669895,
    "beta": 0.8,
    "lower-limit": -0.37999999999999945,
    "upper-limit": 0.37000000000000094
}