{
    "MXX": 7.0,
    "best-fit": 0.08568857850691419,
    "beta": 0.5,
    "lower-limit": -0.36999999999999944,
    "upper-limit": 0.38000000000000095
}