{
    "MXX": 8.0,
    "best-fit": 0.05442747273380477,
    "beta": 1.5,
    "lower-limit": -0.3399999999999994,
    "upper-limit": 0.3300000000000009
}