{
    "MXX": 6.0,
    "best-fit": 0.07244628753421478,
    "beta": 1.0,
    "lower-limit": -0.3399999999999994,
    "upper-limit": 0.3400000000000009
}