{
    "MXX": 7.0,
    "best-fit": 0.07857707659031864,
    "beta": 1.5,
    "lower-limit": -0.2999999999999994,
    "upper-limit": 0.3200000000000009
}