{
    "MXX": 6.0,
    "best-fit": 0.042739876737831695,
    "beta": 1.5,
    "lower-limit": -0.28999999999999937,
    "upper-limit": 0.28000000000000086
}