{
    "MXX": 5.0,
    "best-fit": 0.053244935797026785,
    "beta": 0.5,
    "lower-limit": -0.3399999999999994,
    "upper-limit": 0.3400000000000009
}