{
    "MXX": 7.0,
    "best-fit": 0.08292583447245609,
    "beta": 1.2,
    "lower-limit": -0.3299999999999994,
    "upper-limit": 0.3400000000000009
}