{
    "MXX": 5.0,
    "best-fit": 0.050885520638063925,
    "beta": 0.3,
    "lower-limit": -0.35999999999999943,
    "upper-limit": 0.3500000000000009
}