{
    "MXX": 4.0,
    "best-fit": 0.1815116011945074,
    "beta": 0.3,
    "lower-limit": -0.3499999999999994,
    "upper-limit": 0.420000000000001
}