{
    "MXX": 5.0,
    "best-fit": 0.046541749982357536,
    "beta": 1.0,
    "lower-limit": -0.28999999999999937,
    "upper-limit": 0.29000000000000087
}