{
    "MXX": 7.0,
    "best-fit": 0.08447265793568756,
    "beta": 1.0,
    "lower-limit": -0.3399999999999994,
    "upper-limit": 0.36000000000000093
}