{
    "MXX": 7.0,
    "best-fit": 0.08574406671805489,
    "beta": 0.3,
    "lower-limit": -0.36999999999999944,
    "upper-limit": 0.38000000000000095
}