{
    "MXX": 6.0,
    "best-fit": 0.08711772768123213,
    "beta": 0.3,
    "lower-limit": -0.37999999999999945,
    "upper-limit": 0.39000000000000096
}