{
    "MXX": 5.0,
    "best-fit": 0.028921714524005833,
    "beta": 1.2,
    "lower-limit": -0.26999999999999935,
    "upper-limit": 0.26000000000000084
}