{
    "MXX": 8.0,
    "best-fit": 0.058456966264958166,
    "beta": 1.2,
    "lower-limit": -0.35999999999999943,
    "upper-limit": 0.3500000000000009
}