{
    "MXX": 6.0,
    "best-fit": 0.06298902254163424,
    "beta": 1.2,
    "lower-limit": -0.3199999999999994,
    "upper-limit": 0.3200000000000009
}