{
    "MXX": 4.0,
    "best-fit": -0.058810880725875675,
    "beta": 1.0,
    "lower-limit": -0.27999999999999936,
    "upper-limit": 0.16000000000000075
}