{
    "MXX": 8.0,
    "best-fit": 0.06532939357995256,
    "beta": 0.3,
    "lower-limit": -0.38999999999999946,
    "upper-limit": 0.38000000000000095
}