{
    "MXX": 8.0,
    "best-fit": 0.06071063667755234,
    "beta": 1.0,
    "lower-limit": -0.36999999999999944,
    "upper-limit": 0.36000000000000093
}