{
    "MXX": 4.0,
    "best-fit": -0.1116547153880833,
    "beta": 1.2,
    "lower-limit": -0.27999999999999936,
    "upper-limit": 0.07000000000000076
}