{
    "MXX": 7.0,
    "best-fit": 0.08522242599966551,
    "beta": 0.8,
    "lower-limit": -0.3499999999999994,
    "upper-limit": 0.37000000000000094
}