{
    "MXX": 4.0,
    "best-fit": 0.021110248417917532,
    "beta": 0.8,
    "lower-limit": -0.28999999999999937,
    "upper-limit": 0.26000000000000084
}