{
    "MXX": 5.0,
    "best-fit": 0.053521886845534654,
    "beta": 0.8,
    "lower-limit": -0.3199999999999994,
    "upper-limit": 0.3200000000000009
}