{
    "MXX": 8.0,
    "best-fit": 0.06452079879044786,
    "beta": 0.5,
    "lower-limit": -0.38999999999999946,
    "upper-limit": 0.38000000000000095
}