{
    "MXX": 6.0,
    "best-fit": 0.07887601471635182,
    "beta": 0.8,
    "lower-limit": -0.35999999999999943,
    "upper-limit": 0.36000000000000093
}