{
    "MXX": 7.0,
    "best-fit": 0.0628651093164506,
    "beta": 2.0,
    "lower-limit": -0.25999999999999934,
    "upper-limit": 0.28000000000000086
}