{
    "MXX": 8.0,
    "best-fit": -0.0008978981841052265,
    "beta": 1.0,
    "lower-limit": -0.008999999999999925,
    "upper-limit": 0.0060000000000000765
}