{
    "MXX": 5.0,
    "best-fit": -0.0005674542957650088,
    "beta": 0.5,
    "lower-limit": -0.008999999999999925,
    "upper-limit": 0.0070000000000000765
}