{
    "MXX": 5.0,
    "best-fit": -0.00019776976717183163,
    "beta": 0.3,
    "lower-limit": -0.007999999999999924,
    "upper-limit": 0.0070000000000000765
}