{
    "MXX": 7.0,
    "best-fit": -0.001166681753772226,
    "beta": 1.0,
    "lower-limit": -0.008999999999999925,
    "upper-limit": 0.0060000000000000765
}