{
    "MXX": 7.0,
    "best-fit": -0.00028238821785841935,
    "beta": 0.5,
    "lower-limit": -0.007999999999999924,
    "upper-limit": 0.0070000000000000765
}