{
    "MXX": 8.0,
    "best-fit": -0.003605201780258331,
    "beta": 2.0,
    "lower-limit": -0.011999999999999927,
    "upper-limit": 0.0030000000000000764
}