{
    "MXX": 6.0,
    "best-fit": -0.00012922803949156887,
    "beta": 0.3,
    "lower-limit": -0.007999999999999924,
    "upper-limit": 0.0070000000000000765
}