{
    "MXX": 7.0,
    "best-fit": -9.494769855380845e-05,
    "beta": 0.3,
    "lower-limit": -0.007999999999999924,
    "upper-limit": 0.0070000000000000765
}