{
    "MXX": 8.0,
    "best-fit": -0.0020272234984517194,
    "beta": 1.5,
    "lower-limit": -0.009999999999999926,
    "upper-limit": 0.005000000000000076
}