{
    "MXX": 8.0,
    "best-fit": -0.0005735841838714332,
    "beta": 0.8,
    "lower-limit": -0.008999999999999925,
    "upper-limit": 0.0070000000000000765
}