{
    "MXX": 6.0,
    "best-fit": -0.003590572697752924,
    "beta": 1.5,
    "lower-limit": -0.011999999999999927,
    "upper-limit": 0.0030000000000000764
}