{
    "MXX": 4.0,
    "best-fit": -0.00503717115188266,
    "beta": 1.2,
    "lower-limit": -0.012999999999999928,
    "upper-limit": 0.0020000000000000764
}