{
    "MXX": 6.0,
    "best-fit": -0.0003860248044291048,
    "beta": 0.5,
    "lower-limit": -0.007999999999999924,
    "upper-limit": 0.0070000000000000765
}