{
    "MXX": 6.0,
    "best-fit": -0.0010129861409882335,
    "beta": 0.8,
    "lower-limit": -0.008999999999999925,
    "upper-limit": 0.0060000000000000765
}