{
    "MXX": 4.0,
    "best-fit": -0.003524091843564078,
    "beta": 1.0,
    "lower-limit": -0.011999999999999927,
    "upper-limit": 0.004000000000000076
}