{
    "MXX": 4.0,
    "best-fit": -0.0022700412149175724,
    "beta": 0.8,
    "lower-limit": -0.009999999999999926,
    "upper-limit": 0.005000000000000076
}