{
    "MXX": 7.0,
    "best-fit": -0.004697974350642807,
    "beta": 2.0,
    "lower-limit": -0.012999999999999928,
    "upper-limit": 0.0020000000000000764
}