{
    "MXX": 7.0,
    "best-fit": -0.001685728760111682,
    "beta": 1.2,
    "lower-limit": -0.009999999999999926,
    "upper-limit": 0.005000000000000076
}