{
    "MXX": 6.0,
    "best-fit": -0.0022954025436010385,
    "beta": 1.2,
    "lower-limit": -0.009999999999999926,
    "upper-limit": 0.005000000000000076
}