{
    "MXX": 5.0,
    "best-fit": -0.005140708602028494,
    "beta": 1.5,
    "lower-limit": -0.012999999999999928,
    "upper-limit": 0.0020000000000000764
}