{
    "MXX": 5.0,
    "best-fit": -0.0033003994525677262,
    "beta": 1.2,
    "lower-limit": -0.010999999999999927,
    "upper-limit": 0.004000000000000076
}