{
    "MXX": 6.0,
    "best-fit": -0.0015900616082588606,
    "beta": 1.0,
    "lower-limit": -0.009999999999999926,
    "upper-limit": 0.005000000000000076
}