{
    "MXX": 5.0,
    "best-fit": -0.0014666923079637531,
    "beta": 0.8,
    "lower-limit": -0.009999999999999926,
    "upper-limit": 0.0060000000000000765
}