{
    "MXX": 7.0,
    "best-fit": -0.002640990814964793,
    "beta": 1.5,
    "lower-limit": -0.010999999999999927,
    "upper-limit": 0.004000000000000076
}