{
    "MXX": 4.0,
    "best-fit": -0.0008739804005303267,
    "beta": 0.5,
    "lower-limit": -0.008999999999999925,
    "upper-limit": 0.0060000000000000765
}