{
    "MXX": 8.0,
    "best-fit": -7.635383119022969e-05,
    "beta": 0.3,
    "lower-limit": -0.007999999999999924,
    "upper-limit": 0.0070000000000000765
}