{
    "MXX": 4.0,
    "best-fit": -0.00029085587410773337,
    "beta": 0.3,
    "lower-limit": -0.007999999999999924,
    "upper-limit": 0.0070000000000000765
}