{
    "MXX": 8.0,
    "best-fit": -0.0012953774673014652,
    "beta": 1.2,
    "lower-limit": -0.008999999999999925,
    "upper-limit": 0.0060000000000000765
}