{
    "MXX": 5.0,
    "best-fit": -0.0013133185746325297,
    "beta": 1.2,
    "lower-limit": -0.032999999999999946,
    "upper-limit": 0.030000000000000096
}