{
    "MXX": 6.0,
    "best-fit": -0.0022265619855324223,
    "beta": 0.3,
    "lower-limit": -0.03399999999999995,
    "upper-limit": 0.029000000000000095
}