{
    "MXX": 4.0,
    "best-fit": -0.01261126779378206,
    "beta": 1.0,
    "lower-limit": -0.04499999999999996,
    "upper-limit": 0.018000000000000085
}