{
    "MXX": 6.0,
    "best-fit": -0.0007078967290877433,
    "beta": 1.0,
    "lower-limit": -0.032999999999999946,
    "upper-limit": 0.030000000000000096
}