{
    "MXX": 5.0,
    "best-fit": -0.0019349941809814783,
    "beta": 1.5,
    "lower-limit": -0.03399999999999995,
    "upper-limit": 0.029000000000000095
}