{
    "MXX": 8.0,
    "best-fit": -0.0011537533326164474,
    "beta": 0.8,
    "lower-limit": -0.032999999999999946,
    "upper-limit": 0.030000000000000096
}