{
    "MXX": 5.0,
    "best-fit": -0.0012626398347192224,
    "beta": 1.0,
    "lower-limit": -0.032999999999999946,
    "upper-limit": 0.030000000000000096
}