{
    "MXX": 8.0,
    "best-fit": -0.0015421983740790024,
    "beta": 0.5,
    "lower-limit": -0.03399999999999995,
    "upper-limit": 0.030000000000000096
}