{
    "MXX": 8.0,
    "best-fit": 0.0004026574081322782,
    "beta": 1.5,
    "lower-limit": -0.031999999999999945,
    "upper-limit": 0.031000000000000097
}