{
    "MXX": 7.0,
    "best-fit": 0.000755496922906073,
    "beta": 1.5,
    "lower-limit": -0.030999999999999944,
    "upper-limit": 0.0320000000000001
}