{
    "MXX": 4.0,
    "best-fit": -0.0035830189051967044,
    "beta": 0.3,
    "lower-limit": -0.03599999999999995,
    "upper-limit": 0.027000000000000093
}