{
    "MXX": 6.0,
    "best-fit": -0.001271590901426194,
    "beta": 0.8,
    "lower-limit": -0.032999999999999946,
    "upper-limit": 0.030000000000000096
}