{
    "MXX": 4.0,
    "best-fit": -0.008886558181534367,
    "beta": 0.8,
    "lower-limit": -0.04099999999999995,
    "upper-limit": 0.02200000000000009
}