{
    "MXX": 7.0,
    "best-fit": -0.0017196873604139943,
    "beta": 0.5,
    "lower-limit": -0.03399999999999995,
    "upper-limit": 0.029000000000000095
}