{
    "MXX": 7.0,
    "best-fit": -0.0007567676648824546,
    "beta": 1.0,
    "lower-limit": -0.032999999999999946,
    "upper-limit": 0.030000000000000096
}