{
    "MXX": 7.0,
    "best-fit": 0.0026975727131654465,
    "beta": 2.0,
    "lower-limit": -0.028999999999999942,
    "upper-limit": 0.0340000000000001
}