{
    "MXX": 7.0,
    "best-fit": -0.00021203195594937454,
    "beta": 1.2,
    "lower-limit": -0.031999999999999945,
    "upper-limit": 0.031000000000000097
}