{
    "MXX": 8.0,
    "best-fit": -0.0003800249360625902,
    "beta": 1.2,
    "lower-limit": -0.031999999999999945,
    "upper-limit": 0.031000000000000097
}