{
    "MXX": 4.0,
    "best-fit": -0.005035645532858594,
    "beta": 0.5,
    "lower-limit": -0.03699999999999995,
    "upper-limit": 0.026000000000000092
}