{
    "MXX": 8.0,
    "best-fit": 0.0020961144852933546,
    "beta": 2.0,
    "lower-limit": -0.029999999999999943,
    "upper-limit": 0.0330000000000001
}