{
    "MXX": 6.0,
    "best-fit": -8.609799355296992e-05,
    "beta": 1.2,
    "lower-limit": -0.031999999999999945,
    "upper-limit": 0.031000000000000097
}