{
    "MXX": 4.0,
    "best-fit": -0.016998906229521518,
    "beta": 1.2,
    "lower-limit": -0.04899999999999996,
    "upper-limit": 0.014000000000000082
}