{
    "MXX": 8.0,
    "best-fit": -0.0008044942593025755,
    "beta": 1.0,
    "lower-limit": -0.032999999999999946,
    "upper-limit": 0.030000000000000096
}