{
    "MXX": 6.0,
    "best-fit": -0.0019402107380990517,
    "beta": 0.5,
    "lower-limit": -0.03399999999999995,
    "upper-limit": 0.029000000000000095
}