{
    "MXX": 7.0,
    "best-fit": -0.0012128337885842088,
    "beta": 0.8,
    "lower-limit": -0.032999999999999946,
    "upper-limit": 0.030000000000000096
}