{
    "MXX": 6.0,
    "best-fit": 0.000838892753967899,
    "beta": 1.5,
    "lower-limit": -0.030999999999999944,
    "upper-limit": 0.0320000000000001
}