{
    "MXX": 4.0,
    "best-fit": 0.009657736921546605,
    "beta": 0.8,
    "lower-limit": 0.008500000000001832,
    "upper-limit": 0.01070000000000182
}