{
    "MXX": 7.0,
    "best-fit": 0.001194598236367821,
    "beta": 0.3,
    "lower-limit": -9.999999999817185e-05,
    "upper-limit": 0.002400000000001828
}