{
    "MXX": 5.0,
    "best-fit": 0.008224974710254122,
    "beta": 1.2,
    "lower-limit": 0.007200000000001834,
    "upper-limit": 0.009100000000001829
}