{
    "MXX": 6.0,
    "best-fit": 0.005313009654842993,
    "beta": 1.2,
    "lower-limit": 0.004200000000001826,
    "upper-limit": 0.006300000000001832
}