{
    "MXX": 8.0,
    "best-fit": 0.004457203571855782,
    "beta": 1.5,
    "lower-limit": 0.0033000000000018266,
    "upper-limit": 0.00550000000000183
}