{
    "MXX": 6.0,
    "best-fit": 0.0018667104558911982,
    "beta": 0.5,
    "lower-limit": 0.0006000000000018282,
    "upper-limit": 0.003000000000001827
}