{
    "MXX": 7.0,
    "best-fit": 0.00943079235565026,
    "beta": 2.0,
    "lower-limit": 0.008600000000001832,
    "upper-limit": 0.010200000000001822
}