{
    "MXX": 7.0,
    "best-fit": 0.0039860595998787995,
    "beta": 1.2,
    "lower-limit": 0.0028000000000018275,
    "upper-limit": 0.0050000000000018285
}