{
    "MXX": 4.0,
    "best-fit": 0.0025162072639257826,
    "beta": 0.3,
    "lower-limit": 0.0012000000000018285,
    "upper-limit": 0.003700000000001826
}