{
    "MXX": 8.0,
    "best-fit": 0.0024721953858530725,
    "beta": 1.0,
    "lower-limit": 0.0012000000000018285,
    "upper-limit": 0.003600000000001826
}