{
    "MXX": 4.0,
    "best-fit": 0.020010240152574715,
    "beta": 1.2,
    "lower-limit": 0.01890000000000177,
    "upper-limit": 0.021000000000001757
}