{
    "MXX": 8.0,
    "best-fit": 0.007228036976508177,
    "beta": 2.0,
    "lower-limit": 0.006200000000001832,
    "upper-limit": 0.008100000000001835
}