{
    "MXX": 6.0,
    "best-fit": 0.0014210722689217048,
    "beta": 0.3,
    "lower-limit": 0.00010000000000182816,
    "upper-limit": 0.002600000000001828
}