{
    "MXX": 7.0,
    "best-fit": 0.0030688893750559364,
    "beta": 1.0,
    "lower-limit": 0.0019000000000018288,
    "upper-limit": 0.004200000000001826
}