{
    "MXX": 5.0,
    "best-fit": 0.012734812011029386,
    "beta": 1.5,
    "lower-limit": 0.011800000000001813,
    "upper-limit": 0.013500000000001802
}