{
    "MXX": 5.0,
    "best-fit": 0.005898984244551916,
    "beta": 1.0,
    "lower-limit": 0.004800000000001828,
    "upper-limit": 0.0069000000000018335
}