{
    "MXX": 8.0,
    "best-fit": 0.001286566457283394,
    "beta": 0.5,
    "lower-limit": 1.8281545981907454e-15,
    "upper-limit": 0.002500000000001828
}