{
    "MXX": 5.0,
    "best-fit": 0.0022674702038135834,
    "beta": 0.5,
    "lower-limit": 0.0010000000000018284,
    "upper-limit": 0.0034000000000018265
}