{
    "MXX": 8.0,
    "best-fit": 0.0019023012806612715,
    "beta": 0.8,
    "lower-limit": 0.0006000000000018282,
    "upper-limit": 0.003100000000001827
}