{
    "MXX": 6.0,
    "best-fit": 0.00781450842989152,
    "beta": 1.5,
    "lower-limit": 0.0069000000000018335,
    "upper-limit": 0.008700000000001831
}