{
    "MXX": 7.0,
    "best-fit": 0.0023235357440363168,
    "beta": 0.8,
    "lower-limit": 0.0011000000000018285,
    "upper-limit": 0.0035000000000018263
}