{
    "MXX": 7.0,
    "best-fit": 0.0015217282098503222,
    "beta": 0.5,
    "lower-limit": 0.00020000000000182816,
    "upper-limit": 0.0027000000000018277
}