{
    "MXX": 5.0,
    "best-fit": 0.001543126550798048,
    "beta": 0.3,
    "lower-limit": 0.00030000000000182816,
    "upper-limit": 0.0027000000000018277
}