{
    "MXX": 8.0,
    "best-fit": 0.0031701620346983074,
    "beta": 1.2,
    "lower-limit": 0.002000000000001829,
    "upper-limit": 0.004300000000001827
}