{
    "MXX": 4.0,
    "best-fit": 0.0045616592291886325,
    "beta": 0.5,
    "lower-limit": 0.0033000000000018266,
    "upper-limit": 0.00570000000000183
}