{
    "MXX": 5.0,
    "best-fit": 0.004101007307666445,
    "beta": 0.8,
    "lower-limit": 0.0029000000000018273,
    "upper-limit": 0.005200000000001829
}