{
    "MXX": 6.0,
    "best-fit": 0.004009274302698796,
    "beta": 1.0,
    "lower-limit": 0.0029000000000018273,
    "upper-limit": 0.005100000000001829
}