{
    "MXX": 7.0,
    "best-fit": 0.005690289689887733,
    "beta": 1.5,
    "lower-limit": 0.0046000000000018275,
    "upper-limit": 0.006600000000001833
}