{
    "MXX": 6.0,
    "best-fit": 0.0029689172416851074,
    "beta": 0.8,
    "lower-limit": 0.0018000000000018288,
    "upper-limit": 0.004100000000001826
}