{
    "MXX": 4.0,
    "best-fit": 0.014373815792547968,
    "beta": 1.0,
    "lower-limit": 0.013200000000001804,
    "upper-limit": 0.01540000000000179
}