{
    "MXX": 8.0,
    "best-fit": 0.001034509471865265,
    "beta": 0.3,
    "lower-limit": -0.00029999999999817185,
    "upper-limit": 0.0022000000000018285
}