{
    "data": [
        66.16161382740029,
        10.153624795950028,
        8.773763105949966,
        3.142914242384976,
        1.2777759426950022,
        0.568462456329499,
        0.27997421745800044,
        0.1468588527600006,
        0.09019984087545008,
        0.044667097228600086,
        0.022092451338450142,
        0.011377642469549991,
        0.005883441249134983,
        0.003139635321312011,
        0.04745241546694938
    ],
    "SM": [
        65.61906235650972,
        10.38050216039982,
        8.835813633597864,
        3.1335590750012186,
        1.2980146820799865,
        0.5729707736700375,
        0.28023728287500754,
        0.14706708637500376,
        0.0932601827299735,
        0.044038577270002995,
        0.023199656696706497,
        0.011879585303299066,
        0.006597966175499369,
        0.003636198824499583,
        0.004683594400000187
    ],
    "bin-edges": [
        500,
        700,
        800,
        1000,
        1200,
        1400,
        1600,
        1800,
        2000,
        2250,
        2500,
        2750,
        3000,
        3250,
        3500,
        1000000000
    ]
}