{
    "data": [
        65.97879620904985,
        10.331011179650003,
        8.759783194250074,
        3.1332749234649966,
        1.2797383138450003,
        0.5802075080074994,
        0.27780525485299856,
        0.1477635506344999,
        0.0918065146550002,
        0.04351637198449998,
        0.022223495667200114,
        0.01176068740775001,
        0.006365036707914975,
        0.003384569142899989,
        0.004825338004425824
    ],
    "SM": [
        65.61906235650972,
        10.38050216039982,
        8.835813633597864,
        3.1335590750012186,
        1.2980146820799865,
        0.5729707736700375,
        0.28023728287500754,
        0.14706708637500376,
        0.0932601827299735,
        0.044038577270002995,
        0.023199656696706497,
        0.011879585303299066,
        0.006597966175499369,
        0.003636198824499583,
        0.004683594400000187
    ],
    "bin-edges": [
        500,
        700,
        800,
        1000,
        1200,
        1400,
        1600,
        1800,
        2000,
        2250,
        2500,
        2750,
        3000,
        3250,
        3500,
        1000000000
    ]
}