{
    "data": [
        65.64686118450008,
        10.358488551400004,
        8.780932415650025,
        3.111907332255007,
        1.2547851158000027,
        0.569130787461499,
        0.2727420615929999,
        0.14224550973650002,
        0.08770593708799998,
        0.042223490573,
        0.020985261503700052,
        0.011072707883200002,
        0.005877449944680014,
        0.0031062310181399965,
        0.003939929144766111
    ],
    "SM": [
        65.61906235650972,
        10.38050216039982,
        8.835813633597864,
        3.1335590750012186,
        1.2980146820799865,
        0.5729707736700375,
        0.28023728287500754,
        0.14706708637500376,
        0.0932601827299735,
        0.044038577270002995,
        0.023199656696706497,
        0.011879585303299066,
        0.006597966175499369,
        0.003636198824499583,
        0.004683594400000187
    ],
    "bin-edges": [
        500,
        700,
        800,
        1000,
        1200,
        1400,
        1600,
        1800,
        2000,
        2250,
        2500,
        2750,
        3000,
        3250,
        3500,
        1000000000
    ]
}