{
    "data": [
        66.00341803965016,
        10.249959766449999,
        8.751386899749983,
        3.1258101733449983,
        1.2751139463900039,
        0.5780454033105008,
        0.2786457348114999,
        0.1437097488790002,
        0.08970992853099972,
        0.044103098044999865,
        0.02207913948864998,
        0.011451957098650009,
        0.006191981474605021,
        0.003360763629310007,
        0.004344732367380599
    ],
    "SM": [
        65.61906235650972,
        10.38050216039982,
        8.835813633597864,
        3.1335590750012186,
        1.2980146820799865,
        0.5729707736700375,
        0.28023728287500754,
        0.14706708637500376,
        0.0932601827299735,
        0.044038577270002995,
        0.023199656696706497,
        0.011879585303299066,
        0.006597966175499369,
        0.003636198824499583,
        0.004683594400000187
    ],
    "bin-edges": [
        500,
        700,
        800,
        1000,
        1200,
        1400,
        1600,
        1800,
        2000,
        2250,
        2500,
        2750,
        3000,
        3250,
        3500,
        1000000000
    ]
}