{
    "data": [
        64.7686953573,
        9.782697056449994,
        8.322832582650015,
        2.8934109573399933,
        1.1340458168920018,
        0.4819774430610019,
        0.22361781495799965,
        0.10948821405100005,
        0.06256402521450005,
        0.027853004518979988,
        0.01368354871844651,
        0.008197026550799971,
        0.007423998915870048,
        0.01108867659382001,
        0.6806248139511037
    ],
    "SM": [
        65.61906235650972,
        10.38050216039982,
        8.835813633597864,
        3.1335590750012186,
        1.2980146820799865,
        0.5729707736700375,
        0.28023728287500754,
        0.14706708637500376,
        0.0932601827299735,
        0.044038577270002995,
        0.023199656696706497,
        0.011879585303299066,
        0.006597966175499369,
        0.003636198824499583,
        0.004683594400000187
    ],
    "bin-edges": [
        500,
        700,
        800,
        1000,
        1200,
        1400,
        1600,
        1800,
        2000,
        2250,
        2500,
        2750,
        3000,
        3250,
        3500,
        1000000000
    ]
}