{
    "data": [
        65.64322126745012,
        10.223211680350008,
        8.75955724689996,
        3.0838704693200025,
        1.2492145557299978,
        0.5664600898310004,
        0.26969641875849976,
        0.13657729216600026,
        0.08479244146849989,
        0.04159920978350019,
        0.020364514967450027,
        0.01032966314499998,
        0.00550597505068501,
        0.002923394473915004,
        0.003582080597684681
    ],
    "SM": [
        65.61906235650972,
        10.38050216039982,
        8.835813633597864,
        3.1335590750012186,
        1.2980146820799865,
        0.5729707736700375,
        0.28023728287500754,
        0.14706708637500376,
        0.0932601827299735,
        0.044038577270002995,
        0.023199656696706497,
        0.011879585303299066,
        0.006597966175499369,
        0.003636198824499583,
        0.004683594400000187
    ],
    "bin-edges": [
        500,
        700,
        800,
        1000,
        1200,
        1400,
        1600,
        1800,
        2000,
        2250,
        2500,
        2750,
        3000,
        3250,
        3500,
        1000000000
    ]
}