{
    "data": [
        65.89467707695027,
        10.422206965250007,
        8.859812391449976,
        3.155670883624993,
        1.2795573298899963,
        0.5845849817464998,
        0.2822386000059994,
        0.1484086155949993,
        0.0926176042379996,
        0.04522146102850001,
        0.02287132230430002,
        0.012247990669850042,
        0.006635661335104958,
        0.0035948216148049875,
        0.004864132782674297
    ],
    "SM": [
        65.61906235650972,
        10.38050216039982,
        8.835813633597864,
        3.1335590750012186,
        1.2980146820799865,
        0.5729707736700375,
        0.28023728287500754,
        0.14706708637500376,
        0.0932601827299735,
        0.044038577270002995,
        0.023199656696706497,
        0.011879585303299066,
        0.006597966175499369,
        0.003636198824499583,
        0.004683594400000187
    ],
    "bin-edges": [
        500,
        700,
        800,
        1000,
        1200,
        1400,
        1600,
        1800,
        2000,
        2250,
        2500,
        2750,
        3000,
        3250,
        3500,
        1000000000
    ]
}