{
    "data": [
        65.9798827936002,
        10.322417837150017,
        8.861852128100072,
        3.1474684879799892,
        1.2809630150849969,
        0.5809029679444996,
        0.2818376689830001,
        0.15181660288550047,
        0.0916228733804997,
        0.045436156283000066,
        0.022670340843899996,
        0.01199403473235002,
        0.006519391756529983,
        0.0037213545929300077,
        0.0074172327377504885
    ],
    "SM": [
        65.61906235650972,
        10.38050216039982,
        8.835813633597864,
        3.1335590750012186,
        1.2980146820799865,
        0.5729707736700375,
        0.28023728287500754,
        0.14706708637500376,
        0.0932601827299735,
        0.044038577270002995,
        0.023199656696706497,
        0.011879585303299066,
        0.006597966175499369,
        0.003636198824499583,
        0.004683594400000187
    ],
    "bin-edges": [
        500,
        700,
        800,
        1000,
        1200,
        1400,
        1600,
        1800,
        2000,
        2250,
        2500,
        2750,
        3000,
        3250,
        3500,
        1000000000
    ]
}