{
    "data": [
        65.94608602655035,
        10.313480595849988,
        8.85086048764997,
        3.1414307272150035,
        1.277389182090003,
        0.5787002355934996,
        0.28043921579549963,
        0.15080983618850005,
        0.09085175761600023,
        0.04491289503800007,
        0.022340979247949998,
        0.011761463128600009,
        0.0063540868802699855,
        0.00359147355762001,
        0.010849649979966416
    ],
    "SM": [
        65.61906235650972,
        10.38050216039982,
        8.835813633597864,
        3.1335590750012186,
        1.2980146820799865,
        0.5729707736700375,
        0.28023728287500754,
        0.14706708637500376,
        0.0932601827299735,
        0.044038577270002995,
        0.023199656696706497,
        0.011879585303299066,
        0.006597966175499369,
        0.003636198824499583,
        0.004683594400000187
    ],
    "bin-edges": [
        500,
        700,
        800,
        1000,
        1200,
        1400,
        1600,
        1800,
        2000,
        2250,
        2500,
        2750,
        3000,
        3250,
        3500,
        1000000000
    ]
}