{
    "data": [
        66.12283444829978,
        10.113547685399988,
        8.802314281149991,
        3.137318627079993,
        1.2711954067050024,
        0.5743243375034996,
        0.2763214508559997,
        0.14580081890949984,
        0.0900940719424999,
        0.04393578871599998,
        0.0218826189611,
        0.011649056411949991,
        0.006101445725304982,
        0.0033633909750200126,
        0.0068087832795495325
    ],
    "SM": [
        65.61906235650972,
        10.38050216039982,
        8.835813633597864,
        3.1335590750012186,
        1.2980146820799865,
        0.5729707736700375,
        0.28023728287500754,
        0.14706708637500376,
        0.0932601827299735,
        0.044038577270002995,
        0.023199656696706497,
        0.011879585303299066,
        0.006597966175499369,
        0.003636198824499583,
        0.004683594400000187
    ],
    "bin-edges": [
        500,
        700,
        800,
        1000,
        1200,
        1400,
        1600,
        1800,
        2000,
        2250,
        2500,
        2750,
        3000,
        3250,
        3500,
        1000000000
    ]
}