{
    "data": [
        65.7988422764497,
        10.141779093649994,
        8.76608523439998,
        3.1005991965849917,
        1.252495816920002,
        0.5651492227489989,
        0.2733214204715007,
        0.1397026805954999,
        0.08730568332499948,
        0.04110691767200001,
        0.020650204877150014,
        0.010801437744750021,
        0.005711030799595026,
        0.0030114345129750096,
        0.003774151120559013
    ],
    "SM": [
        65.61906235650972,
        10.38050216039982,
        8.835813633597864,
        3.1335590750012186,
        1.2980146820799865,
        0.5729707736700375,
        0.28023728287500754,
        0.14706708637500376,
        0.0932601827299735,
        0.044038577270002995,
        0.023199656696706497,
        0.011879585303299066,
        0.006597966175499369,
        0.003636198824499583,
        0.004683594400000187
    ],
    "bin-edges": [
        500,
        700,
        800,
        1000,
        1200,
        1400,
        1600,
        1800,
        2000,
        2250,
        2500,
        2750,
        3000,
        3250,
        3500,
        1000000000
    ]
}