{
    "data": [
        65.3204536412001,
        10.076043572100016,
        8.53683564515007,
        3.008801356379992,
        1.2084390515849992,
        0.5373551528035002,
        0.2537721110234996,
        0.12815736538800016,
        0.07750115743084991,
        0.0366806581533,
        0.01750043791584997,
        0.008709820664999977,
        0.0044981841862649875,
        0.0023285674447999878,
        0.003335605720518602
    ],
    "SM": [
        65.61906235650972,
        10.38050216039982,
        8.835813633597864,
        3.1335590750012186,
        1.2980146820799865,
        0.5729707736700375,
        0.28023728287500754,
        0.14706708637500376,
        0.0932601827299735,
        0.044038577270002995,
        0.023199656696706497,
        0.011879585303299066,
        0.006597966175499369,
        0.003636198824499583,
        0.004683594400000187
    ],
    "bin-edges": [
        500,
        700,
        800,
        1000,
        1200,
        1400,
        1600,
        1800,
        2000,
        2250,
        2500,
        2750,
        3000,
        3250,
        3500,
        1000000000
    ]
}