{
    "data": [
        66.03377050745017,
        10.345118173149999,
        8.777326235649987,
        3.142854244040029,
        1.2853416342600013,
        0.5836459322985014,
        0.2799507559059996,
        0.14920212910250039,
        0.09297556471700005,
        0.044238092243500185,
        0.022678229639500072,
        0.012059683785600035,
        0.0065691468099699874,
        0.0035192738351300145,
        0.004872666847534541
    ],
    "SM": [
        65.61906235650972,
        10.38050216039982,
        8.835813633597864,
        3.1335590750012186,
        1.2980146820799865,
        0.5729707736700375,
        0.28023728287500754,
        0.14706708637500376,
        0.0932601827299735,
        0.044038577270002995,
        0.023199656696706497,
        0.011879585303299066,
        0.006597966175499369,
        0.003636198824499583,
        0.004683594400000187
    ],
    "bin-edges": [
        500,
        700,
        800,
        1000,
        1200,
        1400,
        1600,
        1800,
        2000,
        2250,
        2500,
        2750,
        3000,
        3250,
        3500,
        1000000000
    ]
}