{
    "data": [
        65.9090333506998,
        10.292997580199998,
        8.844600000699979,
        3.1301814697450014,
        1.2760489087700024,
        0.5827133106859994,
        0.2798310935095001,
        0.1431885464819999,
        0.08989614448000026,
        0.044759556456999965,
        0.02231382777165003,
        0.011565274912900013,
        0.006270154684190018,
        0.0034309044501450005,
        0.0044518341015713486
    ],
    "SM": [
        65.61906235650972,
        10.38050216039982,
        8.835813633597864,
        3.1335590750012186,
        1.2980146820799865,
        0.5729707736700375,
        0.28023728287500754,
        0.14706708637500376,
        0.0932601827299735,
        0.044038577270002995,
        0.023199656696706497,
        0.011879585303299066,
        0.006597966175499369,
        0.003636198824499583,
        0.004683594400000187
    ],
    "bin-edges": [
        500,
        700,
        800,
        1000,
        1200,
        1400,
        1600,
        1800,
        2000,
        2250,
        2500,
        2750,
        3000,
        3250,
        3500,
        1000000000
    ]
}