{
    "data": [
        65.84937497690572,
        10.277314769799741,
        8.825460135798933,
        3.11973260197579,
        1.26997590082485,
        0.5790213838409715,
        0.2775190766670125,
        0.14167286669199297,
        0.08871859691198629,
        0.04402412308799721,
        0.0218557407932516,
        0.01127156620675075,
        0.006086075191995817,
        0.00330674090800464,
        0.004218384400000927
    ],
    "SM": [
        65.61906235650972,
        10.38050216039982,
        8.835813633597864,
        3.1335590750012186,
        1.2980146820799865,
        0.5729707736700375,
        0.28023728287500754,
        0.14706708637500376,
        0.0932601827299735,
        0.044038577270002995,
        0.023199656696706497,
        0.011879585303299066,
        0.006597966175499369,
        0.003636198824499583,
        0.004683594400000187
    ],
    "bin-edges": [
        500,
        700,
        800,
        1000,
        1200,
        1400,
        1600,
        1800,
        2000,
        2250,
        2500,
        2750,
        3000,
        3250,
        3500,
        1000000000
    ]
}