{
    "data": [
        66.00017252174995,
        10.327785078100003,
        8.868455720699995,
        3.1510982859899945,
        1.2831133432900017,
        0.5822296653000012,
        0.2826809669930005,
        0.15242462767200005,
        0.09208948819599921,
        0.04575368224050012,
        0.022870881792249994,
        0.012136281999100005,
        0.006621091756570027,
        0.0038018995865799986,
        0.0053771146760088736
    ],
    "SM": [
        65.61906235650972,
        10.38050216039982,
        8.835813633597864,
        3.1335590750012186,
        1.2980146820799865,
        0.5729707736700375,
        0.28023728287500754,
        0.14706708637500376,
        0.0932601827299735,
        0.044038577270002995,
        0.023199656696706497,
        0.011879585303299066,
        0.006597966175499369,
        0.003636198824499583,
        0.004683594400000187
    ],
    "bin-edges": [
        500,
        700,
        800,
        1000,
        1200,
        1400,
        1600,
        1800,
        2000,
        2250,
        2500,
        2750,
        3000,
        3250,
        3500,
        1000000000
    ]
}