{
    "data": [
        66.01367206649985,
        10.32053264495,
        8.878243981099956,
        3.148584290145015,
        1.2867702943500006,
        0.589249684235001,
        0.28393792814050023,
        0.14589097146199978,
        0.09200579778299983,
        0.046085542732999966,
        0.023145706899400063,
        0.012103049228149962,
        0.006610369347249998,
        0.003662842074229997,
        0.0049140848779637486
    ],
    "SM": [
        65.61906235650972,
        10.38050216039982,
        8.835813633597864,
        3.1335590750012186,
        1.2980146820799865,
        0.5729707736700375,
        0.28023728287500754,
        0.14706708637500376,
        0.0932601827299735,
        0.044038577270002995,
        0.023199656696706497,
        0.011879585303299066,
        0.006597966175499369,
        0.003636198824499583,
        0.004683594400000187
    ],
    "bin-edges": [
        500,
        700,
        800,
        1000,
        1200,
        1400,
        1600,
        1800,
        2000,
        2250,
        2500,
        2750,
        3000,
        3250,
        3500,
        1000000000
    ]
}