{
    "data": [
        66.01851033814994,
        10.197920671500006,
        8.836520924199961,
        3.139470367604989,
        1.2746389170350036,
        0.5783932357425015,
        0.2816312511399995,
        0.14511604311899998,
        0.09160645023900005,
        0.04361747694049996,
        0.022309233955200007,
        0.01182293794000004,
        0.006385651947294997,
        0.003426034244314988,
        0.004532511372854592
    ],
    "SM": [
        65.61906235650972,
        10.38050216039982,
        8.835813633597864,
        3.1335590750012186,
        1.2980146820799865,
        0.5729707736700375,
        0.28023728287500754,
        0.14706708637500376,
        0.0932601827299735,
        0.044038577270002995,
        0.023199656696706497,
        0.011879585303299066,
        0.006597966175499369,
        0.003636198824499583,
        0.004683594400000187
    ],
    "bin-edges": [
        500,
        700,
        800,
        1000,
        1200,
        1400,
        1600,
        1800,
        2000,
        2250,
        2500,
        2750,
        3000,
        3250,
        3500,
        1000000000
    ]
}