{
    "data": [
        65.67366385454989,
        10.165798534499995,
        8.647288941449997,
        3.0687868052699794,
        1.242439509174996,
        0.5579685312735019,
        0.26627542510850055,
        0.13590112998649967,
        0.08350354683300018,
        0.04026275194549993,
        0.019660504057399955,
        0.009964902575300015,
        0.005243298665614962,
        0.002758336443555,
        0.003443658926344656
    ],
    "SM": [
        65.61906235650972,
        10.38050216039982,
        8.835813633597864,
        3.1335590750012186,
        1.2980146820799865,
        0.5729707736700375,
        0.28023728287500754,
        0.14706708637500376,
        0.0932601827299735,
        0.044038577270002995,
        0.023199656696706497,
        0.011879585303299066,
        0.006597966175499369,
        0.003636198824499583,
        0.004683594400000187
    ],
    "bin-edges": [
        500,
        700,
        800,
        1000,
        1200,
        1400,
        1600,
        1800,
        2000,
        2250,
        2500,
        2750,
        3000,
        3250,
        3500,
        1000000000
    ]
}