{
    "data": [
        65.2175992075663,
        9.90146680514992,
        8.466093049500362,
        2.9715524640006485,
        1.1781893906398602,
        0.5078393562645125,
        0.23985078796800882,
        0.11966987112749278,
        0.06940695212101364,
        0.031139117878997934,
        0.014427422007000434,
        0.006994139992999399,
        0.004544967631129318,
        0.00508726216886898,
        0.48007687425007034
    ],
    "SM": [
        65.61906235650972,
        10.38050216039982,
        8.835813633597864,
        3.1335590750012186,
        1.2980146820799865,
        0.5729707736700375,
        0.28023728287500754,
        0.14706708637500376,
        0.0932601827299735,
        0.044038577270002995,
        0.023199656696706497,
        0.011879585303299066,
        0.006597966175499369,
        0.003636198824499583,
        0.004683594400000187
    ],
    "bin-edges": [
        500,
        700,
        800,
        1000,
        1200,
        1400,
        1600,
        1800,
        2000,
        2250,
        2500,
        2750,
        3000,
        3250,
        3500,
        1000000000
    ]
}