{
    "data": [
        65.97377780385004,
        10.310030516599994,
        8.865405988899974,
        3.141556722895008,
        1.2826722788849976,
        0.5867485347354982,
        0.2823644389970006,
        0.14485407075150047,
        0.09119485073500014,
        0.04557460390599999,
        0.022824295129949882,
        0.011894633750500047,
        0.006478064190444985,
        0.003572295206629989,
        0.004729982892915168
    ],
    "SM": [
        65.61906235650972,
        10.38050216039982,
        8.835813633597864,
        3.1335590750012186,
        1.2980146820799865,
        0.5729707736700375,
        0.28023728287500754,
        0.14706708637500376,
        0.0932601827299735,
        0.044038577270002995,
        0.023199656696706497,
        0.011879585303299066,
        0.006597966175499369,
        0.003636198824499583,
        0.004683594400000187
    ],
    "bin-edges": [
        500,
        700,
        800,
        1000,
        1200,
        1400,
        1600,
        1800,
        2000,
        2250,
        2500,
        2750,
        3000,
        3250,
        3500,
        1000000000
    ]
}