{
    "data": [
        65.77755512061171,
        10.025170292649587,
        8.690615135997783,
        3.0771983218393384,
        1.2358754631001903,
        0.552680182830017,
        0.26323416167005764,
        0.136865470560013,
        0.08299745272202158,
        0.03943572727800459,
        0.019121301528004137,
        0.009817482472000944,
        0.004969786605119339,
        0.0026345077948797175,
        0.013714320909996486
    ],
    "SM": [
        65.61906235650972,
        10.38050216039982,
        8.835813633597864,
        3.1335590750012186,
        1.2980146820799865,
        0.5729707736700375,
        0.28023728287500754,
        0.14706708637500376,
        0.0932601827299735,
        0.044038577270002995,
        0.023199656696706497,
        0.011879585303299066,
        0.006597966175499369,
        0.003636198824499583,
        0.004683594400000187
    ],
    "bin-edges": [
        500,
        700,
        800,
        1000,
        1200,
        1400,
        1600,
        1800,
        2000,
        2250,
        2500,
        2750,
        3000,
        3250,
        3500,
        1000000000
    ]
}