{
    "data": [
        66.16239117280021,
        10.138839596099983,
        8.798287487449963,
        3.1421490793300033,
        1.2770946287550022,
        0.5786439267164996,
        0.28222899020750103,
        0.14797952267600026,
        0.09132667745999974,
        0.044677815056499995,
        0.022560162560400002,
        0.011787745522399988,
        0.006434189845230017,
        0.003454789957475009,
        0.004633793474584507
    ],
    "SM": [
        65.61906235650972,
        10.38050216039982,
        8.835813633597864,
        3.1335590750012186,
        1.2980146820799865,
        0.5729707736700375,
        0.28023728287500754,
        0.14706708637500376,
        0.0932601827299735,
        0.044038577270002995,
        0.023199656696706497,
        0.011879585303299066,
        0.006597966175499369,
        0.003636198824499583,
        0.004683594400000187
    ],
    "bin-edges": [
        500,
        700,
        800,
        1000,
        1200,
        1400,
        1600,
        1800,
        2000,
        2250,
        2500,
        2750,
        3000,
        3250,
        3500,
        1000000000
    ]
}