{
    "data": [
        66.21721474364993,
        10.152529594450005,
        8.815746972749992,
        3.15168982896999,
        1.2827081519750032,
        0.5820806716640001,
        0.2843915631374996,
        0.14946826566300014,
        0.0924690916810004,
        0.045406794302500095,
        0.023013890528900127,
        0.012074617323800038,
        0.006629687827009976,
        0.003581523918069987,
        0.004857327312346224
    ],
    "SM": [
        65.61906235650972,
        10.38050216039982,
        8.835813633597864,
        3.1335590750012186,
        1.2980146820799865,
        0.5729707736700375,
        0.28023728287500754,
        0.14706708637500376,
        0.0932601827299735,
        0.044038577270002995,
        0.023199656696706497,
        0.011879585303299066,
        0.006597966175499369,
        0.003636198824499583,
        0.004683594400000187
    ],
    "bin-edges": [
        500,
        700,
        800,
        1000,
        1200,
        1400,
        1600,
        1800,
        2000,
        2250,
        2500,
        2750,
        3000,
        3250,
        3500,
        1000000000
    ]
}