{
    "data": [
        66.07198207889995,
        10.211609931600009,
        8.853728729299993,
        3.148997943215023,
        1.28008828607,
        0.5816678271035003,
        0.2836972973619999,
        0.14647034082199986,
        0.09269133877250023,
        0.04425733228950013,
        0.022737247557849994,
        0.012090105223100042,
        0.0065649880864099685,
        0.003538224659280016,
        0.004755583833341361
    ],
    "SM": [
        65.61906235650972,
        10.38050216039982,
        8.835813633597864,
        3.1335590750012186,
        1.2980146820799865,
        0.5729707736700375,
        0.28023728287500754,
        0.14706708637500376,
        0.0932601827299735,
        0.044038577270002995,
        0.023199656696706497,
        0.011879585303299066,
        0.006597966175499369,
        0.003636198824499583,
        0.004683594400000187
    ],
    "bin-edges": [
        500,
        700,
        800,
        1000,
        1200,
        1400,
        1600,
        1800,
        2000,
        2250,
        2500,
        2750,
        3000,
        3250,
        3500,
        1000000000
    ]
}