{
    "data": [
        65.64436347015042,
        10.009954406299997,
        8.634574886199994,
        3.053313575899998,
        1.2252779834950025,
        0.5472423803340002,
        0.26271086242550035,
        0.13473040764449995,
        0.08134659110350041,
        0.03846768168704987,
        0.018803579600749926,
        0.00949372922979998,
        0.004935728004270008,
        0.0025316021104799897,
        0.0037051432553545038
    ],
    "SM": [
        65.61906235650972,
        10.38050216039982,
        8.835813633597864,
        3.1335590750012186,
        1.2980146820799865,
        0.5729707736700375,
        0.28023728287500754,
        0.14706708637500376,
        0.0932601827299735,
        0.044038577270002995,
        0.023199656696706497,
        0.011879585303299066,
        0.006597966175499369,
        0.003636198824499583,
        0.004683594400000187
    ],
    "bin-edges": [
        500,
        700,
        800,
        1000,
        1200,
        1400,
        1600,
        1800,
        2000,
        2250,
        2500,
        2750,
        3000,
        3250,
        3500,
        1000000000
    ]
}