{
    "data": [
        66.12715648535001,
        10.281629807500018,
        8.790686655099996,
        3.1474552837049865,
        1.2876004293200016,
        0.5857805740749998,
        0.2834563437105005,
        0.14677999780349996,
        0.09218463506100036,
        0.045664220050500186,
        0.023084015221449927,
        0.012086299748000006,
        0.006609247728434988,
        0.003635562065314994,
        0.004879210103680716
    ],
    "SM": [
        65.61906235650972,
        10.38050216039982,
        8.835813633597864,
        3.1335590750012186,
        1.2980146820799865,
        0.5729707736700375,
        0.28023728287500754,
        0.14706708637500376,
        0.0932601827299735,
        0.044038577270002995,
        0.023199656696706497,
        0.011879585303299066,
        0.006597966175499369,
        0.003636198824499583,
        0.004683594400000187
    ],
    "bin-edges": [
        500,
        700,
        800,
        1000,
        1200,
        1400,
        1600,
        1800,
        2000,
        2250,
        2500,
        2750,
        3000,
        3250,
        3500,
        1000000000
    ]
}