{
    "data": [
        66.06076282824972,
        10.113486956950004,
        8.76598910055003,
        3.124532703264977,
        1.26675353666,
        0.5723298806204994,
        0.2782686464015009,
        0.14526309082899996,
        0.0892520652049995,
        0.043362371447500034,
        0.02174716471540005,
        0.011278017823400004,
        0.006090254950040016,
        0.0032343834812499977,
        0.004282686256825263
    ],
    "SM": [
        65.61906235650972,
        10.38050216039982,
        8.835813633597864,
        3.1335590750012186,
        1.2980146820799865,
        0.5729707736700375,
        0.28023728287500754,
        0.14706708637500376,
        0.0932601827299735,
        0.044038577270002995,
        0.023199656696706497,
        0.011879585303299066,
        0.006597966175499369,
        0.003636198824499583,
        0.004683594400000187
    ],
    "bin-edges": [
        500,
        700,
        800,
        1000,
        1200,
        1400,
        1600,
        1800,
        2000,
        2250,
        2500,
        2750,
        3000,
        3250,
        3500,
        1000000000
    ]
}