{
    "data": [
        66.06128228474995,
        10.352181626350003,
        8.786115113200056,
        3.147658096090001,
        1.2881550369900037,
        0.5853748190005016,
        0.2810313403640004,
        0.14992809937650006,
        0.09356701118649953,
        0.0446044632614999,
        0.022909964270850108,
        0.012212754409100017,
        0.006674228598219994,
        0.003589074718169982,
        0.004909936571752739
    ],
    "SM": [
        65.61906235650972,
        10.38050216039982,
        8.835813633597864,
        3.1335590750012186,
        1.2980146820799865,
        0.5729707736700375,
        0.28023728287500754,
        0.14706708637500376,
        0.0932601827299735,
        0.044038577270002995,
        0.023199656696706497,
        0.011879585303299066,
        0.006597966175499369,
        0.003636198824499583,
        0.004683594400000187
    ],
    "bin-edges": [
        500,
        700,
        800,
        1000,
        1200,
        1400,
        1600,
        1800,
        2000,
        2250,
        2500,
        2750,
        3000,
        3250,
        3500,
        1000000000
    ]
}