{
    "data": [
        63.39118226685007,
        9.649505457750015,
        8.050919244420035,
        2.7175589364950192,
        1.0380868571164965,
        0.43984973850999953,
        0.19881672727850067,
        0.09797806368309997,
        0.05622178057870974,
        0.027135406134445088,
        0.015487600722109989,
        0.011005424924799967,
        0.00959997535127497,
        0.010179779869170022,
        0.30249448764930054
    ],
    "SM": [
        65.61906235650972,
        10.38050216039982,
        8.835813633597864,
        3.1335590750012186,
        1.2980146820799865,
        0.5729707736700375,
        0.28023728287500754,
        0.14706708637500376,
        0.0932601827299735,
        0.044038577270002995,
        0.023199656696706497,
        0.011879585303299066,
        0.006597966175499369,
        0.003636198824499583,
        0.004683594400000187
    ],
    "bin-edges": [
        500,
        700,
        800,
        1000,
        1200,
        1400,
        1600,
        1800,
        2000,
        2250,
        2500,
        2750,
        3000,
        3250,
        3500,
        1000000000
    ]
}