{
    "data": [
        66.23391033324955,
        10.142062885099998,
        8.838471515749982,
        3.1568910985349996,
        1.282776408445001,
        0.581482325076,
        0.2806943293404995,
        0.1488234456575,
        0.09253511813950054,
        0.045518218479000006,
        0.022881479220900006,
        0.012335699648750016,
        0.006545245546409988,
        0.003666693930159988,
        0.004923593056942737
    ],
    "SM": [
        65.61906235650972,
        10.38050216039982,
        8.835813633597864,
        3.1335590750012186,
        1.2980146820799865,
        0.5729707736700375,
        0.28023728287500754,
        0.14706708637500376,
        0.0932601827299735,
        0.044038577270002995,
        0.023199656696706497,
        0.011879585303299066,
        0.006597966175499369,
        0.003636198824499583,
        0.004683594400000187
    ],
    "bin-edges": [
        500,
        700,
        800,
        1000,
        1200,
        1400,
        1600,
        1800,
        2000,
        2250,
        2500,
        2750,
        3000,
        3250,
        3500,
        1000000000
    ]
}