{
    "data": [
        64.51151461505036,
        9.9377204459,
        8.393872574149992,
        2.89520632239999,
        1.1352282649355012,
        0.4937511126764992,
        0.22852653825499927,
        0.11527168815949958,
        0.06543859536624998,
        0.029441240649549946,
        0.01394823954206798,
        0.007104715295796014,
        0.004223807031605009,
        0.0031817926845999936,
        0.1663977917717601
    ],
    "SM": [
        65.61906235650972,
        10.38050216039982,
        8.835813633597864,
        3.1335590750012186,
        1.2980146820799865,
        0.5729707736700375,
        0.28023728287500754,
        0.14706708637500376,
        0.0932601827299735,
        0.044038577270002995,
        0.023199656696706497,
        0.011879585303299066,
        0.006597966175499369,
        0.003636198824499583,
        0.004683594400000187
    ],
    "bin-edges": [
        500,
        700,
        800,
        1000,
        1200,
        1400,
        1600,
        1800,
        2000,
        2250,
        2500,
        2750,
        3000,
        3250,
        3500,
        1000000000
    ]
}