{
    "data": [
        66.10080482800024,
        10.218992565550009,
        8.863014251449977,
        3.1541441144300055,
        1.2830351798350033,
        0.5834410765410007,
        0.2848179061990007,
        0.14720622168900002,
        0.09328222811749946,
        0.0446068482654999,
        0.02297184191754993,
        0.012237089814350038,
        0.00666408410622501,
        0.0036005086070550127,
        0.004882021282673141
    ],
    "SM": [
        65.61906235650972,
        10.38050216039982,
        8.835813633597864,
        3.1335590750012186,
        1.2980146820799865,
        0.5729707736700375,
        0.28023728287500754,
        0.14706708637500376,
        0.0932601827299735,
        0.044038577270002995,
        0.023199656696706497,
        0.011879585303299066,
        0.006597966175499369,
        0.003636198824499583,
        0.004683594400000187
    ],
    "bin-edges": [
        500,
        700,
        800,
        1000,
        1200,
        1400,
        1600,
        1800,
        2000,
        2250,
        2500,
        2750,
        3000,
        3250,
        3500,
        1000000000
    ]
}