{
    "data": [
        66.09394053765016,
        10.217234113999986,
        8.860802217500012,
        3.152917856915033,
        1.2823327566249976,
        0.5830182506805002,
        0.28455058626100077,
        0.14703059506000007,
        0.0931411175849998,
        0.04452331647500009,
        0.022915725815999842,
        0.012201896096950007,
        0.006640329873034997,
        0.0035855605922850103,
        0.0048515147018253725
    ],
    "SM": [
        65.61906235650972,
        10.38050216039982,
        8.835813633597864,
        3.1335590750012186,
        1.2980146820799865,
        0.5729707736700375,
        0.28023728287500754,
        0.14706708637500376,
        0.0932601827299735,
        0.044038577270002995,
        0.023199656696706497,
        0.011879585303299066,
        0.006597966175499369,
        0.003636198824499583,
        0.004683594400000187
    ],
    "bin-edges": [
        500,
        700,
        800,
        1000,
        1200,
        1400,
        1600,
        1800,
        2000,
        2250,
        2500,
        2750,
        3000,
        3250,
        3500,
        1000000000
    ]
}