{
    "data": [
        66.11683111989953,
        10.278985264399985,
        8.78740238635,
        3.145644008699992,
        1.286553848075004,
        0.5851309646115002,
        0.283051448564,
        0.14652091637999962,
        0.09197513176199995,
        0.0455314807985,
        0.022998160462199997,
        0.012031795619350024,
        0.006573167428975019,
        0.003611628035184996,
        0.00483060145712156
    ],
    "SM": [
        65.61906235650972,
        10.38050216039982,
        8.835813633597864,
        3.1335590750012186,
        1.2980146820799865,
        0.5729707736700375,
        0.28023728287500754,
        0.14706708637500376,
        0.0932601827299735,
        0.044038577270002995,
        0.023199656696706497,
        0.011879585303299066,
        0.006597966175499369,
        0.003636198824499583,
        0.004683594400000187
    ],
    "bin-edges": [
        500,
        700,
        800,
        1000,
        1200,
        1400,
        1600,
        1800,
        2000,
        2250,
        2500,
        2750,
        3000,
        3250,
        3500,
        1000000000
    ]
}