{
    "data": [
        66.2041554852998,
        10.149267709999998,
        8.81158574655,
        3.1494147922549938,
        1.2813687632450057,
        0.5812600808710002,
        0.2838747697390002,
        0.1491121594714999,
        0.0921954890700001,
        0.04523192117700008,
        0.022904850150850017,
        0.01200552925454999,
        0.006582488159885004,
        0.0035508389001650074,
        0.004801881126039796
    ],
    "SM": [
        65.61906235650972,
        10.38050216039982,
        8.835813633597864,
        3.1335590750012186,
        1.2980146820799865,
        0.5729707736700375,
        0.28023728287500754,
        0.14706708637500376,
        0.0932601827299735,
        0.044038577270002995,
        0.023199656696706497,
        0.011879585303299066,
        0.006597966175499369,
        0.003636198824499583,
        0.004683594400000187
    ],
    "bin-edges": [
        500,
        700,
        800,
        1000,
        1200,
        1400,
        1600,
        1800,
        2000,
        2250,
        2500,
        2750,
        3000,
        3250,
        3500,
        1000000000
    ]
}