{
    "data": [
        64.43051168895009,
        9.684362924200013,
        8.265410924950057,
        2.8536059995400103,
        1.1084136376859985,
        0.47745995610349934,
        0.21986597029650007,
        0.10900508255350026,
        0.06277740877305012,
        0.028242018647080043,
        0.013564326594418048,
        0.007264931294851999,
        0.004310293490220005,
        0.0030273866265999967,
        0.055032462048777285
    ],
    "SM": [
        65.61906235650972,
        10.38050216039982,
        8.835813633597864,
        3.1335590750012186,
        1.2980146820799865,
        0.5729707736700375,
        0.28023728287500754,
        0.14706708637500376,
        0.0932601827299735,
        0.044038577270002995,
        0.023199656696706497,
        0.011879585303299066,
        0.006597966175499369,
        0.003636198824499583,
        0.004683594400000187
    ],
    "bin-edges": [
        500,
        700,
        800,
        1000,
        1200,
        1400,
        1600,
        1800,
        2000,
        2250,
        2500,
        2750,
        3000,
        3250,
        3500,
        1000000000
    ]
}