{
    "data": [
        65.33541572877066,
        10.15265344260061,
        8.654006486402697,
        3.034176714104394,
        1.2145598875751324,
        0.5404644966400436,
        0.25653408508204095,
        0.1339361365980049,
        0.07825854548800998,
        0.0366923145120034,
        0.017413302557596336,
        0.008514783442398633,
        0.004263039843279583,
        0.002180977756719863,
        0.07429938110000323
    ],
    "SM": [
        65.61906235650972,
        10.38050216039982,
        8.835813633597864,
        3.1335590750012186,
        1.2980146820799865,
        0.5729707736700375,
        0.28023728287500754,
        0.14706708637500376,
        0.0932601827299735,
        0.044038577270002995,
        0.023199656696706497,
        0.011879585303299066,
        0.006597966175499369,
        0.003636198824499583,
        0.004683594400000187
    ],
    "bin-edges": [
        500,
        700,
        800,
        1000,
        1200,
        1400,
        1600,
        1800,
        2000,
        2250,
        2500,
        2750,
        3000,
        3250,
        3500,
        1000000000
    ]
}