{
    "data": [
        65.35808300364987,
        10.14861423379999,
        8.669021135499994,
        3.034907457110008,
        1.221085315525003,
        0.5495997803560007,
        0.2593125935550009,
        0.129900786694,
        0.07973596633474977,
        0.038549780397899996,
        0.01854185611345008,
        0.009217856837600038,
        0.0048500301006250066,
        0.002512651481029992,
        0.003144408542839441
    ],
    "SM": [
        65.61906235650972,
        10.38050216039982,
        8.835813633597864,
        3.1335590750012186,
        1.2980146820799865,
        0.5729707736700375,
        0.28023728287500754,
        0.14706708637500376,
        0.0932601827299735,
        0.044038577270002995,
        0.023199656696706497,
        0.011879585303299066,
        0.006597966175499369,
        0.003636198824499583,
        0.004683594400000187
    ],
    "bin-edges": [
        500,
        700,
        800,
        1000,
        1200,
        1400,
        1600,
        1800,
        2000,
        2250,
        2500,
        2750,
        3000,
        3250,
        3500,
        1000000000
    ]
}