{
    "data": [
        66.05096348195022,
        10.349532060900023,
        8.782817939299987,
        3.1458555487549877,
        1.2870990971250005,
        0.5847257328350002,
        0.2806255105950001,
        0.14965533955949953,
        0.09334467884100028,
        0.04446664413300016,
        0.022822722919799962,
        0.012155074078250007,
        0.006634586646334983,
        0.003562708225945,
        0.004895041826403151
    ],
    "SM": [
        65.61906235650972,
        10.38050216039982,
        8.835813633597864,
        3.1335590750012186,
        1.2980146820799865,
        0.5729707736700375,
        0.28023728287500754,
        0.14706708637500376,
        0.0932601827299735,
        0.044038577270002995,
        0.023199656696706497,
        0.011879585303299066,
        0.006597966175499369,
        0.003636198824499583,
        0.004683594400000187
    ],
    "bin-edges": [
        500,
        700,
        800,
        1000,
        1200,
        1400,
        1600,
        1800,
        2000,
        2250,
        2500,
        2750,
        3000,
        3250,
        3500,
        1000000000
    ]
}