{
    "data": [
        65.20905731900038,
        9.880544939699995,
        8.509058297599996,
        2.9806510130699855,
        1.1800226898109996,
        0.5190968499614983,
        0.2433987913814995,
        0.12371270725800033,
        0.07297652688770004,
        0.033444525618200015,
        0.015737838485079998,
        0.007826515695580016,
        0.00394495103019151,
        0.0021576290972494094,
        0.028492463670823465
    ],
    "SM": [
        65.61906235650972,
        10.38050216039982,
        8.835813633597864,
        3.1335590750012186,
        1.2980146820799865,
        0.5729707736700375,
        0.28023728287500754,
        0.14706708637500376,
        0.0932601827299735,
        0.044038577270002995,
        0.023199656696706497,
        0.011879585303299066,
        0.006597966175499369,
        0.003636198824499583,
        0.004683594400000187
    ],
    "bin-edges": [
        500,
        700,
        800,
        1000,
        1200,
        1400,
        1600,
        1800,
        2000,
        2250,
        2500,
        2750,
        3000,
        3250,
        3500,
        1000000000
    ]
}