{
    "data": [
        65.44858054435032,
        10.307651450299996,
        8.71819818434999,
        3.0772921520449876,
        1.235323572275005,
        0.5570860287475008,
        0.2654098888230012,
        0.13753623625100017,
        0.0840073602895002,
        0.040007031182700034,
        0.019620635339049973,
        0.010243244771600029,
        0.005358244860129959,
        0.0027832195809699856,
        0.003425346994792028
    ],
    "SM": [
        65.61906235650972,
        10.38050216039982,
        8.835813633597864,
        3.1335590750012186,
        1.2980146820799865,
        0.5729707736700375,
        0.28023728287500754,
        0.14706708637500376,
        0.0932601827299735,
        0.044038577270002995,
        0.023199656696706497,
        0.011879585303299066,
        0.006597966175499369,
        0.003636198824499583,
        0.004683594400000187
    ],
    "bin-edges": [
        500,
        700,
        800,
        1000,
        1200,
        1400,
        1600,
        1800,
        2000,
        2250,
        2500,
        2750,
        3000,
        3250,
        3500,
        1000000000
    ]
}