{
    "data": [
        65.57223014130012,
        10.226986425550002,
        8.630837259650017,
        3.063259216385,
        1.2390715389200067,
        0.5554595174670006,
        0.26251355485350125,
        0.13762994185049954,
        0.08369646843550009,
        0.03861324736700007,
        0.019209162162299984,
        0.00983736946059996,
        0.005101308886435006,
        0.002588312245380009,
        0.005472493831762848
    ],
    "SM": [
        65.61906235650972,
        10.38050216039982,
        8.835813633597864,
        3.1335590750012186,
        1.2980146820799865,
        0.5729707736700375,
        0.28023728287500754,
        0.14706708637500376,
        0.0932601827299735,
        0.044038577270002995,
        0.023199656696706497,
        0.011879585303299066,
        0.006597966175499369,
        0.003636198824499583,
        0.004683594400000187
    ],
    "bin-edges": [
        500,
        700,
        800,
        1000,
        1200,
        1400,
        1600,
        1800,
        2000,
        2250,
        2500,
        2750,
        3000,
        3250,
        3500,
        1000000000
    ]
}