{
    "data": [
        65.96718859185376,
        10.09017242050042,
        8.73632767429949,
        3.1083929681404054,
        1.2573070284601493,
        0.5665818842600772,
        0.2746782524860545,
        0.1428120266540119,
        0.08739174633599789,
        0.042192693663999005,
        0.02103109469999512,
        0.010834200299998738,
        0.005794938016488809,
        0.0030482452835104037,
        0.004032397919999429
    ],
    "SM": [
        65.61906235650972,
        10.38050216039982,
        8.835813633597864,
        3.1335590750012186,
        1.2980146820799865,
        0.5729707736700375,
        0.28023728287500754,
        0.14706708637500376,
        0.0932601827299735,
        0.044038577270002995,
        0.023199656696706497,
        0.011879585303299066,
        0.006597966175499369,
        0.003636198824499583,
        0.004683594400000187
    ],
    "bin-edges": [
        500,
        700,
        800,
        1000,
        1200,
        1400,
        1600,
        1800,
        2000,
        2250,
        2500,
        2750,
        3000,
        3250,
        3500,
        1000000000
    ]
}