{
    "data": [
        65.90910988174987,
        10.169941417849996,
        8.801390386199976,
        3.1200570806549925,
        1.2635618221950011,
        0.5717552195245008,
        0.2774567848414991,
        0.1423896499375002,
        0.08943297761400033,
        0.04234326995549998,
        0.021462902806499862,
        0.01129881623920002,
        0.0060371060935999876,
        0.003210187010130002,
        0.0041228815671775386
    ],
    "SM": [
        65.61906235650972,
        10.38050216039982,
        8.835813633597864,
        3.1335590750012186,
        1.2980146820799865,
        0.5729707736700375,
        0.28023728287500754,
        0.14706708637500376,
        0.0932601827299735,
        0.044038577270002995,
        0.023199656696706497,
        0.011879585303299066,
        0.006597966175499369,
        0.003636198824499583,
        0.004683594400000187
    ],
    "bin-edges": [
        500,
        700,
        800,
        1000,
        1200,
        1400,
        1600,
        1800,
        2000,
        2250,
        2500,
        2750,
        3000,
        3250,
        3500,
        1000000000
    ]
}