{
    "data": [
        65.57597036305017,
        10.215855837600003,
        8.731150736650052,
        3.0760055132549873,
        1.2389108006450011,
        0.555168810717502,
        0.2656393941364996,
        0.14028212117550018,
        0.08291322242599965,
        0.039648706664500016,
        0.01912067342420001,
        0.009575497066399968,
        0.004882204642989993,
        0.0025228526677099953,
        0.04882619217834374
    ],
    "SM": [
        65.61906235650972,
        10.38050216039982,
        8.835813633597864,
        3.1335590750012186,
        1.2980146820799865,
        0.5729707736700375,
        0.28023728287500754,
        0.14706708637500376,
        0.0932601827299735,
        0.044038577270002995,
        0.023199656696706497,
        0.011879585303299066,
        0.006597966175499369,
        0.003636198824499583,
        0.004683594400000187
    ],
    "bin-edges": [
        500,
        700,
        800,
        1000,
        1200,
        1400,
        1600,
        1800,
        2000,
        2250,
        2500,
        2750,
        3000,
        3250,
        3500,
        1000000000
    ]
}