{
    "data": [
        65.77661845815047,
        10.258204510949998,
        8.80215942764997,
        3.1070324779100043,
        1.262608807294998,
        0.5745532507465012,
        0.27472861137350035,
        0.1398492513015001,
        0.08730752245900042,
        0.043147591478499996,
        0.021313126392099896,
        0.010926148902149976,
        0.005871377658000005,
        0.0031633140621550094,
        0.003963524936013587
    ],
    "SM": [
        65.61906235650972,
        10.38050216039982,
        8.835813633597864,
        3.1335590750012186,
        1.2980146820799865,
        0.5729707736700375,
        0.28023728287500754,
        0.14706708637500376,
        0.0932601827299735,
        0.044038577270002995,
        0.023199656696706497,
        0.011879585303299066,
        0.006597966175499369,
        0.003636198824499583,
        0.004683594400000187
    ],
    "bin-edges": [
        500,
        700,
        800,
        1000,
        1200,
        1400,
        1600,
        1800,
        2000,
        2250,
        2500,
        2750,
        3000,
        3250,
        3500,
        1000000000
    ]
}