{
    "data": [
        65.57639079950053,
        9.973866285800007,
        8.626031025900003,
        3.042682624994998,
        1.215779664410002,
        0.5405002125774995,
        0.2559681432659999,
        0.13198627872899996,
        0.0792114231375001,
        0.03711107873565007,
        0.01775624776839995,
        0.008965157299449985,
        0.004486234580390012,
        0.0023615063386199947,
        0.018473593013807132
    ],
    "SM": [
        65.61906235650972,
        10.38050216039982,
        8.835813633597864,
        3.1335590750012186,
        1.2980146820799865,
        0.5729707736700375,
        0.28023728287500754,
        0.14706708637500376,
        0.0932601827299735,
        0.044038577270002995,
        0.023199656696706497,
        0.011879585303299066,
        0.006597966175499369,
        0.003636198824499583,
        0.004683594400000187
    ],
    "bin-edges": [
        500,
        700,
        800,
        1000,
        1200,
        1400,
        1600,
        1800,
        2000,
        2250,
        2500,
        2750,
        3000,
        3250,
        3500,
        1000000000
    ]
}