{
    "data": [
        66.10492390470047,
        10.220047836149991,
        8.864341819700014,
        3.1548801578050205,
        1.2834568661849979,
        0.5836949578605013,
        0.2849784496444992,
        0.14731172209150004,
        0.09336702069500029,
        0.04465706111250003,
        0.02300558944719987,
        0.0122582651216,
        0.006678384532694987,
        0.0036095129077499954,
        0.004900449632392907
    ],
    "SM": [
        65.61906235650972,
        10.38050216039982,
        8.835813633597864,
        3.1335590750012186,
        1.2980146820799865,
        0.5729707736700375,
        0.28023728287500754,
        0.14706708637500376,
        0.0932601827299735,
        0.044038577270002995,
        0.023199656696706497,
        0.011879585303299066,
        0.006597966175499369,
        0.003636198824499583,
        0.004683594400000187
    ],
    "bin-edges": [
        500,
        700,
        800,
        1000,
        1200,
        1400,
        1600,
        1800,
        2000,
        2250,
        2500,
        2750,
        3000,
        3250,
        3500,
        1000000000
    ]
}