{
    "data": [
        65.8762456443,
        10.417461051500005,
        8.853927834349989,
        3.1523971284350156,
        1.2776980382549952,
        0.5834205476895004,
        0.2815198170115003,
        0.14793983425300056,
        0.09224146008100019,
        0.04498994827900006,
        0.022724280104799977,
        0.012155383978200034,
        0.00657517246499999,
        0.0035553006033950028,
        0.004784846525008486
    ],
    "SM": [
        65.61906235650972,
        10.38050216039982,
        8.835813633597864,
        3.1335590750012186,
        1.2980146820799865,
        0.5729707736700375,
        0.28023728287500754,
        0.14706708637500376,
        0.0932601827299735,
        0.044038577270002995,
        0.023199656696706497,
        0.011879585303299066,
        0.006597966175499369,
        0.003636198824499583,
        0.004683594400000187
    ],
    "bin-edges": [
        500,
        700,
        800,
        1000,
        1200,
        1400,
        1600,
        1800,
        2000,
        2250,
        2500,
        2750,
        3000,
        3250,
        3500,
        1000000000
    ]
}