{
    "data": [
        65.78997741838272,
        10.395262357950493,
        8.826423106049386,
        3.137114353500146,
        1.2690314403603038,
        0.5780023411290083,
        0.27818205994153056,
        0.1457677950695122,
        0.0905039404974999,
        0.04392448950249995,
        0.022050421263803653,
        0.011732972736200987,
        0.006300756299689025,
        0.003377081500310267,
        0.004436157409999599
    ],
    "SM": [
        65.61906235650972,
        10.38050216039982,
        8.835813633597864,
        3.1335590750012186,
        1.2980146820799865,
        0.5729707736700375,
        0.28023728287500754,
        0.14706708637500376,
        0.0932601827299735,
        0.044038577270002995,
        0.023199656696706497,
        0.011879585303299066,
        0.006597966175499369,
        0.003636198824499583,
        0.004683594400000187
    ],
    "bin-edges": [
        500,
        700,
        800,
        1000,
        1200,
        1400,
        1600,
        1800,
        2000,
        2250,
        2500,
        2750,
        3000,
        3250,
        3500,
        1000000000
    ]
}