{
    "data": [
        66.22505206585036,
        10.154487421400033,
        8.818244956450005,
        3.153055872195006,
        1.2835126302249997,
        0.5825737182129991,
        0.28470220576349986,
        0.14968242105399984,
        0.0926337318780001,
        0.045512109490000105,
        0.02307961726369994,
        0.012116305435550005,
        0.0066582031655400015,
        0.0036000878573800143,
        0.004891414168788231
    ],
    "SM": [
        65.61906235650972,
        10.38050216039982,
        8.835813633597864,
        3.1335590750012186,
        1.2980146820799865,
        0.5729707736700375,
        0.28023728287500754,
        0.14706708637500376,
        0.0932601827299735,
        0.044038577270002995,
        0.023199656696706497,
        0.011879585303299066,
        0.006597966175499369,
        0.003636198824499583,
        0.004683594400000187
    ],
    "bin-edges": [
        500,
        700,
        800,
        1000,
        1200,
        1400,
        1600,
        1800,
        2000,
        2250,
        2500,
        2750,
        3000,
        3250,
        3500,
        1000000000
    ]
}