{
    "data": [
        64.7152880019501,
        10.009551171050017,
        8.363813868300005,
        2.920653458729998,
        1.1579924997909998,
        0.5073828665135001,
        0.2337348639809998,
        0.11930305482500021,
        0.06981558532344927,
        0.03088321012685003,
        0.014945481167740025,
        0.007508331768181509,
        0.003909075072890983,
        0.002106139642779493,
        0.012473076304257
    ],
    "SM": [
        65.61906235650972,
        10.38050216039982,
        8.835813633597864,
        3.1335590750012186,
        1.2980146820799865,
        0.5729707736700375,
        0.28023728287500754,
        0.14706708637500376,
        0.0932601827299735,
        0.044038577270002995,
        0.023199656696706497,
        0.011879585303299066,
        0.006597966175499369,
        0.003636198824499583,
        0.004683594400000187
    ],
    "bin-edges": [
        500,
        700,
        800,
        1000,
        1200,
        1400,
        1600,
        1800,
        2000,
        2250,
        2500,
        2750,
        3000,
        3250,
        3500,
        1000000000
    ]
}