{
    "data": [
        65.83810148240023,
        10.284950417400031,
        8.815808329750036,
        3.1222101978849874,
        1.2660375010850005,
        0.5717224290195007,
        0.27602341356250015,
        0.1476437527435002,
        0.0884394725225,
        0.04328846622250009,
        0.021327984383500066,
        0.01105511529129997,
        0.005860367514920022,
        0.003212499398595019,
        0.021799040812410544
    ],
    "SM": [
        65.61906235650972,
        10.38050216039982,
        8.835813633597864,
        3.1335590750012186,
        1.2980146820799865,
        0.5729707736700375,
        0.28023728287500754,
        0.14706708637500376,
        0.0932601827299735,
        0.044038577270002995,
        0.023199656696706497,
        0.011879585303299066,
        0.006597966175499369,
        0.003636198824499583,
        0.004683594400000187
    ],
    "bin-edges": [
        500,
        700,
        800,
        1000,
        1200,
        1400,
        1600,
        1800,
        2000,
        2250,
        2500,
        2750,
        3000,
        3250,
        3500,
        1000000000
    ]
}