{
    "data": [
        65.84508592564973,
        10.296740355200004,
        8.717220562949974,
        3.110086436130012,
        1.2662129212350022,
        0.5719353809359992,
        0.27266371836899944,
        0.14433206903100004,
        0.08903462634599969,
        0.04181896778950008,
        0.021164021952449995,
        0.011071894943300001,
        0.005901404789150002,
        0.003083631612510007,
        0.004845174330897966
    ],
    "SM": [
        65.61906235650972,
        10.38050216039982,
        8.835813633597864,
        3.1335590750012186,
        1.2980146820799865,
        0.5729707736700375,
        0.28023728287500754,
        0.14706708637500376,
        0.0932601827299735,
        0.044038577270002995,
        0.023199656696706497,
        0.011879585303299066,
        0.006597966175499369,
        0.003636198824499583,
        0.004683594400000187
    ],
    "bin-edges": [
        500,
        700,
        800,
        1000,
        1200,
        1400,
        1600,
        1800,
        2000,
        2250,
        2500,
        2750,
        3000,
        3250,
        3500,
        1000000000
    ]
}