{
    "data": [
        65.73949086595007,
        10.38228220920001,
        8.810355676000041,
        3.128201182715012,
        1.263987019290004,
        0.5748559874890007,
        0.27624908323600106,
        0.14451363861049954,
        0.08950479441299994,
        0.04331489696849992,
        0.021667110282050008,
        0.011494249997600037,
        0.006146851210384977,
        0.0032779797025000016,
        0.004249324336894745
    ],
    "SM": [
        65.61906235650972,
        10.38050216039982,
        8.835813633597864,
        3.1335590750012186,
        1.2980146820799865,
        0.5729707736700375,
        0.28023728287500754,
        0.14706708637500376,
        0.0932601827299735,
        0.044038577270002995,
        0.023199656696706497,
        0.011879585303299066,
        0.006597966175499369,
        0.003636198824499583,
        0.004683594400000187
    ],
    "bin-edges": [
        500,
        700,
        800,
        1000,
        1200,
        1400,
        1600,
        1800,
        2000,
        2250,
        2500,
        2750,
        3000,
        3250,
        3500,
        1000000000
    ]
}