{
    "data": [
        65.85316213204973,
        10.061799840050007,
        8.700284261849989,
        3.0888308972749865,
        1.2458939446700041,
        0.5596634170644987,
        0.2703764618059981,
        0.13989073979999989,
        0.08519004834300026,
        0.04082165130150004,
        0.020201009734150056,
        0.010326740459349984,
        0.005463004177864978,
        0.0028433893576549933,
        0.0038218732773506714
    ],
    "SM": [
        65.61906235650972,
        10.38050216039982,
        8.835813633597864,
        3.1335590750012186,
        1.2980146820799865,
        0.5729707736700375,
        0.28023728287500754,
        0.14706708637500376,
        0.0932601827299735,
        0.044038577270002995,
        0.023199656696706497,
        0.011879585303299066,
        0.006597966175499369,
        0.003636198824499583,
        0.004683594400000187
    ],
    "bin-edges": [
        500,
        700,
        800,
        1000,
        1200,
        1400,
        1600,
        1800,
        2000,
        2250,
        2500,
        2750,
        3000,
        3250,
        3500,
        1000000000
    ]
}