{
    "data": [
        65.90043852824927,
        10.42369070504999,
        8.861652419049943,
        3.156694836704987,
        1.2801390739400025,
        0.5849494610724993,
        0.2824636907189995,
        0.14855549083550007,
        0.09273553647600029,
        0.045294108050999884,
        0.02291750692585,
        0.012277108063150015,
        0.006654703221424995,
        0.0036072793237399954,
        0.004889261239209598
    ],
    "SM": [
        65.61906235650972,
        10.38050216039982,
        8.835813633597864,
        3.1335590750012186,
        1.2980146820799865,
        0.5729707736700375,
        0.28023728287500754,
        0.14706708637500376,
        0.0932601827299735,
        0.044038577270002995,
        0.023199656696706497,
        0.011879585303299066,
        0.006597966175499369,
        0.003636198824499583,
        0.004683594400000187
    ],
    "bin-edges": [
        500,
        700,
        800,
        1000,
        1200,
        1400,
        1600,
        1800,
        2000,
        2250,
        2500,
        2750,
        3000,
        3250,
        3500,
        1000000000
    ]
}