{
    "data": [
        66.24557316405007,
        10.176203083499997,
        8.801532704999989,
        3.1586008444199947,
        1.287061225155003,
        0.5742495527795008,
        0.28392224952199857,
        0.14964332111149992,
        0.09245516838919995,
        0.04629009231855007,
        0.02316145688834996,
        0.01220688546614999,
        0.0064734577491399915,
        0.003650498413064982,
        0.009108536258291581
    ],
    "SM": [
        65.61906235650972,
        10.38050216039982,
        8.835813633597864,
        3.1335590750012186,
        1.2980146820799865,
        0.5729707736700375,
        0.28023728287500754,
        0.14706708637500376,
        0.0932601827299735,
        0.044038577270002995,
        0.023199656696706497,
        0.011879585303299066,
        0.006597966175499369,
        0.003636198824499583,
        0.004683594400000187
    ],
    "bin-edges": [
        500,
        700,
        800,
        1000,
        1200,
        1400,
        1600,
        1800,
        2000,
        2250,
        2500,
        2750,
        3000,
        3250,
        3500,
        1000000000
    ]
}