{
    "data": [
        62.2636007116505,
        9.13481988303501,
        7.563275668129977,
        2.501184121850002,
        0.9297821216564982,
        0.3764806747676498,
        0.17026193948307963,
        0.08855840082420986,
        0.06407541807950008,
        0.05041273971780004,
        0.04705582593360025,
        0.05705734535631491,
        0.06779460763532466,
        0.1058416936108352,
        1.7218774972267734
    ],
    "SM": [
        65.61906235650972,
        10.38050216039982,
        8.835813633597864,
        3.1335590750012186,
        1.2980146820799865,
        0.5729707736700375,
        0.28023728287500754,
        0.14706708637500376,
        0.0932601827299735,
        0.044038577270002995,
        0.023199656696706497,
        0.011879585303299066,
        0.006597966175499369,
        0.003636198824499583,
        0.004683594400000187
    ],
    "bin-edges": [
        500,
        700,
        800,
        1000,
        1200,
        1400,
        1600,
        1800,
        2000,
        2250,
        2500,
        2750,
        3000,
        3250,
        3500,
        1000000000
    ]
}