{
    "data": [
        65.83135686384983,
        10.405907199549986,
        8.8396082203,
        3.144436649569993,
        1.273181084799998,
        0.5805946617130016,
        0.2797775876114998,
        0.14680508345000012,
        0.09133261492599996,
        0.0444318098879999,
        0.022370682450649985,
        0.011933312370149994,
        0.006430589265209985,
        0.0034611730088200125,
        0.00459879070814739
    ],
    "SM": [
        65.61906235650972,
        10.38050216039982,
        8.835813633597864,
        3.1335590750012186,
        1.2980146820799865,
        0.5729707736700375,
        0.28023728287500754,
        0.14706708637500376,
        0.0932601827299735,
        0.044038577270002995,
        0.023199656696706497,
        0.011879585303299066,
        0.006597966175499369,
        0.003636198824499583,
        0.004683594400000187
    ],
    "bin-edges": [
        500,
        700,
        800,
        1000,
        1200,
        1400,
        1600,
        1800,
        2000,
        2250,
        2500,
        2750,
        3000,
        3250,
        3500,
        1000000000
    ]
}