{
    "data": [
        63.95584812454987,
        9.569607688399998,
        8.06870053370003,
        2.7577133134949947,
        1.059678176943503,
        0.44028490186050073,
        0.19915267528200006,
        0.09580615820905021,
        0.055438080666360086,
        0.027337212810649953,
        0.01733715807315005,
        0.01602163122529999,
        0.01863378877574991,
        0.03046095192764004,
        1.0336318088711944
    ],
    "SM": [
        65.61906235650972,
        10.38050216039982,
        8.835813633597864,
        3.1335590750012186,
        1.2980146820799865,
        0.5729707736700375,
        0.28023728287500754,
        0.14706708637500376,
        0.0932601827299735,
        0.044038577270002995,
        0.023199656696706497,
        0.011879585303299066,
        0.006597966175499369,
        0.003636198824499583,
        0.004683594400000187
    ],
    "bin-edges": [
        500,
        700,
        800,
        1000,
        1200,
        1400,
        1600,
        1800,
        2000,
        2250,
        2500,
        2750,
        3000,
        3250,
        3500,
        1000000000
    ]
}