{
    "data": [
        66.0003699822001,
        10.3170303082,
        8.873961860999952,
        3.146239511529982,
        1.2854024565099977,
        0.5884144724465002,
        0.2834122183229995,
        0.14554433494699992,
        0.09173449575900022,
        0.04591444144900007,
        0.023037956707850134,
        0.01203309417909999,
        0.006565899835035016,
        0.003632361313370006,
        0.004851656620754725
    ],
    "SM": [
        65.61906235650972,
        10.38050216039982,
        8.835813633597864,
        3.1335590750012186,
        1.2980146820799865,
        0.5729707736700375,
        0.28023728287500754,
        0.14706708637500376,
        0.0932601827299735,
        0.044038577270002995,
        0.023199656696706497,
        0.011879585303299066,
        0.006597966175499369,
        0.003636198824499583,
        0.004683594400000187
    ],
    "bin-edges": [
        500,
        700,
        800,
        1000,
        1200,
        1400,
        1600,
        1800,
        2000,
        2250,
        2500,
        2750,
        3000,
        3250,
        3500,
        1000000000
    ]
}