{
    "data": [
        65.58859214410013,
        10.000184244200018,
        8.585990870350054,
        3.037781586510027,
        1.2162555525450025,
        0.5306751961484986,
        0.2546700256659995,
        0.1294389603655002,
        0.07656314322495003,
        0.03540585183829992,
        0.016471585204199918,
        0.007618826244955025,
        0.0038947996833150617,
        0.002616484907055004,
        0.31164792585190687
    ],
    "SM": [
        65.61906235650972,
        10.38050216039982,
        8.835813633597864,
        3.1335590750012186,
        1.2980146820799865,
        0.5729707736700375,
        0.28023728287500754,
        0.14706708637500376,
        0.0932601827299735,
        0.044038577270002995,
        0.023199656696706497,
        0.011879585303299066,
        0.006597966175499369,
        0.003636198824499583,
        0.004683594400000187
    ],
    "bin-edges": [
        500,
        700,
        800,
        1000,
        1200,
        1400,
        1600,
        1800,
        2000,
        2250,
        2500,
        2750,
        3000,
        3250,
        3500,
        1000000000
    ]
}