{
    "data": [
        65.94292992025052,
        10.067449644849994,
        8.743982223699973,
        3.1058564535349937,
        1.2526630403250032,
        0.5629315201180004,
        0.2694062471359995,
        0.14105756266700015,
        0.08630299490650017,
        0.04151140305550004,
        0.02037850802005007,
        0.010637137368200027,
        0.005464665165530022,
        0.0029429331229099934,
        0.010205202674053782
    ],
    "SM": [
        65.61906235650972,
        10.38050216039982,
        8.835813633597864,
        3.1335590750012186,
        1.2980146820799865,
        0.5729707736700375,
        0.28023728287500754,
        0.14706708637500376,
        0.0932601827299735,
        0.044038577270002995,
        0.023199656696706497,
        0.011879585303299066,
        0.006597966175499369,
        0.003636198824499583,
        0.004683594400000187
    ],
    "bin-edges": [
        500,
        700,
        800,
        1000,
        1200,
        1400,
        1600,
        1800,
        2000,
        2250,
        2500,
        2750,
        3000,
        3250,
        3500,
        1000000000
    ]
}