{
    "data": [
        66.00868333264971,
        10.319219083249987,
        8.876637864500005,
        3.1477047368350113,
        1.2862571419550022,
        0.5889363057830002,
        0.28374064546099986,
        0.1457608656955002,
        0.09190394430999962,
        0.04602128758949987,
        0.023105228895000128,
        0.012076759554700046,
        0.006593650243635024,
        0.0036513768562750114,
        0.004890558133956019
    ],
    "SM": [
        65.61906235650972,
        10.38050216039982,
        8.835813633597864,
        3.1335590750012186,
        1.2980146820799865,
        0.5729707736700375,
        0.28023728287500754,
        0.14706708637500376,
        0.0932601827299735,
        0.044038577270002995,
        0.023199656696706497,
        0.011879585303299066,
        0.006597966175499369,
        0.003636198824499583,
        0.004683594400000187
    ],
    "bin-edges": [
        500,
        700,
        800,
        1000,
        1200,
        1400,
        1600,
        1800,
        2000,
        2250,
        2500,
        2750,
        3000,
        3250,
        3500,
        1000000000
    ]
}