{
    "data": [
        65.96922766818541,
        10.185311878849893,
        8.82068270234757,
        3.1307117929186132,
        1.2696368933348117,
        0.5753926612750039,
        0.27974196857599964,
        0.1438804438939883,
        0.09061964261998086,
        0.043037647380002764,
        0.021923078525098016,
        0.01158307847490187,
        0.006225573810225954,
        0.0033265148897754435,
        0.0043401825300012735
    ],
    "SM": [
        65.61906235650972,
        10.38050216039982,
        8.835813633597864,
        3.1335590750012186,
        1.2980146820799865,
        0.5729707736700375,
        0.28023728287500754,
        0.14706708637500376,
        0.0932601827299735,
        0.044038577270002995,
        0.023199656696706497,
        0.011879585303299066,
        0.006597966175499369,
        0.003636198824499583,
        0.004683594400000187
    ],
    "bin-edges": [
        500,
        700,
        800,
        1000,
        1200,
        1400,
        1600,
        1800,
        2000,
        2250,
        2500,
        2750,
        3000,
        3250,
        3500,
        1000000000
    ]
}