{
    "data": [
        65.56295218210005,
        10.081665439200009,
        8.690915059000035,
        3.0593495219499887,
        1.2291630677450018,
        0.5513086498094997,
        0.2647233885930003,
        0.13416475480650034,
        0.08297322345354984,
        0.03862719901005005,
        0.0190505614958,
        0.009843809693899934,
        0.0051003443842550095,
        0.002650983081455006,
        0.003248408907579405
    ],
    "SM": [
        65.61906235650972,
        10.38050216039982,
        8.835813633597864,
        3.1335590750012186,
        1.2980146820799865,
        0.5729707736700375,
        0.28023728287500754,
        0.14706708637500376,
        0.0932601827299735,
        0.044038577270002995,
        0.023199656696706497,
        0.011879585303299066,
        0.006597966175499369,
        0.003636198824499583,
        0.004683594400000187
    ],
    "bin-edges": [
        500,
        700,
        800,
        1000,
        1200,
        1400,
        1600,
        1800,
        2000,
        2250,
        2500,
        2750,
        3000,
        3250,
        3500,
        1000000000
    ]
}