{
    "data": [
        66.13335281514978,
        10.283216977199997,
        8.792657996100006,
        3.1485426874850093,
        1.288228895204997,
        0.5861707712069995,
        0.28369962692449974,
        0.14693572574850045,
        0.09231062098600036,
        0.04574409309899999,
        0.02313571176564973,
        0.012119144957449975,
        0.006631009668015022,
        0.003650012461554997,
        0.004908670308156046
    ],
    "SM": [
        65.61906235650972,
        10.38050216039982,
        8.835813633597864,
        3.1335590750012186,
        1.2980146820799865,
        0.5729707736700375,
        0.28023728287500754,
        0.14706708637500376,
        0.0932601827299735,
        0.044038577270002995,
        0.023199656696706497,
        0.011879585303299066,
        0.006597966175499369,
        0.003636198824499583,
        0.004683594400000187
    ],
    "bin-edges": [
        500,
        700,
        800,
        1000,
        1200,
        1400,
        1600,
        1800,
        2000,
        2250,
        2500,
        2750,
        3000,
        3250,
        3500,
        1000000000
    ]
}