{
    "data": [
        65.04333300129969,
        10.076181464299992,
        8.561052414650007,
        2.984139194744993,
        1.1857050855600015,
        0.5232489309740005,
        0.24603451441250004,
        0.12676817369750032,
        0.07315330457150011,
        0.033605876100749964,
        0.01575742906554996,
        0.007616247620885021,
        0.0038760493848734932,
        0.002146810892070002,
        0.10610646623689501
    ],
    "SM": [
        65.61906235650972,
        10.38050216039982,
        8.835813633597864,
        3.1335590750012186,
        1.2980146820799865,
        0.5729707736700375,
        0.28023728287500754,
        0.14706708637500376,
        0.0932601827299735,
        0.044038577270002995,
        0.023199656696706497,
        0.011879585303299066,
        0.006597966175499369,
        0.003636198824499583,
        0.004683594400000187
    ],
    "bin-edges": [
        500,
        700,
        800,
        1000,
        1200,
        1400,
        1600,
        1800,
        2000,
        2250,
        2500,
        2750,
        3000,
        3250,
        3500,
        1000000000
    ]
}