{
    "data": [
        65.9038957503501,
        10.424581093950014,
        8.862756683899965,
        3.1573094117800085,
        1.2804882812049998,
        0.585168282861001,
        0.2825988519855004,
        0.14864370253149944,
        0.09280638387049996,
        0.045337764387000115,
        0.022945270987449997,
        0.012294619027750009,
        0.006666160075844982,
        0.003614778445104997,
        0.004904418545249686
    ],
    "SM": [
        65.61906235650972,
        10.38050216039982,
        8.835813633597864,
        3.1335590750012186,
        1.2980146820799865,
        0.5729707736700375,
        0.28023728287500754,
        0.14706708637500376,
        0.0932601827299735,
        0.044038577270002995,
        0.023199656696706497,
        0.011879585303299066,
        0.006597966175499369,
        0.003636198824499583,
        0.004683594400000187
    ],
    "bin-edges": [
        500,
        700,
        800,
        1000,
        1200,
        1400,
        1600,
        1800,
        2000,
        2250,
        2500,
        2750,
        3000,
        3250,
        3500,
        1000000000
    ]
}