{
    "data": [
        65.19923291475034,
        9.899909035750007,
        8.49578243754997,
        2.9789422383699935,
        1.1825833284219984,
        0.5218614616620012,
        0.2473078371559984,
        0.1245677917835,
        0.07398772447870036,
        0.03414399479644998,
        0.016367998591095015,
        0.008144383334250006,
        0.004168497076441501,
        0.002147354956950511,
        0.004621739045781011
    ],
    "SM": [
        65.61906235650972,
        10.38050216039982,
        8.835813633597864,
        3.1335590750012186,
        1.2980146820799865,
        0.5729707736700375,
        0.28023728287500754,
        0.14706708637500376,
        0.0932601827299735,
        0.044038577270002995,
        0.023199656696706497,
        0.011879585303299066,
        0.006597966175499369,
        0.003636198824499583,
        0.004683594400000187
    ],
    "bin-edges": [
        500,
        700,
        800,
        1000,
        1200,
        1400,
        1600,
        1800,
        2000,
        2250,
        2500,
        2750,
        3000,
        3250,
        3500,
        1000000000
    ]
}