{
    "data": [
        34.20609596970205,
        6.760997708783592,
        1.9315699850099644,
        0.6567472285323521,
        0.25223759746850016,
        0.10049318838955759,
        0.045162301579486246,
        0.020753417536605732,
        0.010067410599017775,
        0.005691430089519008,
        0.004759947607649996,
        0.009181178704125006,
        0.3241239077080752
    ],
    "SM": [
        34.56364936589915,
        7.088210872585725,
        2.061399673244676,
        0.727174056910506,
        0.28785291505946387,
        0.12496182803960505,
        0.05966555133154265,
        0.028442229012138796,
        0.015114616666590275,
        0.007961931094105439,
        0.004312491630738567,
        0.002421457163248142,
        0.003287051221145139
    ],
    "bin-edges": [
        500,
        750,
        1000,
        1250,
        1500,
        1750,
        2000,
        2250,
        2500,
        2750,
        3000,
        3250,
        3500,
        1000000
    ]
}