{
    "data": [
        35.15450024747699,
        6.9756297595424135,
        2.053086569155214,
        0.7236340962041762,
        0.2875157649955747,
        0.12495613211897562,
        0.058633357862486205,
        0.02909973218084998,
        0.014647183055874993,
        0.007956702782500014,
        0.0043683348729250115,
        0.0023667183463749945,
        0.003128162732906103
    ],
    "SM": [
        34.56364936589915,
        7.088210872585725,
        2.061399673244676,
        0.727174056910506,
        0.28785291505946387,
        0.12496182803960505,
        0.05966555133154265,
        0.028442229012138796,
        0.015114616666590275,
        0.007961931094105439,
        0.004312491630738567,
        0.002421457163248142,
        0.003287051221145139
    ],
    "bin-edges": [
        500,
        750,
        1000,
        1250,
        1500,
        1750,
        2000,
        2250,
        2500,
        2750,
        3000,
        3250,
        3500,
        1000000
    ]
}