{
    "data": [
        34.58481254814485,
        7.071917590999537,
        2.060113477574266,
        0.7186662193405675,
        0.28394833789139867,
        0.12442066585657774,
        0.05769216837890836,
        0.02800131631728751,
        0.014266144263076047,
        0.007798775609862702,
        0.004033439826230505,
        0.0023240440769625005,
        0.03267164526540519
    ],
    "SM": [
        34.56364936589915,
        7.088210872585725,
        2.061399673244676,
        0.727174056910506,
        0.28785291505946387,
        0.12496182803960505,
        0.05966555133154265,
        0.028442229012138796,
        0.015114616666590275,
        0.007961931094105439,
        0.004312491630738567,
        0.002421457163248142,
        0.003287051221145139
    ],
    "bin-edges": [
        500,
        750,
        1000,
        1250,
        1500,
        1750,
        2000,
        2250,
        2500,
        2750,
        3000,
        3250,
        3500,
        1000000
    ]
}