{
    "data": [
        34.3535484621517,
        6.81854833128635,
        1.9482679421849771,
        0.68613054159165,
        0.2622259229499371,
        0.1100984501717541,
        0.04959345476038836,
        0.023782317948386554,
        0.011452734809616486,
        0.005720543402748754,
        0.002951963165006493,
        0.001512551727334003,
        0.004852785084981994
    ],
    "SM": [
        34.56364936589915,
        7.088210872585725,
        2.061399673244676,
        0.727174056910506,
        0.28785291505946387,
        0.12496182803960505,
        0.05966555133154265,
        0.028442229012138796,
        0.015114616666590275,
        0.007961931094105439,
        0.004312491630738567,
        0.002421457163248142,
        0.003287051221145139
    ],
    "bin-edges": [
        500,
        750,
        1000,
        1250,
        1500,
        1750,
        2000,
        2250,
        2500,
        2750,
        3000,
        3250,
        3500,
        1000000
    ]
}