{
    "data": [
        34.760564699867125,
        7.104167915809591,
        2.06388302964216,
        0.7108103329657846,
        0.28558031419504226,
        0.12653282566596072,
        0.05863218191891224,
        0.028505419429066366,
        0.014784187697594006,
        0.0077552653381240105,
        0.004047063535783026,
        0.0022965891010864477,
        0.007181785014592033
    ],
    "SM": [
        34.56364936589915,
        7.088210872585725,
        2.061399673244676,
        0.727174056910506,
        0.28785291505946387,
        0.12496182803960505,
        0.05966555133154265,
        0.028442229012138796,
        0.015114616666590275,
        0.007961931094105439,
        0.004312491630738567,
        0.002421457163248142,
        0.003287051221145139
    ],
    "bin-edges": [
        500,
        750,
        1000,
        1250,
        1500,
        1750,
        2000,
        2250,
        2500,
        2750,
        3000,
        3250,
        3500,
        1000000
    ]
}