{
    "data": [
        34.769808176250294,
        6.988922160630654,
        2.0331655049791566,
        0.7331082580671262,
        0.2882544200239729,
        0.12528796811418505,
        0.05860839546434517,
        0.029187240150474976,
        0.014973636066525008,
        0.007816592389924545,
        0.004294066530861229,
        0.0023323409348488242,
        0.0032588843811489133
    ],
    "SM": [
        34.56364936589915,
        7.088210872585725,
        2.061399673244676,
        0.727174056910506,
        0.28785291505946387,
        0.12496182803960505,
        0.05966555133154265,
        0.028442229012138796,
        0.015114616666590275,
        0.007961931094105439,
        0.004312491630738567,
        0.002421457163248142,
        0.003287051221145139
    ],
    "bin-edges": [
        500,
        750,
        1000,
        1250,
        1500,
        1750,
        2000,
        2250,
        2500,
        2750,
        3000,
        3250,
        3500,
        1000000
    ]
}