{
    "data": [
        34.50856761924835,
        6.881655994083662,
        1.9794825507458127,
        0.7032301120754899,
        0.2715773106560957,
        0.11546744673426233,
        0.052712496273175036,
        0.02560328740329251,
        0.012597865514494997,
        0.0063706259506275,
        0.0033350883845700056,
        0.001728499973369999,
        0.003738318363136763
    ],
    "SM": [
        34.56364936589915,
        7.088210872585725,
        2.061399673244676,
        0.727174056910506,
        0.28785291505946387,
        0.12496182803960505,
        0.05966555133154265,
        0.028442229012138796,
        0.015114616666590275,
        0.007961931094105439,
        0.004312491630738567,
        0.002421457163248142,
        0.003287051221145139
    ],
    "bin-edges": [
        500,
        750,
        1000,
        1250,
        1500,
        1750,
        2000,
        2250,
        2500,
        2750,
        3000,
        3250,
        3500,
        1000000
    ]
}