{
    "data": [
        35.12578643430401,
        6.035388350321755,
        2.095766254244203,
        0.7787182332029157,
        0.2863731249474999,
        0.126050564076476,
        0.05839553958300021,
        0.028922052503000003,
        0.014621354819249961,
        0.00759091953386644,
        0.0046155038358287655,
        0.002109746815068493,
        0.00482331179077055
    ],
    "SM": [
        34.56364936589915,
        7.088210872585725,
        2.061399673244676,
        0.727174056910506,
        0.28785291505946387,
        0.12496182803960505,
        0.05966555133154265,
        0.028442229012138796,
        0.015114616666590275,
        0.007961931094105439,
        0.004312491630738567,
        0.002421457163248142,
        0.003287051221145139
    ],
    "bin-edges": [
        500,
        750,
        1000,
        1250,
        1500,
        1750,
        2000,
        2250,
        2500,
        2750,
        3000,
        3250,
        3500,
        1000000
    ]
}