{
    "data": [
        34.8411973400977,
        6.843385020659903,
        1.9864923671627304,
        0.6889721401814285,
        0.2677569438404303,
        0.11344221579587495,
        0.051547418606175184,
        0.024879124418207468,
        0.01199520175535749,
        0.006262777655234995,
        0.0032539339131167416,
        0.0016708312024725019,
        0.0024517429917682364
    ],
    "SM": [
        34.56364936589915,
        7.088210872585725,
        2.061399673244676,
        0.727174056910506,
        0.28785291505946387,
        0.12496182803960505,
        0.05966555133154265,
        0.028442229012138796,
        0.015114616666590275,
        0.007961931094105439,
        0.004312491630738567,
        0.002421457163248142,
        0.003287051221145139
    ],
    "bin-edges": [
        500,
        750,
        1000,
        1250,
        1500,
        1750,
        2000,
        2250,
        2500,
        2750,
        3000,
        3250,
        3500,
        1000000
    ]
}