{
    "data": [
        34.73868117091534,
        6.976082141339296,
        2.026699404807293,
        0.7294796717843466,
        0.28620800615281755,
        0.12406792825536744,
        0.057864626725429975,
        0.028726944854799975,
        0.014661746501595001,
        0.007621583718338996,
        0.004159707341857501,
        0.002244902870548245,
        0.0032245585165772473
    ],
    "SM": [
        34.56364936589915,
        7.088210872585725,
        2.061399673244676,
        0.727174056910506,
        0.28785291505946387,
        0.12496182803960505,
        0.05966555133154265,
        0.028442229012138796,
        0.015114616666590275,
        0.007961931094105439,
        0.004312491630738567,
        0.002421457163248142,
        0.003287051221145139
    ],
    "bin-edges": [
        500,
        750,
        1000,
        1250,
        1500,
        1750,
        2000,
        2250,
        2500,
        2750,
        3000,
        3250,
        3500,
        1000000
    ]
}