{
    "data": [
        34.44534327996523,
        5.847269764671829,
        1.9888081888999156,
        0.7146647478757467,
        0.25145241095872556,
        0.10596078766667409,
        0.04636327925607525,
        0.021547653319324987,
        0.010041654794274994,
        0.00507056726674794,
        0.0026274263978458908,
        0.0014794466938698632,
        0.01791859313356165
    ],
    "SM": [
        34.56364936589915,
        7.088210872585725,
        2.061399673244676,
        0.727174056910506,
        0.28785291505946387,
        0.12496182803960505,
        0.05966555133154265,
        0.028442229012138796,
        0.015114616666590275,
        0.007961931094105439,
        0.004312491630738567,
        0.002421457163248142,
        0.003287051221145139
    ],
    "bin-edges": [
        500,
        750,
        1000,
        1250,
        1500,
        1750,
        2000,
        2250,
        2500,
        2750,
        3000,
        3250,
        3500,
        1000000
    ]
}