{
    "data": [
        34.79477656885832,
        7.214719579041278,
        2.0543333725232205,
        0.7152513042760268,
        0.2888126587578728,
        0.12610246781550002,
        0.058875223033575196,
        0.02890296034927497,
        0.014860614556699993,
        0.00792230563347501,
        0.004295502381300002,
        0.0023863974481500004,
        0.0031554044437155336
    ],
    "SM": [
        34.56364936589915,
        7.088210872585725,
        2.061399673244676,
        0.727174056910506,
        0.28785291505946387,
        0.12496182803960505,
        0.05966555133154265,
        0.028442229012138796,
        0.015114616666590275,
        0.007961931094105439,
        0.004312491630738567,
        0.002421457163248142,
        0.003287051221145139
    ],
    "bin-edges": [
        500,
        750,
        1000,
        1250,
        1500,
        1750,
        2000,
        2250,
        2500,
        2750,
        3000,
        3250,
        3500,
        1000000
    ]
}