{
    "data": [
        34.306470021228954,
        6.915518294328774,
        1.9773493841359093,
        0.682106764664814,
        0.2633514534265756,
        0.11280101983687103,
        0.05106674809220244,
        0.024150288703425924,
        0.011481859362630494,
        0.005645079987444758,
        0.003006451488054994,
        0.0016104103340305023,
        0.012858785930175719
    ],
    "SM": [
        34.56364936589915,
        7.088210872585725,
        2.061399673244676,
        0.727174056910506,
        0.28785291505946387,
        0.12496182803960505,
        0.05966555133154265,
        0.028442229012138796,
        0.015114616666590275,
        0.007961931094105439,
        0.004312491630738567,
        0.002421457163248142,
        0.003287051221145139
    ],
    "bin-edges": [
        500,
        750,
        1000,
        1250,
        1500,
        1750,
        2000,
        2250,
        2500,
        2750,
        3000,
        3250,
        3500,
        1000000
    ]
}