{
    "data": [
        34.416398928917616,
        6.850431521004356,
        1.9763007881319277,
        0.6801721029490804,
        0.26568692740414657,
        0.10803942213199731,
        0.04951270864273517,
        0.023073279315692995,
        0.01108640374654573,
        0.005733972274052503,
        0.0037821994038055072,
        0.004467582585075003,
        0.21142510001774925
    ],
    "SM": [
        34.56364936589915,
        7.088210872585725,
        2.061399673244676,
        0.727174056910506,
        0.28785291505946387,
        0.12496182803960505,
        0.05966555133154265,
        0.028442229012138796,
        0.015114616666590275,
        0.007961931094105439,
        0.004312491630738567,
        0.002421457163248142,
        0.003287051221145139
    ],
    "bin-edges": [
        500,
        750,
        1000,
        1250,
        1500,
        1750,
        2000,
        2250,
        2500,
        2750,
        3000,
        3250,
        3500,
        1000000
    ]
}