{
    "data": [
        34.0240569798485,
        6.685819731456282,
        1.8835786540080293,
        0.6514142712600055,
        0.24375677499651793,
        0.09987155241636682,
        0.043945310166876236,
        0.02070127042346396,
        0.009702415067543737,
        0.004875266565359003,
        0.002617192445425494,
        0.001419411523670248,
        0.00929264253529102
    ],
    "SM": [
        34.56364936589915,
        7.088210872585725,
        2.061399673244676,
        0.727174056910506,
        0.28785291505946387,
        0.12496182803960505,
        0.05966555133154265,
        0.028442229012138796,
        0.015114616666590275,
        0.007961931094105439,
        0.004312491630738567,
        0.002421457163248142,
        0.003287051221145139
    ],
    "bin-edges": [
        500,
        750,
        1000,
        1250,
        1500,
        1750,
        2000,
        2250,
        2500,
        2750,
        3000,
        3250,
        3500,
        1000000
    ]
}