{
    "data": [
        34.74148111204425,
        6.990288182110404,
        2.047456250017639,
        0.7182990202440027,
        0.28843287712750687,
        0.12150777165321291,
        0.0581135295849538,
        0.028297119662782436,
        0.014110671618700018,
        0.007484055706577498,
        0.004159387133644999,
        0.0025586051021349995,
        0.03296493592927462
    ],
    "SM": [
        34.56364936589915,
        7.088210872585725,
        2.061399673244676,
        0.727174056910506,
        0.28785291505946387,
        0.12496182803960505,
        0.05966555133154265,
        0.028442229012138796,
        0.015114616666590275,
        0.007961931094105439,
        0.004312491630738567,
        0.002421457163248142,
        0.003287051221145139
    ],
    "bin-edges": [
        500,
        750,
        1000,
        1250,
        1500,
        1750,
        2000,
        2250,
        2500,
        2750,
        3000,
        3250,
        3500,
        1000000
    ]
}