{
    "data": [
        33.970860201097686,
        6.765649184689166,
        1.8944369085697184,
        0.6222634256228006,
        0.23632362641446003,
        0.09830319276408467,
        0.04195401301053507,
        0.018840034589928983,
        0.009328134738389726,
        0.004903872099708496,
        0.003022723023672504,
        0.0022421038569749993,
        0.11274753554017015
    ],
    "SM": [
        34.56364936589915,
        7.088210872585725,
        2.061399673244676,
        0.727174056910506,
        0.28785291505946387,
        0.12496182803960505,
        0.05966555133154265,
        0.028442229012138796,
        0.015114616666590275,
        0.007961931094105439,
        0.004312491630738567,
        0.002421457163248142,
        0.003287051221145139
    ],
    "bin-edges": [
        500,
        750,
        1000,
        1250,
        1500,
        1750,
        2000,
        2250,
        2500,
        2750,
        3000,
        3250,
        3500,
        1000000
    ]
}