{
    "data": [
        34.836693805377124,
        5.9548339161995125,
        2.0495802591788035,
        0.7507062031166927,
        0.27086017263275225,
        0.11696329771639022,
        0.05279072072074982,
        0.025366290419750005,
        0.012313107057250007,
        0.006236537994154107,
        0.00345805899939041,
        0.001699339667465753,
        0.009353142903767124
    ],
    "SM": [
        34.56364936589915,
        7.088210872585725,
        2.061399673244676,
        0.727174056910506,
        0.28785291505946387,
        0.12496182803960505,
        0.05966555133154265,
        0.028442229012138796,
        0.015114616666590275,
        0.007961931094105439,
        0.004312491630738567,
        0.002421457163248142,
        0.003287051221145139
    ],
    "bin-edges": [
        500,
        750,
        1000,
        1250,
        1500,
        1750,
        2000,
        2250,
        2500,
        2750,
        3000,
        3250,
        3500,
        1000000
    ]
}