{
    "data": [
        35.131113064082506,
        6.965700421018616,
        2.048045498866899,
        0.7209831606339252,
        0.2859850525253757,
        0.12405000719642463,
        0.05806509978829244,
        0.028753651230150053,
        0.014423736590900009,
        0.007809425794274997,
        0.004267601395499994,
        0.002300868630125,
        0.0030244148576309866
    ],
    "SM": [
        34.56364936589915,
        7.088210872585725,
        2.061399673244676,
        0.727174056910506,
        0.28785291505946387,
        0.12496182803960505,
        0.05966555133154265,
        0.028442229012138796,
        0.015114616666590275,
        0.007961931094105439,
        0.004312491630738567,
        0.002421457163248142,
        0.003287051221145139
    ],
    "bin-edges": [
        500,
        750,
        1000,
        1250,
        1500,
        1750,
        2000,
        2250,
        2500,
        2750,
        3000,
        3250,
        3500,
        1000000
    ]
}