{
    "data": [
        34.55656774296424,
        7.0156103154708145,
        2.018741551274676,
        0.6866105886929974,
        0.2716368584952748,
        0.1182015509614463,
        0.053387440567650164,
        0.025181736630302026,
        0.012659104065900541,
        0.006348173593199812,
        0.003217235368499996,
        0.0017874960905999973,
        0.03386229346501037
    ],
    "SM": [
        34.56364936589915,
        7.088210872585725,
        2.061399673244676,
        0.727174056910506,
        0.28785291505946387,
        0.12496182803960505,
        0.05966555133154265,
        0.028442229012138796,
        0.015114616666590275,
        0.007961931094105439,
        0.004312491630738567,
        0.002421457163248142,
        0.003287051221145139
    ],
    "bin-edges": [
        500,
        750,
        1000,
        1250,
        1500,
        1750,
        2000,
        2250,
        2500,
        2750,
        3000,
        3250,
        3500,
        1000000
    ]
}